Workbook

Sheet Roster
A1: For public domain. No rights reserved. Generated on Mar 08, 2026.
A2: Howell Tournament
A3: Pairs | C3: 14
A4: Tables | C4: 7
A5: Rounds | C5: 13
A6: Boards per round | C6: 2
A7: Total Boards to play | C7: 26
A9: Pairs | D9: MP | E9: IMP
A10: 1 | B10: Name 62 | C10: Name 52 | D10: =SUMIF('By Board'!$D$3:$D$184,"=1",'By Board'!$O$3:$O$184)/26+SUMIF('By Board'!$E$3:$E$184,"=1",'By Board'!$P$3:$P$184)/26 | E10: =SUMIF('By Board'!$D$3:$D$184,"=1",'By Board'!$M$3:$M$184)+SUMIF('By Board'!$E$3:$E$184,"=1",'By Board'!$N$3:$N$184)
A11: 2 | B11: Name 44 | C11: Name 62 | D11: =SUMIF('By Board'!$D$3:$D$184,"=2",'By Board'!$O$3:$O$184)/26+SUMIF('By Board'!$E$3:$E$184,"=2",'By Board'!$P$3:$P$184)/26 | E11: =SUMIF('By Board'!$D$3:$D$184,"=2",'By Board'!$M$3:$M$184)+SUMIF('By Board'!$E$3:$E$184,"=2",'By Board'!$N$3:$N$184)
A12: 3 | B12: Name 12 | C12: Name 19 | D12: =SUMIF('By Board'!$D$3:$D$184,"=3",'By Board'!$O$3:$O$184)/26+SUMIF('By Board'!$E$3:$E$184,"=3",'By Board'!$P$3:$P$184)/26 | E12: =SUMIF('By Board'!$D$3:$D$184,"=3",'By Board'!$M$3:$M$184)+SUMIF('By Board'!$E$3:$E$184,"=3",'By Board'!$N$3:$N$184)
A13: 4 | B13: Name 75 | C13: Name 34 | D13: =SUMIF('By Board'!$D$3:$D$184,"=4",'By Board'!$O$3:$O$184)/26+SUMIF('By Board'!$E$3:$E$184,"=4",'By Board'!$P$3:$P$184)/26 | E13: =SUMIF('By Board'!$D$3:$D$184,"=4",'By Board'!$M$3:$M$184)+SUMIF('By Board'!$E$3:$E$184,"=4",'By Board'!$N$3:$N$184)
A14: 5 | B14: Name 50 | C14: Name 22 | D14: =SUMIF('By Board'!$D$3:$D$184,"=5",'By Board'!$O$3:$O$184)/26+SUMIF('By Board'!$E$3:$E$184,"=5",'By Board'!$P$3:$P$184)/26 | E14: =SUMIF('By Board'!$D$3:$D$184,"=5",'By Board'!$M$3:$M$184)+SUMIF('By Board'!$E$3:$E$184,"=5",'By Board'!$N$3:$N$184)
A15: 6 | B15: Name 42 | C15: Name 20 | D15: =SUMIF('By Board'!$D$3:$D$184,"=6",'By Board'!$O$3:$O$184)/26+SUMIF('By Board'!$E$3:$E$184,"=6",'By Board'!$P$3:$P$184)/26 | E15: =SUMIF('By Board'!$D$3:$D$184,"=6",'By Board'!$M$3:$M$184)+SUMIF('By Board'!$E$3:$E$184,"=6",'By Board'!$N$3:$N$184)
A16: 7 | B16: Name 90 | C16: Name 41 | D16: =SUMIF('By Board'!$D$3:$D$184,"=7",'By Board'!$O$3:$O$184)/26+SUMIF('By Board'!$E$3:$E$184,"=7",'By Board'!$P$3:$P$184)/26 | E16: =SUMIF('By Board'!$D$3:$D$184,"=7",'By Board'!$M$3:$M$184)+SUMIF('By Board'!$E$3:$E$184,"=7",'By Board'!$N$3:$N$184)
A17: 8 | B17: Name 26 | C17: Name 70 | D17: =SUMIF('By Board'!$D$3:$D$184,"=8",'By Board'!$O$3:$O$184)/26+SUMIF('By Board'!$E$3:$E$184,"=8",'By Board'!$P$3:$P$184)/26 | E17: =SUMIF('By Board'!$D$3:$D$184,"=8",'By Board'!$M$3:$M$184)+SUMIF('By Board'!$E$3:$E$184,"=8",'By Board'!$N$3:$N$184)
A18: 9 | B18: Name 30 | C18: Name 56 | D18: =SUMIF('By Board'!$D$3:$D$184,"=9",'By Board'!$O$3:$O$184)/26+SUMIF('By Board'!$E$3:$E$184,"=9",'By Board'!$P$3:$P$184)/26 | E18: =SUMIF('By Board'!$D$3:$D$184,"=9",'By Board'!$M$3:$M$184)+SUMIF('By Board'!$E$3:$E$184,"=9",'By Board'!$N$3:$N$184)
A19: 10 | B19: Name 26 | C19: Name 34 | D19: =SUMIF('By Board'!$D$3:$D$184,"=10",'By Board'!$O$3:$O$184)/26+SUMIF('By Board'!$E$3:$E$184,"=10",'By Board'!$P$3:$P$184)/26 | E19: =SUMIF('By Board'!$D$3:$D$184,"=10",'By Board'!$M$3:$M$184)+SUMIF('By Board'!$E$3:$E$184,"=10",'By Board'!$N$3:$N$184)
A20: 11 | B20: Name 59 | C20: Name 82 | D20: =SUMIF('By Board'!$D$3:$D$184,"=11",'By Board'!$O$3:$O$184)/26+SUMIF('By Board'!$E$3:$E$184,"=11",'By Board'!$P$3:$P$184)/26 | E20: =SUMIF('By Board'!$D$3:$D$184,"=11",'By Board'!$M$3:$M$184)+SUMIF('By Board'!$E$3:$E$184,"=11",'By Board'!$N$3:$N$184)
A21: 12 | B21: Name 82 | C21: Name 69 | D21: =SUMIF('By Board'!$D$3:$D$184,"=12",'By Board'!$O$3:$O$184)/26+SUMIF('By Board'!$E$3:$E$184,"=12",'By Board'!$P$3:$P$184)/26 | E21: =SUMIF('By Board'!$D$3:$D$184,"=12",'By Board'!$M$3:$M$184)+SUMIF('By Board'!$E$3:$E$184,"=12",'By Board'!$N$3:$N$184)
A22: 13 | B22: Name 30 | C22: Name 51 | D22: =SUMIF('By Board'!$D$3:$D$184,"=13",'By Board'!$O$3:$O$184)/26+SUMIF('By Board'!$E$3:$E$184,"=13",'By Board'!$P$3:$P$184)/26 | E22: =SUMIF('By Board'!$D$3:$D$184,"=13",'By Board'!$M$3:$M$184)+SUMIF('By Board'!$E$3:$E$184,"=13",'By Board'!$N$3:$N$184)
A23: 14 | B23: Name 53 | C23: Name 27 | D23: =SUMIF('By Board'!$D$3:$D$184,"=14",'By Board'!$O$3:$O$184)/26+0/26 | E23: =SUMIF('By Board'!$D$3:$D$184,"=14",'By Board'!$M$3:$M$184)+0
D24: =AVERAGE(D10:D23) | E24: =SUM(E10:E23)

Sheet By Board
I1: Result | K1: Score | M1: IMP | O1: MP % | Q1: MP Pts | S1: Net | U1: MP Calculation | AG1: IMP Calculation
A2: Board | B2: Round | C2: Table | D2: NS | E2: EW | F2: Vul | G2: Contract | H2: By | I2: Made | J2: Down | K2: NS | L2: EW | M2: NS | N2: EW | O2: NS | P2: EW | Q2: NS | R2: EW | S2: NS | T2: EW | U2: NS MP Scores | AA2: EW MP Scores | AG2: NS IMP Pair-wise | AM2: EW IMP Pair-wise
A3: 1 | B3: ='By Round'!A157 | C3: ='By Round'!B159 | D3: ='By Round'!C159 | E3: ='By Round'!D159 | F3: =IF(ISBLANK('By Round'!F159),"",'By Round'!F159) | G3: =IF(ISBLANK('By Round'!G159),"",'By Round'!G159) | H3: =IF(ISBLANK('By Round'!H159),"",'By Round'!H159) | I3: =IF(ISBLANK('By Round'!I159),"",'By Round'!I159) | J3: =IF(ISBLANK('By Round'!J159),"",'By Round'!J159) | K3: =IF(ISBLANK('By Round'!K159),"",'By Round'!K159) | L3: =IF(ISBLANK('By Round'!L159),"",'By Round'!L159) | M3: =AVERAGE(AG3:AL3) | N3: =AVERAGE(AM3:AR3) | O3: =IF(COUNT(U3:Z3)>0,Q3/COUNT(U3:Z3),0.5) | P3: =IF(COUNT(AA3:AF3)>0,R3/COUNT(AA3:AF3),0.5) | Q3: =SUM(U3:Z3) | R3: =SUM(AA3:AF3) | S3: =IF(ISNUMBER(K3),K3,IF(ISNUMBER(L3),-L3,"")) | T3: =IF(ISNUMBER(L3),L3,IF(ISNUMBER(K3),-K3,"")) | U3: =IF(ISNUMBER(S3),IF(ISNUMBER(S4),IF(S3>S4,1.0,IF(S3=S4,0.5,0.0)),""),"") | V3: =IF(ISNUMBER(S3),IF(ISNUMBER(S5),IF(S3>S5,1.0,IF(S3=S5,0.5,0.0)),""),"") | W3: =IF(ISNUMBER(S3),IF(ISNUMBER(S6),IF(S3>S6,1.0,IF(S3=S6,0.5,0.0)),""),"") | X3: =IF(ISNUMBER(S3),IF(ISNUMBER(S7),IF(S3>S7,1.0,IF(S3=S7,0.5,0.0)),""),"") | Y3: =IF(ISNUMBER(S3),IF(ISNUMBER(S8),IF(S3>S8,1.0,IF(S3=S8,0.5,0.0)),""),"") | Z3: =IF(ISNUMBER(S3),IF(ISNUMBER(S9),IF(S3>S9,1.0,IF(S3=S9,0.5,0.0)),""),"") | AA3: =IF(ISNUMBER(T3),IF(ISNUMBER(T4),IF(T3>T4,1.0,IF(T3=T4,0.5,0.0)),""),"") | AB3: =IF(ISNUMBER(T3),IF(ISNUMBER(T5),IF(T3>T5,1.0,IF(T3=T5,0.5,0.0)),""),"") | AC3: =IF(ISNUMBER(T3),IF(ISNUMBER(T6),IF(T3>T6,1.0,IF(T3=T6,0.5,0.0)),""),"") | AD3: =IF(ISNUMBER(T3),IF(ISNUMBER(T7),IF(T3>T7,1.0,IF(T3=T7,0.5,0.0)),""),"") | AE3: =IF(ISNUMBER(T3),IF(ISNUMBER(T8),IF(T3>T8,1.0,IF(T3=T8,0.5,0.0)),""),"") | AF3: =IF(ISNUMBER(T3),IF(ISNUMBER(T9),IF(T3>T9,1.0,IF(T3=T9,0.5,0.0)),""),"") | AG3: =IF(AND(ISNUMBER(S3),ISNUMBER(S4)),VLOOKUP(ABS(S3-S4),'IMP Table'!$A$2:$C$26,3)*SIGN(S3-S4),0) | AH3: =IF(AND(ISNUMBER(S3),ISNUMBER(S5)),VLOOKUP(ABS(S3-S5),'IMP Table'!$A$2:$C$26,3)*SIGN(S3-S5),0) | AI3: =IF(AND(ISNUMBER(S3),ISNUMBER(S6)),VLOOKUP(ABS(S3-S6),'IMP Table'!$A$2:$C$26,3)*SIGN(S3-S6),0) | AJ3: =IF(AND(ISNUMBER(S3),ISNUMBER(S7)),VLOOKUP(ABS(S3-S7),'IMP Table'!$A$2:$C$26,3)*SIGN(S3-S7),0) | AK3: =IF(AND(ISNUMBER(S3),ISNUMBER(S8)),VLOOKUP(ABS(S3-S8),'IMP Table'!$A$2:$C$26,3)*SIGN(S3-S8),0) | AL3: =IF(AND(ISNUMBER(S3),ISNUMBER(S9)),VLOOKUP(ABS(S3-S9),'IMP Table'!$A$2:$C$26,3)*SIGN(S3-S9),0) | AM3: =IF(AND(ISNUMBER(T3),ISNUMBER(T4)),VLOOKUP(ABS(T3-T4),'IMP Table'!$A$2:$C$26,3)*SIGN(T3-T4),0) | AN3: =IF(AND(ISNUMBER(T3),ISNUMBER(T5)),VLOOKUP(ABS(T3-T5),'IMP Table'!$A$2:$C$26,3)*SIGN(T3-T5),0) | AO3: =IF(AND(ISNUMBER(T3),ISNUMBER(T6)),VLOOKUP(ABS(T3-T6),'IMP Table'!$A$2:$C$26,3)*SIGN(T3-T6),0) | AP3: =IF(AND(ISNUMBER(T3),ISNUMBER(T7)),VLOOKUP(ABS(T3-T7),'IMP Table'!$A$2:$C$26,3)*SIGN(T3-T7),0) | AQ3: =IF(AND(ISNUMBER(T3),ISNUMBER(T8)),VLOOKUP(ABS(T3-T8),'IMP Table'!$A$2:$C$26,3)*SIGN(T3-T8),0) | AR3: =IF(AND(ISNUMBER(T3),ISNUMBER(T9)),VLOOKUP(ABS(T3-T9),'IMP Table'!$A$2:$C$26,3)*SIGN(T3-T9),0)
B4: ='By Round'!A129 | C4: ='By Round'!B135 | D4: ='By Round'!C135 | E4: ='By Round'!D135 | F4: =IF(ISBLANK('By Round'!F135),"",'By Round'!F135) | G4: =IF(ISBLANK('By Round'!G135),"",'By Round'!G135) | H4: =IF(ISBLANK('By Round'!H135),"",'By Round'!H135) | I4: =IF(ISBLANK('By Round'!I135),"",'By Round'!I135) | J4: =IF(ISBLANK('By Round'!J135),"",'By Round'!J135) | K4: =IF(ISBLANK('By Round'!K135),"",'By Round'!K135) | L4: =IF(ISBLANK('By Round'!L135),"",'By Round'!L135) | M4: =AVERAGE(AG4:AL4) | N4: =AVERAGE(AM4:AR4) | O4: =IF(COUNT(U4:Z4)>0,Q4/COUNT(U4:Z4),0.5) | P4: =IF(COUNT(AA4:AF4)>0,R4/COUNT(AA4:AF4),0.5) | Q4: =SUM(U4:Z4) | R4: =SUM(AA4:AF4) | S4: =IF(ISNUMBER(K4),K4,IF(ISNUMBER(L4),-L4,"")) | T4: =IF(ISNUMBER(L4),L4,IF(ISNUMBER(K4),-K4,"")) | U4: =IF(ISNUMBER(S4),IF(ISNUMBER(S3),IF(S4>S3,1.0,IF(S4=S3,0.5,0.0)),""),"") | V4: =IF(ISNUMBER(S4),IF(ISNUMBER(S5),IF(S4>S5,1.0,IF(S4=S5,0.5,0.0)),""),"") | W4: =IF(ISNUMBER(S4),IF(ISNUMBER(S6),IF(S4>S6,1.0,IF(S4=S6,0.5,0.0)),""),"") | X4: =IF(ISNUMBER(S4),IF(ISNUMBER(S7),IF(S4>S7,1.0,IF(S4=S7,0.5,0.0)),""),"") | Y4: =IF(ISNUMBER(S4),IF(ISNUMBER(S8),IF(S4>S8,1.0,IF(S4=S8,0.5,0.0)),""),"") | Z4: =IF(ISNUMBER(S4),IF(ISNUMBER(S9),IF(S4>S9,1.0,IF(S4=S9,0.5,0.0)),""),"") | AA4: =IF(ISNUMBER(T4),IF(ISNUMBER(T3),IF(T4>T3,1.0,IF(T4=T3,0.5,0.0)),""),"") | AB4: =IF(ISNUMBER(T4),IF(ISNUMBER(T5),IF(T4>T5,1.0,IF(T4=T5,0.5,0.0)),""),"") | AC4: =IF(ISNUMBER(T4),IF(ISNUMBER(T6),IF(T4>T6,1.0,IF(T4=T6,0.5,0.0)),""),"") | AD4: =IF(ISNUMBER(T4),IF(ISNUMBER(T7),IF(T4>T7,1.0,IF(T4=T7,0.5,0.0)),""),"") | AE4: =IF(ISNUMBER(T4),IF(ISNUMBER(T8),IF(T4>T8,1.0,IF(T4=T8,0.5,0.0)),""),"") | AF4: =IF(ISNUMBER(T4),IF(ISNUMBER(T9),IF(T4>T9,1.0,IF(T4=T9,0.5,0.0)),""),"") | AG4: =IF(AND(ISNUMBER(S4),ISNUMBER(S3)),VLOOKUP(ABS(S4-S3),'IMP Table'!$A$2:$C$26,3)*SIGN(S4-S3),0) | AH4: =IF(AND(ISNUMBER(S4),ISNUMBER(S5)),VLOOKUP(ABS(S4-S5),'IMP Table'!$A$2:$C$26,3)*SIGN(S4-S5),0) | AI4: =IF(AND(ISNUMBER(S4),ISNUMBER(S6)),VLOOKUP(ABS(S4-S6),'IMP Table'!$A$2:$C$26,3)*SIGN(S4-S6),0) | AJ4: =IF(AND(ISNUMBER(S4),ISNUMBER(S7)),VLOOKUP(ABS(S4-S7),'IMP Table'!$A$2:$C$26,3)*SIGN(S4-S7),0) | AK4: =IF(AND(ISNUMBER(S4),ISNUMBER(S8)),VLOOKUP(ABS(S4-S8),'IMP Table'!$A$2:$C$26,3)*SIGN(S4-S8),0) | AL4: =IF(AND(ISNUMBER(S4),ISNUMBER(S9)),VLOOKUP(ABS(S4-S9),'IMP Table'!$A$2:$C$26,3)*SIGN(S4-S9),0) | AM4: =IF(AND(ISNUMBER(T4),ISNUMBER(T3)),VLOOKUP(ABS(T4-T3),'IMP Table'!$A$2:$C$26,3)*SIGN(T4-T3),0) | AN4: =IF(AND(ISNUMBER(T4),ISNUMBER(T5)),VLOOKUP(ABS(T4-T5),'IMP Table'!$A$2:$C$26,3)*SIGN(T4-T5),0) | AO4: =IF(AND(ISNUMBER(T4),ISNUMBER(T6)),VLOOKUP(ABS(T4-T6),'IMP Table'!$A$2:$C$26,3)*SIGN(T4-T6),0) | AP4: =IF(AND(ISNUMBER(T4),ISNUMBER(T7)),VLOOKUP(ABS(T4-T7),'IMP Table'!$A$2:$C$26,3)*SIGN(T4-T7),0) | AQ4: =IF(AND(ISNUMBER(T4),ISNUMBER(T8)),VLOOKUP(ABS(T4-T8),'IMP Table'!$A$2:$C$26,3)*SIGN(T4-T8),0) | AR4: =IF(AND(ISNUMBER(T4),ISNUMBER(T9)),VLOOKUP(ABS(T4-T9),'IMP Table'!$A$2:$C$26,3)*SIGN(T4-T9),0)
B5: ='By Round'!A31 | C5: ='By Round'!B43 | D5: ='By Round'!C43 | E5: ='By Round'!D43 | F5: =IF(ISBLANK('By Round'!F43),"",'By Round'!F43) | G5: =IF(ISBLANK('By Round'!G43),"",'By Round'!G43) | H5: =IF(ISBLANK('By Round'!H43),"",'By Round'!H43) | I5: =IF(ISBLANK('By Round'!I43),"",'By Round'!I43) | J5: =IF(ISBLANK('By Round'!J43),"",'By Round'!J43) | K5: =IF(ISBLANK('By Round'!K43),"",'By Round'!K43) | L5: =IF(ISBLANK('By Round'!L43),"",'By Round'!L43) | M5: =AVERAGE(AG5:AL5) | N5: =AVERAGE(AM5:AR5) | O5: =IF(COUNT(U5:Z5)>0,Q5/COUNT(U5:Z5),0.5) | P5: =IF(COUNT(AA5:AF5)>0,R5/COUNT(AA5:AF5),0.5) | Q5: =SUM(U5:Z5) | R5: =SUM(AA5:AF5) | S5: =IF(ISNUMBER(K5),K5,IF(ISNUMBER(L5),-L5,"")) | T5: =IF(ISNUMBER(L5),L5,IF(ISNUMBER(K5),-K5,"")) | U5: =IF(ISNUMBER(S5),IF(ISNUMBER(S3),IF(S5>S3,1.0,IF(S5=S3,0.5,0.0)),""),"") | V5: =IF(ISNUMBER(S5),IF(ISNUMBER(S4),IF(S5>S4,1.0,IF(S5=S4,0.5,0.0)),""),"") | W5: =IF(ISNUMBER(S5),IF(ISNUMBER(S6),IF(S5>S6,1.0,IF(S5=S6,0.5,0.0)),""),"") | X5: =IF(ISNUMBER(S5),IF(ISNUMBER(S7),IF(S5>S7,1.0,IF(S5=S7,0.5,0.0)),""),"") | Y5: =IF(ISNUMBER(S5),IF(ISNUMBER(S8),IF(S5>S8,1.0,IF(S5=S8,0.5,0.0)),""),"") | Z5: =IF(ISNUMBER(S5),IF(ISNUMBER(S9),IF(S5>S9,1.0,IF(S5=S9,0.5,0.0)),""),"") | AA5: =IF(ISNUMBER(T5),IF(ISNUMBER(T3),IF(T5>T3,1.0,IF(T5=T3,0.5,0.0)),""),"") | AB5: =IF(ISNUMBER(T5),IF(ISNUMBER(T4),IF(T5>T4,1.0,IF(T5=T4,0.5,0.0)),""),"") | AC5: =IF(ISNUMBER(T5),IF(ISNUMBER(T6),IF(T5>T6,1.0,IF(T5=T6,0.5,0.0)),""),"") | AD5: =IF(ISNUMBER(T5),IF(ISNUMBER(T7),IF(T5>T7,1.0,IF(T5=T7,0.5,0.0)),""),"") | AE5: =IF(ISNUMBER(T5),IF(ISNUMBER(T8),IF(T5>T8,1.0,IF(T5=T8,0.5,0.0)),""),"") | AF5: =IF(ISNUMBER(T5),IF(ISNUMBER(T9),IF(T5>T9,1.0,IF(T5=T9,0.5,0.0)),""),"") | AG5: =IF(AND(ISNUMBER(S5),ISNUMBER(S3)),VLOOKUP(ABS(S5-S3),'IMP Table'!$A$2:$C$26,3)*SIGN(S5-S3),0) | AH5: =IF(AND(ISNUMBER(S5),ISNUMBER(S4)),VLOOKUP(ABS(S5-S4),'IMP Table'!$A$2:$C$26,3)*SIGN(S5-S4),0) | AI5: =IF(AND(ISNUMBER(S5),ISNUMBER(S6)),VLOOKUP(ABS(S5-S6),'IMP Table'!$A$2:$C$26,3)*SIGN(S5-S6),0) | AJ5: =IF(AND(ISNUMBER(S5),ISNUMBER(S7)),VLOOKUP(ABS(S5-S7),'IMP Table'!$A$2:$C$26,3)*SIGN(S5-S7),0) | AK5: =IF(AND(ISNUMBER(S5),ISNUMBER(S8)),VLOOKUP(ABS(S5-S8),'IMP Table'!$A$2:$C$26,3)*SIGN(S5-S8),0) | AL5: =IF(AND(ISNUMBER(S5),ISNUMBER(S9)),VLOOKUP(ABS(S5-S9),'IMP Table'!$A$2:$C$26,3)*SIGN(S5-S9),0) | AM5: =IF(AND(ISNUMBER(T5),ISNUMBER(T3)),VLOOKUP(ABS(T5-T3),'IMP Table'!$A$2:$C$26,3)*SIGN(T5-T3),0) | AN5: =IF(AND(ISNUMBER(T5),ISNUMBER(T4)),VLOOKUP(ABS(T5-T4),'IMP Table'!$A$2:$C$26,3)*SIGN(T5-T4),0) | AO5: =IF(AND(ISNUMBER(T5),ISNUMBER(T6)),VLOOKUP(ABS(T5-T6),'IMP Table'!$A$2:$C$26,3)*SIGN(T5-T6),0) | AP5: =IF(AND(ISNUMBER(T5),ISNUMBER(T7)),VLOOKUP(ABS(T5-T7),'IMP Table'!$A$2:$C$26,3)*SIGN(T5-T7),0) | AQ5: =IF(AND(ISNUMBER(T5),ISNUMBER(T8)),VLOOKUP(ABS(T5-T8),'IMP Table'!$A$2:$C$26,3)*SIGN(T5-T8),0) | AR5: =IF(AND(ISNUMBER(T5),ISNUMBER(T9)),VLOOKUP(ABS(T5-T9),'IMP Table'!$A$2:$C$26,3)*SIGN(T5-T9),0)
B6: ='By Round'!A59 | C6: ='By Round'!B67 | D6: ='By Round'!C67 | E6: ='By Round'!D67 | F6: =IF(ISBLANK('By Round'!F67),"",'By Round'!F67) | G6: =IF(ISBLANK('By Round'!G67),"",'By Round'!G67) | H6: =IF(ISBLANK('By Round'!H67),"",'By Round'!H67) | I6: =IF(ISBLANK('By Round'!I67),"",'By Round'!I67) | J6: =IF(ISBLANK('By Round'!J67),"",'By Round'!J67) | K6: =IF(ISBLANK('By Round'!K67),"",'By Round'!K67) | L6: =IF(ISBLANK('By Round'!L67),"",'By Round'!L67) | M6: =AVERAGE(AG6:AL6) | N6: =AVERAGE(AM6:AR6) | O6: =IF(COUNT(U6:Z6)>0,Q6/COUNT(U6:Z6),0.5) | P6: =IF(COUNT(AA6:AF6)>0,R6/COUNT(AA6:AF6),0.5) | Q6: =SUM(U6:Z6) | R6: =SUM(AA6:AF6) | S6: =IF(ISNUMBER(K6),K6,IF(ISNUMBER(L6),-L6,"")) | T6: =IF(ISNUMBER(L6),L6,IF(ISNUMBER(K6),-K6,"")) | U6: =IF(ISNUMBER(S6),IF(ISNUMBER(S3),IF(S6>S3,1.0,IF(S6=S3,0.5,0.0)),""),"") | V6: =IF(ISNUMBER(S6),IF(ISNUMBER(S4),IF(S6>S4,1.0,IF(S6=S4,0.5,0.0)),""),"") | W6: =IF(ISNUMBER(S6),IF(ISNUMBER(S5),IF(S6>S5,1.0,IF(S6=S5,0.5,0.0)),""),"") | X6: =IF(ISNUMBER(S6),IF(ISNUMBER(S7),IF(S6>S7,1.0,IF(S6=S7,0.5,0.0)),""),"") | Y6: =IF(ISNUMBER(S6),IF(ISNUMBER(S8),IF(S6>S8,1.0,IF(S6=S8,0.5,0.0)),""),"") | Z6: =IF(ISNUMBER(S6),IF(ISNUMBER(S9),IF(S6>S9,1.0,IF(S6=S9,0.5,0.0)),""),"") | AA6: =IF(ISNUMBER(T6),IF(ISNUMBER(T3),IF(T6>T3,1.0,IF(T6=T3,0.5,0.0)),""),"") | AB6: =IF(ISNUMBER(T6),IF(ISNUMBER(T4),IF(T6>T4,1.0,IF(T6=T4,0.5,0.0)),""),"") | AC6: =IF(ISNUMBER(T6),IF(ISNUMBER(T5),IF(T6>T5,1.0,IF(T6=T5,0.5,0.0)),""),"") | AD6: =IF(ISNUMBER(T6),IF(ISNUMBER(T7),IF(T6>T7,1.0,IF(T6=T7,0.5,0.0)),""),"") | AE6: =IF(ISNUMBER(T6),IF(ISNUMBER(T8),IF(T6>T8,1.0,IF(T6=T8,0.5,0.0)),""),"") | AF6: =IF(ISNUMBER(T6),IF(ISNUMBER(T9),IF(T6>T9,1.0,IF(T6=T9,0.5,0.0)),""),"") | AG6: =IF(AND(ISNUMBER(S6),ISNUMBER(S3)),VLOOKUP(ABS(S6-S3),'IMP Table'!$A$2:$C$26,3)*SIGN(S6-S3),0) | AH6: =IF(AND(ISNUMBER(S6),ISNUMBER(S4)),VLOOKUP(ABS(S6-S4),'IMP Table'!$A$2:$C$26,3)*SIGN(S6-S4),0) | AI6: =IF(AND(ISNUMBER(S6),ISNUMBER(S5)),VLOOKUP(ABS(S6-S5),'IMP Table'!$A$2:$C$26,3)*SIGN(S6-S5),0) | AJ6: =IF(AND(ISNUMBER(S6),ISNUMBER(S7)),VLOOKUP(ABS(S6-S7),'IMP Table'!$A$2:$C$26,3)*SIGN(S6-S7),0) | AK6: =IF(AND(ISNUMBER(S6),ISNUMBER(S8)),VLOOKUP(ABS(S6-S8),'IMP Table'!$A$2:$C$26,3)*SIGN(S6-S8),0) | AL6: =IF(AND(ISNUMBER(S6),ISNUMBER(S9)),VLOOKUP(ABS(S6-S9),'IMP Table'!$A$2:$C$26,3)*SIGN(S6-S9),0) | AM6: =IF(AND(ISNUMBER(T6),ISNUMBER(T3)),VLOOKUP(ABS(T6-T3),'IMP Table'!$A$2:$C$26,3)*SIGN(T6-T3),0) | AN6: =IF(AND(ISNUMBER(T6),ISNUMBER(T4)),VLOOKUP(ABS(T6-T4),'IMP Table'!$A$2:$C$26,3)*SIGN(T6-T4),0) | AO6: =IF(AND(ISNUMBER(T6),ISNUMBER(T5)),VLOOKUP(ABS(T6-T5),'IMP Table'!$A$2:$C$26,3)*SIGN(T6-T5),0) | AP6: =IF(AND(ISNUMBER(T6),ISNUMBER(T7)),VLOOKUP(ABS(T6-T7),'IMP Table'!$A$2:$C$26,3)*SIGN(T6-T7),0) | AQ6: =IF(AND(ISNUMBER(T6),ISNUMBER(T8)),VLOOKUP(ABS(T6-T8),'IMP Table'!$A$2:$C$26,3)*SIGN(T6-T8),0) | AR6: =IF(AND(ISNUMBER(T6),ISNUMBER(T9)),VLOOKUP(ABS(T6-T9),'IMP Table'!$A$2:$C$26,3)*SIGN(T6-T9),0)
B7: ='By Round'!A45 | C7: ='By Round'!B55 | D7: ='By Round'!C55 | E7: ='By Round'!D55 | F7: =IF(ISBLANK('By Round'!F55),"",'By Round'!F55) | G7: =IF(ISBLANK('By Round'!G55),"",'By Round'!G55) | H7: =IF(ISBLANK('By Round'!H55),"",'By Round'!H55) | I7: =IF(ISBLANK('By Round'!I55),"",'By Round'!I55) | J7: =IF(ISBLANK('By Round'!J55),"",'By Round'!J55) | K7: =IF(ISBLANK('By Round'!K55),"",'By Round'!K55) | L7: =IF(ISBLANK('By Round'!L55),"",'By Round'!L55) | M7: =AVERAGE(AG7:AL7) | N7: =AVERAGE(AM7:AR7) | O7: =IF(COUNT(U7:Z7)>0,Q7/COUNT(U7:Z7),0.5) | P7: =IF(COUNT(AA7:AF7)>0,R7/COUNT(AA7:AF7),0.5) | Q7: =SUM(U7:Z7) | R7: =SUM(AA7:AF7) | S7: =IF(ISNUMBER(K7),K7,IF(ISNUMBER(L7),-L7,"")) | T7: =IF(ISNUMBER(L7),L7,IF(ISNUMBER(K7),-K7,"")) | U7: =IF(ISNUMBER(S7),IF(ISNUMBER(S3),IF(S7>S3,1.0,IF(S7=S3,0.5,0.0)),""),"") | V7: =IF(ISNUMBER(S7),IF(ISNUMBER(S4),IF(S7>S4,1.0,IF(S7=S4,0.5,0.0)),""),"") | W7: =IF(ISNUMBER(S7),IF(ISNUMBER(S5),IF(S7>S5,1.0,IF(S7=S5,0.5,0.0)),""),"") | X7: =IF(ISNUMBER(S7),IF(ISNUMBER(S6),IF(S7>S6,1.0,IF(S7=S6,0.5,0.0)),""),"") | Y7: =IF(ISNUMBER(S7),IF(ISNUMBER(S8),IF(S7>S8,1.0,IF(S7=S8,0.5,0.0)),""),"") | Z7: =IF(ISNUMBER(S7),IF(ISNUMBER(S9),IF(S7>S9,1.0,IF(S7=S9,0.5,0.0)),""),"") | AA7: =IF(ISNUMBER(T7),IF(ISNUMBER(T3),IF(T7>T3,1.0,IF(T7=T3,0.5,0.0)),""),"") | AB7: =IF(ISNUMBER(T7),IF(ISNUMBER(T4),IF(T7>T4,1.0,IF(T7=T4,0.5,0.0)),""),"") | AC7: =IF(ISNUMBER(T7),IF(ISNUMBER(T5),IF(T7>T5,1.0,IF(T7=T5,0.5,0.0)),""),"") | AD7: =IF(ISNUMBER(T7),IF(ISNUMBER(T6),IF(T7>T6,1.0,IF(T7=T6,0.5,0.0)),""),"") | AE7: =IF(ISNUMBER(T7),IF(ISNUMBER(T8),IF(T7>T8,1.0,IF(T7=T8,0.5,0.0)),""),"") | AF7: =IF(ISNUMBER(T7),IF(ISNUMBER(T9),IF(T7>T9,1.0,IF(T7=T9,0.5,0.0)),""),"") | AG7: =IF(AND(ISNUMBER(S7),ISNUMBER(S3)),VLOOKUP(ABS(S7-S3),'IMP Table'!$A$2:$C$26,3)*SIGN(S7-S3),0) | AH7: =IF(AND(ISNUMBER(S7),ISNUMBER(S4)),VLOOKUP(ABS(S7-S4),'IMP Table'!$A$2:$C$26,3)*SIGN(S7-S4),0) | AI7: =IF(AND(ISNUMBER(S7),ISNUMBER(S5)),VLOOKUP(ABS(S7-S5),'IMP Table'!$A$2:$C$26,3)*SIGN(S7-S5),0) | AJ7: =IF(AND(ISNUMBER(S7),ISNUMBER(S6)),VLOOKUP(ABS(S7-S6),'IMP Table'!$A$2:$C$26,3)*SIGN(S7-S6),0) | AK7: =IF(AND(ISNUMBER(S7),ISNUMBER(S8)),VLOOKUP(ABS(S7-S8),'IMP Table'!$A$2:$C$26,3)*SIGN(S7-S8),0) | AL7: =IF(AND(ISNUMBER(S7),ISNUMBER(S9)),VLOOKUP(ABS(S7-S9),'IMP Table'!$A$2:$C$26,3)*SIGN(S7-S9),0) | AM7: =IF(AND(ISNUMBER(T7),ISNUMBER(T3)),VLOOKUP(ABS(T7-T3),'IMP Table'!$A$2:$C$26,3)*SIGN(T7-T3),0) | AN7: =IF(AND(ISNUMBER(T7),ISNUMBER(T4)),VLOOKUP(ABS(T7-T4),'IMP Table'!$A$2:$C$26,3)*SIGN(T7-T4),0) | AO7: =IF(AND(ISNUMBER(T7),ISNUMBER(T5)),VLOOKUP(ABS(T7-T5),'IMP Table'!$A$2:$C$26,3)*SIGN(T7-T5),0) | AP7: =IF(AND(ISNUMBER(T7),ISNUMBER(T6)),VLOOKUP(ABS(T7-T6),'IMP Table'!$A$2:$C$26,3)*SIGN(T7-T6),0) | AQ7: =IF(AND(ISNUMBER(T7),ISNUMBER(T8)),VLOOKUP(ABS(T7-T8),'IMP Table'!$A$2:$C$26,3)*SIGN(T7-T8),0) | AR7: =IF(AND(ISNUMBER(T7),ISNUMBER(T9)),VLOOKUP(ABS(T7-T9),'IMP Table'!$A$2:$C$26,3)*SIGN(T7-T9),0)
B8: ='By Round'!A143 | C8: ='By Round'!B147 | D8: ='By Round'!C147 | E8: ='By Round'!D147 | F8: =IF(ISBLANK('By Round'!F147),"",'By Round'!F147) | G8: =IF(ISBLANK('By Round'!G147),"",'By Round'!G147) | H8: =IF(ISBLANK('By Round'!H147),"",'By Round'!H147) | I8: =IF(ISBLANK('By Round'!I147),"",'By Round'!I147) | J8: =IF(ISBLANK('By Round'!J147),"",'By Round'!J147) | K8: =IF(ISBLANK('By Round'!K147),"",'By Round'!K147) | L8: =IF(ISBLANK('By Round'!L147),"",'By Round'!L147) | M8: =AVERAGE(AG8:AL8) | N8: =AVERAGE(AM8:AR8) | O8: =IF(COUNT(U8:Z8)>0,Q8/COUNT(U8:Z8),0.5) | P8: =IF(COUNT(AA8:AF8)>0,R8/COUNT(AA8:AF8),0.5) | Q8: =SUM(U8:Z8) | R8: =SUM(AA8:AF8) | S8: =IF(ISNUMBER(K8),K8,IF(ISNUMBER(L8),-L8,"")) | T8: =IF(ISNUMBER(L8),L8,IF(ISNUMBER(K8),-K8,"")) | U8: =IF(ISNUMBER(S8),IF(ISNUMBER(S3),IF(S8>S3,1.0,IF(S8=S3,0.5,0.0)),""),"") | V8: =IF(ISNUMBER(S8),IF(ISNUMBER(S4),IF(S8>S4,1.0,IF(S8=S4,0.5,0.0)),""),"") | W8: =IF(ISNUMBER(S8),IF(ISNUMBER(S5),IF(S8>S5,1.0,IF(S8=S5,0.5,0.0)),""),"") | X8: =IF(ISNUMBER(S8),IF(ISNUMBER(S6),IF(S8>S6,1.0,IF(S8=S6,0.5,0.0)),""),"") | Y8: =IF(ISNUMBER(S8),IF(ISNUMBER(S7),IF(S8>S7,1.0,IF(S8=S7,0.5,0.0)),""),"") | Z8: =IF(ISNUMBER(S8),IF(ISNUMBER(S9),IF(S8>S9,1.0,IF(S8=S9,0.5,0.0)),""),"") | AA8: =IF(ISNUMBER(T8),IF(ISNUMBER(T3),IF(T8>T3,1.0,IF(T8=T3,0.5,0.0)),""),"") | AB8: =IF(ISNUMBER(T8),IF(ISNUMBER(T4),IF(T8>T4,1.0,IF(T8=T4,0.5,0.0)),""),"") | AC8: =IF(ISNUMBER(T8),IF(ISNUMBER(T5),IF(T8>T5,1.0,IF(T8=T5,0.5,0.0)),""),"") | AD8: =IF(ISNUMBER(T8),IF(ISNUMBER(T6),IF(T8>T6,1.0,IF(T8=T6,0.5,0.0)),""),"") | AE8: =IF(ISNUMBER(T8),IF(ISNUMBER(T7),IF(T8>T7,1.0,IF(T8=T7,0.5,0.0)),""),"") | AF8: =IF(ISNUMBER(T8),IF(ISNUMBER(T9),IF(T8>T9,1.0,IF(T8=T9,0.5,0.0)),""),"") | AG8: =IF(AND(ISNUMBER(S8),ISNUMBER(S3)),VLOOKUP(ABS(S8-S3),'IMP Table'!$A$2:$C$26,3)*SIGN(S8-S3),0) | AH8: =IF(AND(ISNUMBER(S8),ISNUMBER(S4)),VLOOKUP(ABS(S8-S4),'IMP Table'!$A$2:$C$26,3)*SIGN(S8-S4),0) | AI8: =IF(AND(ISNUMBER(S8),ISNUMBER(S5)),VLOOKUP(ABS(S8-S5),'IMP Table'!$A$2:$C$26,3)*SIGN(S8-S5),0) | AJ8: =IF(AND(ISNUMBER(S8),ISNUMBER(S6)),VLOOKUP(ABS(S8-S6),'IMP Table'!$A$2:$C$26,3)*SIGN(S8-S6),0) | AK8: =IF(AND(ISNUMBER(S8),ISNUMBER(S7)),VLOOKUP(ABS(S8-S7),'IMP Table'!$A$2:$C$26,3)*SIGN(S8-S7),0) | AL8: =IF(AND(ISNUMBER(S8),ISNUMBER(S9)),VLOOKUP(ABS(S8-S9),'IMP Table'!$A$2:$C$26,3)*SIGN(S8-S9),0) | AM8: =IF(AND(ISNUMBER(T8),ISNUMBER(T3)),VLOOKUP(ABS(T8-T3),'IMP Table'!$A$2:$C$26,3)*SIGN(T8-T3),0) | AN8: =IF(AND(ISNUMBER(T8),ISNUMBER(T4)),VLOOKUP(ABS(T8-T4),'IMP Table'!$A$2:$C$26,3)*SIGN(T8-T4),0) | AO8: =IF(AND(ISNUMBER(T8),ISNUMBER(T5)),VLOOKUP(ABS(T8-T5),'IMP Table'!$A$2:$C$26,3)*SIGN(T8-T5),0) | AP8: =IF(AND(ISNUMBER(T8),ISNUMBER(T6)),VLOOKUP(ABS(T8-T6),'IMP Table'!$A$2:$C$26,3)*SIGN(T8-T6),0) | AQ8: =IF(AND(ISNUMBER(T8),ISNUMBER(T7)),VLOOKUP(ABS(T8-T7),'IMP Table'!$A$2:$C$26,3)*SIGN(T8-T7),0) | AR8: =IF(AND(ISNUMBER(T8),ISNUMBER(T9)),VLOOKUP(ABS(T8-T9),'IMP Table'!$A$2:$C$26,3)*SIGN(T8-T9),0)
B9: ='By Round'!A3 | C9: ='By Round'!B3 | D9: ='By Round'!C3 | E9: ='By Round'!D3 | F9: =IF(ISBLANK('By Round'!F3),"",'By Round'!F3) | G9: =IF(ISBLANK('By Round'!G3),"",'By Round'!G3) | H9: =IF(ISBLANK('By Round'!H3),"",'By Round'!H3) | I9: =IF(ISBLANK('By Round'!I3),"",'By Round'!I3) | J9: =IF(ISBLANK('By Round'!J3),"",'By Round'!J3) | K9: =IF(ISBLANK('By Round'!K3),"",'By Round'!K3) | L9: =IF(ISBLANK('By Round'!L3),"",'By Round'!L3) | M9: =AVERAGE(AG9:AL9) | N9: =AVERAGE(AM9:AR9) | O9: =IF(COUNT(U9:Z9)>0,Q9/COUNT(U9:Z9),0.5) | P9: =IF(COUNT(AA9:AF9)>0,R9/COUNT(AA9:AF9),0.5) | Q9: =SUM(U9:Z9) | R9: =SUM(AA9:AF9) | S9: =IF(ISNUMBER(K9),K9,IF(ISNUMBER(L9),-L9,"")) | T9: =IF(ISNUMBER(L9),L9,IF(ISNUMBER(K9),-K9,"")) | U9: =IF(ISNUMBER(S9),IF(ISNUMBER(S3),IF(S9>S3,1.0,IF(S9=S3,0.5,0.0)),""),"") | V9: =IF(ISNUMBER(S9),IF(ISNUMBER(S4),IF(S9>S4,1.0,IF(S9=S4,0.5,0.0)),""),"") | W9: =IF(ISNUMBER(S9),IF(ISNUMBER(S5),IF(S9>S5,1.0,IF(S9=S5,0.5,0.0)),""),"") | X9: =IF(ISNUMBER(S9),IF(ISNUMBER(S6),IF(S9>S6,1.0,IF(S9=S6,0.5,0.0)),""),"") | Y9: =IF(ISNUMBER(S9),IF(ISNUMBER(S7),IF(S9>S7,1.0,IF(S9=S7,0.5,0.0)),""),"") | Z9: =IF(ISNUMBER(S9),IF(ISNUMBER(S8),IF(S9>S8,1.0,IF(S9=S8,0.5,0.0)),""),"") | AA9: =IF(ISNUMBER(T9),IF(ISNUMBER(T3),IF(T9>T3,1.0,IF(T9=T3,0.5,0.0)),""),"") | AB9: =IF(ISNUMBER(T9),IF(ISNUMBER(T4),IF(T9>T4,1.0,IF(T9=T4,0.5,0.0)),""),"") | AC9: =IF(ISNUMBER(T9),IF(ISNUMBER(T5),IF(T9>T5,1.0,IF(T9=T5,0.5,0.0)),""),"") | AD9: =IF(ISNUMBER(T9),IF(ISNUMBER(T6),IF(T9>T6,1.0,IF(T9=T6,0.5,0.0)),""),"") | AE9: =IF(ISNUMBER(T9),IF(ISNUMBER(T7),IF(T9>T7,1.0,IF(T9=T7,0.5,0.0)),""),"") | AF9: =IF(ISNUMBER(T9),IF(ISNUMBER(T8),IF(T9>T8,1.0,IF(T9=T8,0.5,0.0)),""),"") | AG9: =IF(AND(ISNUMBER(S9),ISNUMBER(S3)),VLOOKUP(ABS(S9-S3),'IMP Table'!$A$2:$C$26,3)*SIGN(S9-S3),0) | AH9: =IF(AND(ISNUMBER(S9),ISNUMBER(S4)),VLOOKUP(ABS(S9-S4),'IMP Table'!$A$2:$C$26,3)*SIGN(S9-S4),0) | AI9: =IF(AND(ISNUMBER(S9),ISNUMBER(S5)),VLOOKUP(ABS(S9-S5),'IMP Table'!$A$2:$C$26,3)*SIGN(S9-S5),0) | AJ9: =IF(AND(ISNUMBER(S9),ISNUMBER(S6)),VLOOKUP(ABS(S9-S6),'IMP Table'!$A$2:$C$26,3)*SIGN(S9-S6),0) | AK9: =IF(AND(ISNUMBER(S9),ISNUMBER(S7)),VLOOKUP(ABS(S9-S7),'IMP Table'!$A$2:$C$26,3)*SIGN(S9-S7),0) | AL9: =IF(AND(ISNUMBER(S9),ISNUMBER(S8)),VLOOKUP(ABS(S9-S8),'IMP Table'!$A$2:$C$26,3)*SIGN(S9-S8),0) | AM9: =IF(AND(ISNUMBER(T9),ISNUMBER(T3)),VLOOKUP(ABS(T9-T3),'IMP Table'!$A$2:$C$26,3)*SIGN(T9-T3),0) | AN9: =IF(AND(ISNUMBER(T9),ISNUMBER(T4)),VLOOKUP(ABS(T9-T4),'IMP Table'!$A$2:$C$26,3)*SIGN(T9-T4),0) | AO9: =IF(AND(ISNUMBER(T9),ISNUMBER(T5)),VLOOKUP(ABS(T9-T5),'IMP Table'!$A$2:$C$26,3)*SIGN(T9-T5),0) | AP9: =IF(AND(ISNUMBER(T9),ISNUMBER(T6)),VLOOKUP(ABS(T9-T6),'IMP Table'!$A$2:$C$26,3)*SIGN(T9-T6),0) | AQ9: =IF(AND(ISNUMBER(T9),ISNUMBER(T7)),VLOOKUP(ABS(T9-T7),'IMP Table'!$A$2:$C$26,3)*SIGN(T9-T7),0) | AR9: =IF(AND(ISNUMBER(T9),ISNUMBER(T8)),VLOOKUP(ABS(T9-T8),'IMP Table'!$A$2:$C$26,3)*SIGN(T9-T8),0)
A10: 2 | B10: ='By Round'!A157 | C10: ='By Round'!B159 | D10: ='By Round'!C159 | E10: ='By Round'!D159 | F10: =IF(ISBLANK('By Round'!F160),"",'By Round'!F160) | G10: =IF(ISBLANK('By Round'!G160),"",'By Round'!G160) | H10: =IF(ISBLANK('By Round'!H160),"",'By Round'!H160) | I10: =IF(ISBLANK('By Round'!I160),"",'By Round'!I160) | J10: =IF(ISBLANK('By Round'!J160),"",'By Round'!J160) | K10: =IF(ISBLANK('By Round'!K160),"",'By Round'!K160) | L10: =IF(ISBLANK('By Round'!L160),"",'By Round'!L160) | M10: =AVERAGE(AG10:AL10) | N10: =AVERAGE(AM10:AR10) | O10: =IF(COUNT(U10:Z10)>0,Q10/COUNT(U10:Z10),0.5) | P10: =IF(COUNT(AA10:AF10)>0,R10/COUNT(AA10:AF10),0.5) | Q10: =SUM(U10:Z10) | R10: =SUM(AA10:AF10) | S10: =IF(ISNUMBER(K10),K10,IF(ISNUMBER(L10),-L10,"")) | T10: =IF(ISNUMBER(L10),L10,IF(ISNUMBER(K10),-K10,"")) | U10: =IF(ISNUMBER(S10),IF(ISNUMBER(S11),IF(S10>S11,1.0,IF(S10=S11,0.5,0.0)),""),"") | V10: =IF(ISNUMBER(S10),IF(ISNUMBER(S12),IF(S10>S12,1.0,IF(S10=S12,0.5,0.0)),""),"") | W10: =IF(ISNUMBER(S10),IF(ISNUMBER(S13),IF(S10>S13,1.0,IF(S10=S13,0.5,0.0)),""),"") | X10: =IF(ISNUMBER(S10),IF(ISNUMBER(S14),IF(S10>S14,1.0,IF(S10=S14,0.5,0.0)),""),"") | Y10: =IF(ISNUMBER(S10),IF(ISNUMBER(S15),IF(S10>S15,1.0,IF(S10=S15,0.5,0.0)),""),"") | Z10: =IF(ISNUMBER(S10),IF(ISNUMBER(S16),IF(S10>S16,1.0,IF(S10=S16,0.5,0.0)),""),"") | AA10: =IF(ISNUMBER(T10),IF(ISNUMBER(T11),IF(T10>T11,1.0,IF(T10=T11,0.5,0.0)),""),"") | AB10: =IF(ISNUMBER(T10),IF(ISNUMBER(T12),IF(T10>T12,1.0,IF(T10=T12,0.5,0.0)),""),"") | AC10: =IF(ISNUMBER(T10),IF(ISNUMBER(T13),IF(T10>T13,1.0,IF(T10=T13,0.5,0.0)),""),"") | AD10: =IF(ISNUMBER(T10),IF(ISNUMBER(T14),IF(T10>T14,1.0,IF(T10=T14,0.5,0.0)),""),"") | AE10: =IF(ISNUMBER(T10),IF(ISNUMBER(T15),IF(T10>T15,1.0,IF(T10=T15,0.5,0.0)),""),"") | AF10: =IF(ISNUMBER(T10),IF(ISNUMBER(T16),IF(T10>T16,1.0,IF(T10=T16,0.5,0.0)),""),"") | AG10: =IF(AND(ISNUMBER(S10),ISNUMBER(S11)),VLOOKUP(ABS(S10-S11),'IMP Table'!$A$2:$C$26,3)*SIGN(S10-S11),0) | AH10: =IF(AND(ISNUMBER(S10),ISNUMBER(S12)),VLOOKUP(ABS(S10-S12),'IMP Table'!$A$2:$C$26,3)*SIGN(S10-S12),0) | AI10: =IF(AND(ISNUMBER(S10),ISNUMBER(S13)),VLOOKUP(ABS(S10-S13),'IMP Table'!$A$2:$C$26,3)*SIGN(S10-S13),0) | AJ10: =IF(AND(ISNUMBER(S10),ISNUMBER(S14)),VLOOKUP(ABS(S10-S14),'IMP Table'!$A$2:$C$26,3)*SIGN(S10-S14),0) | AK10: =IF(AND(ISNUMBER(S10),ISNUMBER(S15)),VLOOKUP(ABS(S10-S15),'IMP Table'!$A$2:$C$26,3)*SIGN(S10-S15),0) | AL10: =IF(AND(ISNUMBER(S10),ISNUMBER(S16)),VLOOKUP(ABS(S10-S16),'IMP Table'!$A$2:$C$26,3)*SIGN(S10-S16),0) | AM10: =IF(AND(ISNUMBER(T10),ISNUMBER(T11)),VLOOKUP(ABS(T10-T11),'IMP Table'!$A$2:$C$26,3)*SIGN(T10-T11),0) | AN10: =IF(AND(ISNUMBER(T10),ISNUMBER(T12)),VLOOKUP(ABS(T10-T12),'IMP Table'!$A$2:$C$26,3)*SIGN(T10-T12),0) | AO10: =IF(AND(ISNUMBER(T10),ISNUMBER(T13)),VLOOKUP(ABS(T10-T13),'IMP Table'!$A$2:$C$26,3)*SIGN(T10-T13),0) | AP10: =IF(AND(ISNUMBER(T10),ISNUMBER(T14)),VLOOKUP(ABS(T10-T14),'IMP Table'!$A$2:$C$26,3)*SIGN(T10-T14),0) | AQ10: =IF(AND(ISNUMBER(T10),ISNUMBER(T15)),VLOOKUP(ABS(T10-T15),'IMP Table'!$A$2:$C$26,3)*SIGN(T10-T15),0) | AR10: =IF(AND(ISNUMBER(T10),ISNUMBER(T16)),VLOOKUP(ABS(T10-T16),'IMP Table'!$A$2:$C$26,3)*SIGN(T10-T16),0)
B11: ='By Round'!A129 | C11: ='By Round'!B135 | D11: ='By Round'!C135 | E11: ='By Round'!D135 | F11: =IF(ISBLANK('By Round'!F136),"",'By Round'!F136) | G11: =IF(ISBLANK('By Round'!G136),"",'By Round'!G136) | H11: =IF(ISBLANK('By Round'!H136),"",'By Round'!H136) | I11: =IF(ISBLANK('By Round'!I136),"",'By Round'!I136) | J11: =IF(ISBLANK('By Round'!J136),"",'By Round'!J136) | K11: =IF(ISBLANK('By Round'!K136),"",'By Round'!K136) | L11: =IF(ISBLANK('By Round'!L136),"",'By Round'!L136) | M11: =AVERAGE(AG11:AL11) | N11: =AVERAGE(AM11:AR11) | O11: =IF(COUNT(U11:Z11)>0,Q11/COUNT(U11:Z11),0.5) | P11: =IF(COUNT(AA11:AF11)>0,R11/COUNT(AA11:AF11),0.5) | Q11: =SUM(U11:Z11) | R11: =SUM(AA11:AF11) | S11: =IF(ISNUMBER(K11),K11,IF(ISNUMBER(L11),-L11,"")) | T11: =IF(ISNUMBER(L11),L11,IF(ISNUMBER(K11),-K11,"")) | U11: =IF(ISNUMBER(S11),IF(ISNUMBER(S10),IF(S11>S10,1.0,IF(S11=S10,0.5,0.0)),""),"") | V11: =IF(ISNUMBER(S11),IF(ISNUMBER(S12),IF(S11>S12,1.0,IF(S11=S12,0.5,0.0)),""),"") | W11: =IF(ISNUMBER(S11),IF(ISNUMBER(S13),IF(S11>S13,1.0,IF(S11=S13,0.5,0.0)),""),"") | X11: =IF(ISNUMBER(S11),IF(ISNUMBER(S14),IF(S11>S14,1.0,IF(S11=S14,0.5,0.0)),""),"") | Y11: =IF(ISNUMBER(S11),IF(ISNUMBER(S15),IF(S11>S15,1.0,IF(S11=S15,0.5,0.0)),""),"") | Z11: =IF(ISNUMBER(S11),IF(ISNUMBER(S16),IF(S11>S16,1.0,IF(S11=S16,0.5,0.0)),""),"") | AA11: =IF(ISNUMBER(T11),IF(ISNUMBER(T10),IF(T11>T10,1.0,IF(T11=T10,0.5,0.0)),""),"") | AB11: =IF(ISNUMBER(T11),IF(ISNUMBER(T12),IF(T11>T12,1.0,IF(T11=T12,0.5,0.0)),""),"") | AC11: =IF(ISNUMBER(T11),IF(ISNUMBER(T13),IF(T11>T13,1.0,IF(T11=T13,0.5,0.0)),""),"") | AD11: =IF(ISNUMBER(T11),IF(ISNUMBER(T14),IF(T11>T14,1.0,IF(T11=T14,0.5,0.0)),""),"") | AE11: =IF(ISNUMBER(T11),IF(ISNUMBER(T15),IF(T11>T15,1.0,IF(T11=T15,0.5,0.0)),""),"") | AF11: =IF(ISNUMBER(T11),IF(ISNUMBER(T16),IF(T11>T16,1.0,IF(T11=T16,0.5,0.0)),""),"") | AG11: =IF(AND(ISNUMBER(S11),ISNUMBER(S10)),VLOOKUP(ABS(S11-S10),'IMP Table'!$A$2:$C$26,3)*SIGN(S11-S10),0) | AH11: =IF(AND(ISNUMBER(S11),ISNUMBER(S12)),VLOOKUP(ABS(S11-S12),'IMP Table'!$A$2:$C$26,3)*SIGN(S11-S12),0) | AI11: =IF(AND(ISNUMBER(S11),ISNUMBER(S13)),VLOOKUP(ABS(S11-S13),'IMP Table'!$A$2:$C$26,3)*SIGN(S11-S13),0) | AJ11: =IF(AND(ISNUMBER(S11),ISNUMBER(S14)),VLOOKUP(ABS(S11-S14),'IMP Table'!$A$2:$C$26,3)*SIGN(S11-S14),0) | AK11: =IF(AND(ISNUMBER(S11),ISNUMBER(S15)),VLOOKUP(ABS(S11-S15),'IMP Table'!$A$2:$C$26,3)*SIGN(S11-S15),0) | AL11: =IF(AND(ISNUMBER(S11),ISNUMBER(S16)),VLOOKUP(ABS(S11-S16),'IMP Table'!$A$2:$C$26,3)*SIGN(S11-S16),0) | AM11: =IF(AND(ISNUMBER(T11),ISNUMBER(T10)),VLOOKUP(ABS(T11-T10),'IMP Table'!$A$2:$C$26,3)*SIGN(T11-T10),0) | AN11: =IF(AND(ISNUMBER(T11),ISNUMBER(T12)),VLOOKUP(ABS(T11-T12),'IMP Table'!$A$2:$C$26,3)*SIGN(T11-T12),0) | AO11: =IF(AND(ISNUMBER(T11),ISNUMBER(T13)),VLOOKUP(ABS(T11-T13),'IMP Table'!$A$2:$C$26,3)*SIGN(T11-T13),0) | AP11: =IF(AND(ISNUMBER(T11),ISNUMBER(T14)),VLOOKUP(ABS(T11-T14),'IMP Table'!$A$2:$C$26,3)*SIGN(T11-T14),0) | AQ11: =IF(AND(ISNUMBER(T11),ISNUMBER(T15)),VLOOKUP(ABS(T11-T15),'IMP Table'!$A$2:$C$26,3)*SIGN(T11-T15),0) | AR11: =IF(AND(ISNUMBER(T11),ISNUMBER(T16)),VLOOKUP(ABS(T11-T16),'IMP Table'!$A$2:$C$26,3)*SIGN(T11-T16),0)
B12: ='By Round'!A31 | C12: ='By Round'!B43 | D12: ='By Round'!C43 | E12: ='By Round'!D43 | F12: =IF(ISBLANK('By Round'!F44),"",'By Round'!F44) | G12: =IF(ISBLANK('By Round'!G44),"",'By Round'!G44) | H12: =IF(ISBLANK('By Round'!H44),"",'By Round'!H44) | I12: =IF(ISBLANK('By Round'!I44),"",'By Round'!I44) | J12: =IF(ISBLANK('By Round'!J44),"",'By Round'!J44) | K12: =IF(ISBLANK('By Round'!K44),"",'By Round'!K44) | L12: =IF(ISBLANK('By Round'!L44),"",'By Round'!L44) | M12: =AVERAGE(AG12:AL12) | N12: =AVERAGE(AM12:AR12) | O12: =IF(COUNT(U12:Z12)>0,Q12/COUNT(U12:Z12),0.5) | P12: =IF(COUNT(AA12:AF12)>0,R12/COUNT(AA12:AF12),0.5) | Q12: =SUM(U12:Z12) | R12: =SUM(AA12:AF12) | S12: =IF(ISNUMBER(K12),K12,IF(ISNUMBER(L12),-L12,"")) | T12: =IF(ISNUMBER(L12),L12,IF(ISNUMBER(K12),-K12,"")) | U12: =IF(ISNUMBER(S12),IF(ISNUMBER(S10),IF(S12>S10,1.0,IF(S12=S10,0.5,0.0)),""),"") | V12: =IF(ISNUMBER(S12),IF(ISNUMBER(S11),IF(S12>S11,1.0,IF(S12=S11,0.5,0.0)),""),"") | W12: =IF(ISNUMBER(S12),IF(ISNUMBER(S13),IF(S12>S13,1.0,IF(S12=S13,0.5,0.0)),""),"") | X12: =IF(ISNUMBER(S12),IF(ISNUMBER(S14),IF(S12>S14,1.0,IF(S12=S14,0.5,0.0)),""),"") | Y12: =IF(ISNUMBER(S12),IF(ISNUMBER(S15),IF(S12>S15,1.0,IF(S12=S15,0.5,0.0)),""),"") | Z12: =IF(ISNUMBER(S12),IF(ISNUMBER(S16),IF(S12>S16,1.0,IF(S12=S16,0.5,0.0)),""),"") | AA12: =IF(ISNUMBER(T12),IF(ISNUMBER(T10),IF(T12>T10,1.0,IF(T12=T10,0.5,0.0)),""),"") | AB12: =IF(ISNUMBER(T12),IF(ISNUMBER(T11),IF(T12>T11,1.0,IF(T12=T11,0.5,0.0)),""),"") | AC12: =IF(ISNUMBER(T12),IF(ISNUMBER(T13),IF(T12>T13,1.0,IF(T12=T13,0.5,0.0)),""),"") | AD12: =IF(ISNUMBER(T12),IF(ISNUMBER(T14),IF(T12>T14,1.0,IF(T12=T14,0.5,0.0)),""),"") | AE12: =IF(ISNUMBER(T12),IF(ISNUMBER(T15),IF(T12>T15,1.0,IF(T12=T15,0.5,0.0)),""),"") | AF12: =IF(ISNUMBER(T12),IF(ISNUMBER(T16),IF(T12>T16,1.0,IF(T12=T16,0.5,0.0)),""),"") | AG12: =IF(AND(ISNUMBER(S12),ISNUMBER(S10)),VLOOKUP(ABS(S12-S10),'IMP Table'!$A$2:$C$26,3)*SIGN(S12-S10),0) | AH12: =IF(AND(ISNUMBER(S12),ISNUMBER(S11)),VLOOKUP(ABS(S12-S11),'IMP Table'!$A$2:$C$26,3)*SIGN(S12-S11),0) | AI12: =IF(AND(ISNUMBER(S12),ISNUMBER(S13)),VLOOKUP(ABS(S12-S13),'IMP Table'!$A$2:$C$26,3)*SIGN(S12-S13),0) | AJ12: =IF(AND(ISNUMBER(S12),ISNUMBER(S14)),VLOOKUP(ABS(S12-S14),'IMP Table'!$A$2:$C$26,3)*SIGN(S12-S14),0) | AK12: =IF(AND(ISNUMBER(S12),ISNUMBER(S15)),VLOOKUP(ABS(S12-S15),'IMP Table'!$A$2:$C$26,3)*SIGN(S12-S15),0) | AL12: =IF(AND(ISNUMBER(S12),ISNUMBER(S16)),VLOOKUP(ABS(S12-S16),'IMP Table'!$A$2:$C$26,3)*SIGN(S12-S16),0) | AM12: =IF(AND(ISNUMBER(T12),ISNUMBER(T10)),VLOOKUP(ABS(T12-T10),'IMP Table'!$A$2:$C$26,3)*SIGN(T12-T10),0) | AN12: =IF(AND(ISNUMBER(T12),ISNUMBER(T11)),VLOOKUP(ABS(T12-T11),'IMP Table'!$A$2:$C$26,3)*SIGN(T12-T11),0) | AO12: =IF(AND(ISNUMBER(T12),ISNUMBER(T13)),VLOOKUP(ABS(T12-T13),'IMP Table'!$A$2:$C$26,3)*SIGN(T12-T13),0) | AP12: =IF(AND(ISNUMBER(T12),ISNUMBER(T14)),VLOOKUP(ABS(T12-T14),'IMP Table'!$A$2:$C$26,3)*SIGN(T12-T14),0) | AQ12: =IF(AND(ISNUMBER(T12),ISNUMBER(T15)),VLOOKUP(ABS(T12-T15),'IMP Table'!$A$2:$C$26,3)*SIGN(T12-T15),0) | AR12: =IF(AND(ISNUMBER(T12),ISNUMBER(T16)),VLOOKUP(ABS(T12-T16),'IMP Table'!$A$2:$C$26,3)*SIGN(T12-T16),0)
B13: ='By Round'!A59 | C13: ='By Round'!B67 | D13: ='By Round'!C67 | E13: ='By Round'!D67 | F13: =IF(ISBLANK('By Round'!F68),"",'By Round'!F68) | G13: =IF(ISBLANK('By Round'!G68),"",'By Round'!G68) | H13: =IF(ISBLANK('By Round'!H68),"",'By Round'!H68) | I13: =IF(ISBLANK('By Round'!I68),"",'By Round'!I68) | J13: =IF(ISBLANK('By Round'!J68),"",'By Round'!J68) | K13: =IF(ISBLANK('By Round'!K68),"",'By Round'!K68) | L13: =IF(ISBLANK('By Round'!L68),"",'By Round'!L68) | M13: =AVERAGE(AG13:AL13) | N13: =AVERAGE(AM13:AR13) | O13: =IF(COUNT(U13:Z13)>0,Q13/COUNT(U13:Z13),0.5) | P13: =IF(COUNT(AA13:AF13)>0,R13/COUNT(AA13:AF13),0.5) | Q13: =SUM(U13:Z13) | R13: =SUM(AA13:AF13) | S13: =IF(ISNUMBER(K13),K13,IF(ISNUMBER(L13),-L13,"")) | T13: =IF(ISNUMBER(L13),L13,IF(ISNUMBER(K13),-K13,"")) | U13: =IF(ISNUMBER(S13),IF(ISNUMBER(S10),IF(S13>S10,1.0,IF(S13=S10,0.5,0.0)),""),"") | V13: =IF(ISNUMBER(S13),IF(ISNUMBER(S11),IF(S13>S11,1.0,IF(S13=S11,0.5,0.0)),""),"") | W13: =IF(ISNUMBER(S13),IF(ISNUMBER(S12),IF(S13>S12,1.0,IF(S13=S12,0.5,0.0)),""),"") | X13: =IF(ISNUMBER(S13),IF(ISNUMBER(S14),IF(S13>S14,1.0,IF(S13=S14,0.5,0.0)),""),"") | Y13: =IF(ISNUMBER(S13),IF(ISNUMBER(S15),IF(S13>S15,1.0,IF(S13=S15,0.5,0.0)),""),"") | Z13: =IF(ISNUMBER(S13),IF(ISNUMBER(S16),IF(S13>S16,1.0,IF(S13=S16,0.5,0.0)),""),"") | AA13: =IF(ISNUMBER(T13),IF(ISNUMBER(T10),IF(T13>T10,1.0,IF(T13=T10,0.5,0.0)),""),"") | AB13: =IF(ISNUMBER(T13),IF(ISNUMBER(T11),IF(T13>T11,1.0,IF(T13=T11,0.5,0.0)),""),"") | AC13: =IF(ISNUMBER(T13),IF(ISNUMBER(T12),IF(T13>T12,1.0,IF(T13=T12,0.5,0.0)),""),"") | AD13: =IF(ISNUMBER(T13),IF(ISNUMBER(T14),IF(T13>T14,1.0,IF(T13=T14,0.5,0.0)),""),"") | AE13: =IF(ISNUMBER(T13),IF(ISNUMBER(T15),IF(T13>T15,1.0,IF(T13=T15,0.5,0.0)),""),"") | AF13: =IF(ISNUMBER(T13),IF(ISNUMBER(T16),IF(T13>T16,1.0,IF(T13=T16,0.5,0.0)),""),"") | AG13: =IF(AND(ISNUMBER(S13),ISNUMBER(S10)),VLOOKUP(ABS(S13-S10),'IMP Table'!$A$2:$C$26,3)*SIGN(S13-S10),0) | AH13: =IF(AND(ISNUMBER(S13),ISNUMBER(S11)),VLOOKUP(ABS(S13-S11),'IMP Table'!$A$2:$C$26,3)*SIGN(S13-S11),0) | AI13: =IF(AND(ISNUMBER(S13),ISNUMBER(S12)),VLOOKUP(ABS(S13-S12),'IMP Table'!$A$2:$C$26,3)*SIGN(S13-S12),0) | AJ13: =IF(AND(ISNUMBER(S13),ISNUMBER(S14)),VLOOKUP(ABS(S13-S14),'IMP Table'!$A$2:$C$26,3)*SIGN(S13-S14),0) | AK13: =IF(AND(ISNUMBER(S13),ISNUMBER(S15)),VLOOKUP(ABS(S13-S15),'IMP Table'!$A$2:$C$26,3)*SIGN(S13-S15),0) | AL13: =IF(AND(ISNUMBER(S13),ISNUMBER(S16)),VLOOKUP(ABS(S13-S16),'IMP Table'!$A$2:$C$26,3)*SIGN(S13-S16),0) | AM13: =IF(AND(ISNUMBER(T13),ISNUMBER(T10)),VLOOKUP(ABS(T13-T10),'IMP Table'!$A$2:$C$26,3)*SIGN(T13-T10),0) | AN13: =IF(AND(ISNUMBER(T13),ISNUMBER(T11)),VLOOKUP(ABS(T13-T11),'IMP Table'!$A$2:$C$26,3)*SIGN(T13-T11),0) | AO13: =IF(AND(ISNUMBER(T13),ISNUMBER(T12)),VLOOKUP(ABS(T13-T12),'IMP Table'!$A$2:$C$26,3)*SIGN(T13-T12),0) | AP13: =IF(AND(ISNUMBER(T13),ISNUMBER(T14)),VLOOKUP(ABS(T13-T14),'IMP Table'!$A$2:$C$26,3)*SIGN(T13-T14),0) | AQ13: =IF(AND(ISNUMBER(T13),ISNUMBER(T15)),VLOOKUP(ABS(T13-T15),'IMP Table'!$A$2:$C$26,3)*SIGN(T13-T15),0) | AR13: =IF(AND(ISNUMBER(T13),ISNUMBER(T16)),VLOOKUP(ABS(T13-T16),'IMP Table'!$A$2:$C$26,3)*SIGN(T13-T16),0)
B14: ='By Round'!A45 | C14: ='By Round'!B55 | D14: ='By Round'!C55 | E14: ='By Round'!D55 | F14: =IF(ISBLANK('By Round'!F56),"",'By Round'!F56) | G14: =IF(ISBLANK('By Round'!G56),"",'By Round'!G56) | H14: =IF(ISBLANK('By Round'!H56),"",'By Round'!H56) | I14: =IF(ISBLANK('By Round'!I56),"",'By Round'!I56) | J14: =IF(ISBLANK('By Round'!J56),"",'By Round'!J56) | K14: =IF(ISBLANK('By Round'!K56),"",'By Round'!K56) | L14: =IF(ISBLANK('By Round'!L56),"",'By Round'!L56) | M14: =AVERAGE(AG14:AL14) | N14: =AVERAGE(AM14:AR14) | O14: =IF(COUNT(U14:Z14)>0,Q14/COUNT(U14:Z14),0.5) | P14: =IF(COUNT(AA14:AF14)>0,R14/COUNT(AA14:AF14),0.5) | Q14: =SUM(U14:Z14) | R14: =SUM(AA14:AF14) | S14: =IF(ISNUMBER(K14),K14,IF(ISNUMBER(L14),-L14,"")) | T14: =IF(ISNUMBER(L14),L14,IF(ISNUMBER(K14),-K14,"")) | U14: =IF(ISNUMBER(S14),IF(ISNUMBER(S10),IF(S14>S10,1.0,IF(S14=S10,0.5,0.0)),""),"") | V14: =IF(ISNUMBER(S14),IF(ISNUMBER(S11),IF(S14>S11,1.0,IF(S14=S11,0.5,0.0)),""),"") | W14: =IF(ISNUMBER(S14),IF(ISNUMBER(S12),IF(S14>S12,1.0,IF(S14=S12,0.5,0.0)),""),"") | X14: =IF(ISNUMBER(S14),IF(ISNUMBER(S13),IF(S14>S13,1.0,IF(S14=S13,0.5,0.0)),""),"") | Y14: =IF(ISNUMBER(S14),IF(ISNUMBER(S15),IF(S14>S15,1.0,IF(S14=S15,0.5,0.0)),""),"") | Z14: =IF(ISNUMBER(S14),IF(ISNUMBER(S16),IF(S14>S16,1.0,IF(S14=S16,0.5,0.0)),""),"") | AA14: =IF(ISNUMBER(T14),IF(ISNUMBER(T10),IF(T14>T10,1.0,IF(T14=T10,0.5,0.0)),""),"") | AB14: =IF(ISNUMBER(T14),IF(ISNUMBER(T11),IF(T14>T11,1.0,IF(T14=T11,0.5,0.0)),""),"") | AC14: =IF(ISNUMBER(T14),IF(ISNUMBER(T12),IF(T14>T12,1.0,IF(T14=T12,0.5,0.0)),""),"") | AD14: =IF(ISNUMBER(T14),IF(ISNUMBER(T13),IF(T14>T13,1.0,IF(T14=T13,0.5,0.0)),""),"") | AE14: =IF(ISNUMBER(T14),IF(ISNUMBER(T15),IF(T14>T15,1.0,IF(T14=T15,0.5,0.0)),""),"") | AF14: =IF(ISNUMBER(T14),IF(ISNUMBER(T16),IF(T14>T16,1.0,IF(T14=T16,0.5,0.0)),""),"") | AG14: =IF(AND(ISNUMBER(S14),ISNUMBER(S10)),VLOOKUP(ABS(S14-S10),'IMP Table'!$A$2:$C$26,3)*SIGN(S14-S10),0) | AH14: =IF(AND(ISNUMBER(S14),ISNUMBER(S11)),VLOOKUP(ABS(S14-S11),'IMP Table'!$A$2:$C$26,3)*SIGN(S14-S11),0) | AI14: =IF(AND(ISNUMBER(S14),ISNUMBER(S12)),VLOOKUP(ABS(S14-S12),'IMP Table'!$A$2:$C$26,3)*SIGN(S14-S12),0) | AJ14: =IF(AND(ISNUMBER(S14),ISNUMBER(S13)),VLOOKUP(ABS(S14-S13),'IMP Table'!$A$2:$C$26,3)*SIGN(S14-S13),0) | AK14: =IF(AND(ISNUMBER(S14),ISNUMBER(S15)),VLOOKUP(ABS(S14-S15),'IMP Table'!$A$2:$C$26,3)*SIGN(S14-S15),0) | AL14: =IF(AND(ISNUMBER(S14),ISNUMBER(S16)),VLOOKUP(ABS(S14-S16),'IMP Table'!$A$2:$C$26,3)*SIGN(S14-S16),0) | AM14: =IF(AND(ISNUMBER(T14),ISNUMBER(T10)),VLOOKUP(ABS(T14-T10),'IMP Table'!$A$2:$C$26,3)*SIGN(T14-T10),0) | AN14: =IF(AND(ISNUMBER(T14),ISNUMBER(T11)),VLOOKUP(ABS(T14-T11),'IMP Table'!$A$2:$C$26,3)*SIGN(T14-T11),0) | AO14: =IF(AND(ISNUMBER(T14),ISNUMBER(T12)),VLOOKUP(ABS(T14-T12),'IMP Table'!$A$2:$C$26,3)*SIGN(T14-T12),0) | AP14: =IF(AND(ISNUMBER(T14),ISNUMBER(T13)),VLOOKUP(ABS(T14-T13),'IMP Table'!$A$2:$C$26,3)*SIGN(T14-T13),0) | AQ14: =IF(AND(ISNUMBER(T14),ISNUMBER(T15)),VLOOKUP(ABS(T14-T15),'IMP Table'!$A$2:$C$26,3)*SIGN(T14-T15),0) | AR14: =IF(AND(ISNUMBER(T14),ISNUMBER(T16)),VLOOKUP(ABS(T14-T16),'IMP Table'!$A$2:$C$26,3)*SIGN(T14-T16),0)
B15: ='By Round'!A143 | C15: ='By Round'!B147 | D15: ='By Round'!C147 | E15: ='By Round'!D147 | F15: =IF(ISBLANK('By Round'!F148),"",'By Round'!F148) | G15: =IF(ISBLANK('By Round'!G148),"",'By Round'!G148) | H15: =IF(ISBLANK('By Round'!H148),"",'By Round'!H148) | I15: =IF(ISBLANK('By Round'!I148),"",'By Round'!I148) | J15: =IF(ISBLANK('By Round'!J148),"",'By Round'!J148) | K15: =IF(ISBLANK('By Round'!K148),"",'By Round'!K148) | L15: =IF(ISBLANK('By Round'!L148),"",'By Round'!L148) | M15: =AVERAGE(AG15:AL15) | N15: =AVERAGE(AM15:AR15) | O15: =IF(COUNT(U15:Z15)>0,Q15/COUNT(U15:Z15),0.5) | P15: =IF(COUNT(AA15:AF15)>0,R15/COUNT(AA15:AF15),0.5) | Q15: =SUM(U15:Z15) | R15: =SUM(AA15:AF15) | S15: =IF(ISNUMBER(K15),K15,IF(ISNUMBER(L15),-L15,"")) | T15: =IF(ISNUMBER(L15),L15,IF(ISNUMBER(K15),-K15,"")) | U15: =IF(ISNUMBER(S15),IF(ISNUMBER(S10),IF(S15>S10,1.0,IF(S15=S10,0.5,0.0)),""),"") | V15: =IF(ISNUMBER(S15),IF(ISNUMBER(S11),IF(S15>S11,1.0,IF(S15=S11,0.5,0.0)),""),"") | W15: =IF(ISNUMBER(S15),IF(ISNUMBER(S12),IF(S15>S12,1.0,IF(S15=S12,0.5,0.0)),""),"") | X15: =IF(ISNUMBER(S15),IF(ISNUMBER(S13),IF(S15>S13,1.0,IF(S15=S13,0.5,0.0)),""),"") | Y15: =IF(ISNUMBER(S15),IF(ISNUMBER(S14),IF(S15>S14,1.0,IF(S15=S14,0.5,0.0)),""),"") | Z15: =IF(ISNUMBER(S15),IF(ISNUMBER(S16),IF(S15>S16,1.0,IF(S15=S16,0.5,0.0)),""),"") | AA15: =IF(ISNUMBER(T15),IF(ISNUMBER(T10),IF(T15>T10,1.0,IF(T15=T10,0.5,0.0)),""),"") | AB15: =IF(ISNUMBER(T15),IF(ISNUMBER(T11),IF(T15>T11,1.0,IF(T15=T11,0.5,0.0)),""),"") | AC15: =IF(ISNUMBER(T15),IF(ISNUMBER(T12),IF(T15>T12,1.0,IF(T15=T12,0.5,0.0)),""),"") | AD15: =IF(ISNUMBER(T15),IF(ISNUMBER(T13),IF(T15>T13,1.0,IF(T15=T13,0.5,0.0)),""),"") | AE15: =IF(ISNUMBER(T15),IF(ISNUMBER(T14),IF(T15>T14,1.0,IF(T15=T14,0.5,0.0)),""),"") | AF15: =IF(ISNUMBER(T15),IF(ISNUMBER(T16),IF(T15>T16,1.0,IF(T15=T16,0.5,0.0)),""),"") | AG15: =IF(AND(ISNUMBER(S15),ISNUMBER(S10)),VLOOKUP(ABS(S15-S10),'IMP Table'!$A$2:$C$26,3)*SIGN(S15-S10),0) | AH15: =IF(AND(ISNUMBER(S15),ISNUMBER(S11)),VLOOKUP(ABS(S15-S11),'IMP Table'!$A$2:$C$26,3)*SIGN(S15-S11),0) | AI15: =IF(AND(ISNUMBER(S15),ISNUMBER(S12)),VLOOKUP(ABS(S15-S12),'IMP Table'!$A$2:$C$26,3)*SIGN(S15-S12),0) | AJ15: =IF(AND(ISNUMBER(S15),ISNUMBER(S13)),VLOOKUP(ABS(S15-S13),'IMP Table'!$A$2:$C$26,3)*SIGN(S15-S13),0) | AK15: =IF(AND(ISNUMBER(S15),ISNUMBER(S14)),VLOOKUP(ABS(S15-S14),'IMP Table'!$A$2:$C$26,3)*SIGN(S15-S14),0) | AL15: =IF(AND(ISNUMBER(S15),ISNUMBER(S16)),VLOOKUP(ABS(S15-S16),'IMP Table'!$A$2:$C$26,3)*SIGN(S15-S16),0) | AM15: =IF(AND(ISNUMBER(T15),ISNUMBER(T10)),VLOOKUP(ABS(T15-T10),'IMP Table'!$A$2:$C$26,3)*SIGN(T15-T10),0) | AN15: =IF(AND(ISNUMBER(T15),ISNUMBER(T11)),VLOOKUP(ABS(T15-T11),'IMP Table'!$A$2:$C$26,3)*SIGN(T15-T11),0) | AO15: =IF(AND(ISNUMBER(T15),ISNUMBER(T12)),VLOOKUP(ABS(T15-T12),'IMP Table'!$A$2:$C$26,3)*SIGN(T15-T12),0) | AP15: =IF(AND(ISNUMBER(T15),ISNUMBER(T13)),VLOOKUP(ABS(T15-T13),'IMP Table'!$A$2:$C$26,3)*SIGN(T15-T13),0) | AQ15: =IF(AND(ISNUMBER(T15),ISNUMBER(T14)),VLOOKUP(ABS(T15-T14),'IMP Table'!$A$2:$C$26,3)*SIGN(T15-T14),0) | AR15: =IF(AND(ISNUMBER(T15),ISNUMBER(T16)),VLOOKUP(ABS(T15-T16),'IMP Table'!$A$2:$C$26,3)*SIGN(T15-T16),0)
B16: ='By Round'!A3 | C16: ='By Round'!B3 | D16: ='By Round'!C3 | E16: ='By Round'!D3 | F16: =IF(ISBLANK('By Round'!F4),"",'By Round'!F4) | G16: =IF(ISBLANK('By Round'!G4),"",'By Round'!G4) | H16: =IF(ISBLANK('By Round'!H4),"",'By Round'!H4) | I16: =IF(ISBLANK('By Round'!I4),"",'By Round'!I4) | J16: =IF(ISBLANK('By Round'!J4),"",'By Round'!J4) | K16: =IF(ISBLANK('By Round'!K4),"",'By Round'!K4) | L16: =IF(ISBLANK('By Round'!L4),"",'By Round'!L4) | M16: =AVERAGE(AG16:AL16) | N16: =AVERAGE(AM16:AR16) | O16: =IF(COUNT(U16:Z16)>0,Q16/COUNT(U16:Z16),0.5) | P16: =IF(COUNT(AA16:AF16)>0,R16/COUNT(AA16:AF16),0.5) | Q16: =SUM(U16:Z16) | R16: =SUM(AA16:AF16) | S16: =IF(ISNUMBER(K16),K16,IF(ISNUMBER(L16),-L16,"")) | T16: =IF(ISNUMBER(L16),L16,IF(ISNUMBER(K16),-K16,"")) | U16: =IF(ISNUMBER(S16),IF(ISNUMBER(S10),IF(S16>S10,1.0,IF(S16=S10,0.5,0.0)),""),"") | V16: =IF(ISNUMBER(S16),IF(ISNUMBER(S11),IF(S16>S11,1.0,IF(S16=S11,0.5,0.0)),""),"") | W16: =IF(ISNUMBER(S16),IF(ISNUMBER(S12),IF(S16>S12,1.0,IF(S16=S12,0.5,0.0)),""),"") | X16: =IF(ISNUMBER(S16),IF(ISNUMBER(S13),IF(S16>S13,1.0,IF(S16=S13,0.5,0.0)),""),"") | Y16: =IF(ISNUMBER(S16),IF(ISNUMBER(S14),IF(S16>S14,1.0,IF(S16=S14,0.5,0.0)),""),"") | Z16: =IF(ISNUMBER(S16),IF(ISNUMBER(S15),IF(S16>S15,1.0,IF(S16=S15,0.5,0.0)),""),"") | AA16: =IF(ISNUMBER(T16),IF(ISNUMBER(T10),IF(T16>T10,1.0,IF(T16=T10,0.5,0.0)),""),"") | AB16: =IF(ISNUMBER(T16),IF(ISNUMBER(T11),IF(T16>T11,1.0,IF(T16=T11,0.5,0.0)),""),"") | AC16: =IF(ISNUMBER(T16),IF(ISNUMBER(T12),IF(T16>T12,1.0,IF(T16=T12,0.5,0.0)),""),"") | AD16: =IF(ISNUMBER(T16),IF(ISNUMBER(T13),IF(T16>T13,1.0,IF(T16=T13,0.5,0.0)),""),"") | AE16: =IF(ISNUMBER(T16),IF(ISNUMBER(T14),IF(T16>T14,1.0,IF(T16=T14,0.5,0.0)),""),"") | AF16: =IF(ISNUMBER(T16),IF(ISNUMBER(T15),IF(T16>T15,1.0,IF(T16=T15,0.5,0.0)),""),"") | AG16: =IF(AND(ISNUMBER(S16),ISNUMBER(S10)),VLOOKUP(ABS(S16-S10),'IMP Table'!$A$2:$C$26,3)*SIGN(S16-S10),0) | AH16: =IF(AND(ISNUMBER(S16),ISNUMBER(S11)),VLOOKUP(ABS(S16-S11),'IMP Table'!$A$2:$C$26,3)*SIGN(S16-S11),0) | AI16: =IF(AND(ISNUMBER(S16),ISNUMBER(S12)),VLOOKUP(ABS(S16-S12),'IMP Table'!$A$2:$C$26,3)*SIGN(S16-S12),0) | AJ16: =IF(AND(ISNUMBER(S16),ISNUMBER(S13)),VLOOKUP(ABS(S16-S13),'IMP Table'!$A$2:$C$26,3)*SIGN(S16-S13),0) | AK16: =IF(AND(ISNUMBER(S16),ISNUMBER(S14)),VLOOKUP(ABS(S16-S14),'IMP Table'!$A$2:$C$26,3)*SIGN(S16-S14),0) | AL16: =IF(AND(ISNUMBER(S16),ISNUMBER(S15)),VLOOKUP(ABS(S16-S15),'IMP Table'!$A$2:$C$26,3)*SIGN(S16-S15),0) | AM16: =IF(AND(ISNUMBER(T16),ISNUMBER(T10)),VLOOKUP(ABS(T16-T10),'IMP Table'!$A$2:$C$26,3)*SIGN(T16-T10),0) | AN16: =IF(AND(ISNUMBER(T16),ISNUMBER(T11)),VLOOKUP(ABS(T16-T11),'IMP Table'!$A$2:$C$26,3)*SIGN(T16-T11),0) | AO16: =IF(AND(ISNUMBER(T16),ISNUMBER(T12)),VLOOKUP(ABS(T16-T12),'IMP Table'!$A$2:$C$26,3)*SIGN(T16-T12),0) | AP16: =IF(AND(ISNUMBER(T16),ISNUMBER(T13)),VLOOKUP(ABS(T16-T13),'IMP Table'!$A$2:$C$26,3)*SIGN(T16-T13),0) | AQ16: =IF(AND(ISNUMBER(T16),ISNUMBER(T14)),VLOOKUP(ABS(T16-T14),'IMP Table'!$A$2:$C$26,3)*SIGN(T16-T14),0) | AR16: =IF(AND(ISNUMBER(T16),ISNUMBER(T15)),VLOOKUP(ABS(T16-T15),'IMP Table'!$A$2:$C$26,3)*SIGN(T16-T15),0)
A17: 3 | B17: ='By Round'!A171 | C17: ='By Round'!B173 | D17: ='By Round'!C173 | E17: ='By Round'!D173 | F17: =IF(ISBLANK('By Round'!F173),"",'By Round'!F173) | G17: =IF(ISBLANK('By Round'!G173),"",'By Round'!G173) | H17: =IF(ISBLANK('By Round'!H173),"",'By Round'!H173) | I17: =IF(ISBLANK('By Round'!I173),"",'By Round'!I173) | J17: =IF(ISBLANK('By Round'!J173),"",'By Round'!J173) | K17: =IF(ISBLANK('By Round'!K173),"",'By Round'!K173) | L17: =IF(ISBLANK('By Round'!L173),"",'By Round'!L173) | M17: =AVERAGE(AG17:AL17) | N17: =AVERAGE(AM17:AR17) | O17: =IF(COUNT(U17:Z17)>0,Q17/COUNT(U17:Z17),0.5) | P17: =IF(COUNT(AA17:AF17)>0,R17/COUNT(AA17:AF17),0.5) | Q17: =SUM(U17:Z17) | R17: =SUM(AA17:AF17) | S17: =IF(ISNUMBER(K17),K17,IF(ISNUMBER(L17),-L17,"")) | T17: =IF(ISNUMBER(L17),L17,IF(ISNUMBER(K17),-K17,"")) | U17: =IF(ISNUMBER(S17),IF(ISNUMBER(S18),IF(S17>S18,1.0,IF(S17=S18,0.5,0.0)),""),"") | V17: =IF(ISNUMBER(S17),IF(ISNUMBER(S19),IF(S17>S19,1.0,IF(S17=S19,0.5,0.0)),""),"") | W17: =IF(ISNUMBER(S17),IF(ISNUMBER(S20),IF(S17>S20,1.0,IF(S17=S20,0.5,0.0)),""),"") | X17: =IF(ISNUMBER(S17),IF(ISNUMBER(S21),IF(S17>S21,1.0,IF(S17=S21,0.5,0.0)),""),"") | Y17: =IF(ISNUMBER(S17),IF(ISNUMBER(S22),IF(S17>S22,1.0,IF(S17=S22,0.5,0.0)),""),"") | Z17: =IF(ISNUMBER(S17),IF(ISNUMBER(S23),IF(S17>S23,1.0,IF(S17=S23,0.5,0.0)),""),"") | AA17: =IF(ISNUMBER(T17),IF(ISNUMBER(T18),IF(T17>T18,1.0,IF(T17=T18,0.5,0.0)),""),"") | AB17: =IF(ISNUMBER(T17),IF(ISNUMBER(T19),IF(T17>T19,1.0,IF(T17=T19,0.5,0.0)),""),"") | AC17: =IF(ISNUMBER(T17),IF(ISNUMBER(T20),IF(T17>T20,1.0,IF(T17=T20,0.5,0.0)),""),"") | AD17: =IF(ISNUMBER(T17),IF(ISNUMBER(T21),IF(T17>T21,1.0,IF(T17=T21,0.5,0.0)),""),"") | AE17: =IF(ISNUMBER(T17),IF(ISNUMBER(T22),IF(T17>T22,1.0,IF(T17=T22,0.5,0.0)),""),"") | AF17: =IF(ISNUMBER(T17),IF(ISNUMBER(T23),IF(T17>T23,1.0,IF(T17=T23,0.5,0.0)),""),"") | AG17: =IF(AND(ISNUMBER(S17),ISNUMBER(S18)),VLOOKUP(ABS(S17-S18),'IMP Table'!$A$2:$C$26,3)*SIGN(S17-S18),0) | AH17: =IF(AND(ISNUMBER(S17),ISNUMBER(S19)),VLOOKUP(ABS(S17-S19),'IMP Table'!$A$2:$C$26,3)*SIGN(S17-S19),0) | AI17: =IF(AND(ISNUMBER(S17),ISNUMBER(S20)),VLOOKUP(ABS(S17-S20),'IMP Table'!$A$2:$C$26,3)*SIGN(S17-S20),0) | AJ17: =IF(AND(ISNUMBER(S17),ISNUMBER(S21)),VLOOKUP(ABS(S17-S21),'IMP Table'!$A$2:$C$26,3)*SIGN(S17-S21),0) | AK17: =IF(AND(ISNUMBER(S17),ISNUMBER(S22)),VLOOKUP(ABS(S17-S22),'IMP Table'!$A$2:$C$26,3)*SIGN(S17-S22),0) | AL17: =IF(AND(ISNUMBER(S17),ISNUMBER(S23)),VLOOKUP(ABS(S17-S23),'IMP Table'!$A$2:$C$26,3)*SIGN(S17-S23),0) | AM17: =IF(AND(ISNUMBER(T17),ISNUMBER(T18)),VLOOKUP(ABS(T17-T18),'IMP Table'!$A$2:$C$26,3)*SIGN(T17-T18),0) | AN17: =IF(AND(ISNUMBER(T17),ISNUMBER(T19)),VLOOKUP(ABS(T17-T19),'IMP Table'!$A$2:$C$26,3)*SIGN(T17-T19),0) | AO17: =IF(AND(ISNUMBER(T17),ISNUMBER(T20)),VLOOKUP(ABS(T17-T20),'IMP Table'!$A$2:$C$26,3)*SIGN(T17-T20),0) | AP17: =IF(AND(ISNUMBER(T17),ISNUMBER(T21)),VLOOKUP(ABS(T17-T21),'IMP Table'!$A$2:$C$26,3)*SIGN(T17-T21),0) | AQ17: =IF(AND(ISNUMBER(T17),ISNUMBER(T22)),VLOOKUP(ABS(T17-T22),'IMP Table'!$A$2:$C$26,3)*SIGN(T17-T22),0) | AR17: =IF(AND(ISNUMBER(T17),ISNUMBER(T23)),VLOOKUP(ABS(T17-T23),'IMP Table'!$A$2:$C$26,3)*SIGN(T17-T23),0)
B18: ='By Round'!A143 | C18: ='By Round'!B149 | D18: ='By Round'!C149 | E18: ='By Round'!D149 | F18: =IF(ISBLANK('By Round'!F149),"",'By Round'!F149) | G18: =IF(ISBLANK('By Round'!G149),"",'By Round'!G149) | H18: =IF(ISBLANK('By Round'!H149),"",'By Round'!H149) | I18: =IF(ISBLANK('By Round'!I149),"",'By Round'!I149) | J18: =IF(ISBLANK('By Round'!J149),"",'By Round'!J149) | K18: =IF(ISBLANK('By Round'!K149),"",'By Round'!K149) | L18: =IF(ISBLANK('By Round'!L149),"",'By Round'!L149) | M18: =AVERAGE(AG18:AL18) | N18: =AVERAGE(AM18:AR18) | O18: =IF(COUNT(U18:Z18)>0,Q18/COUNT(U18:Z18),0.5) | P18: =IF(COUNT(AA18:AF18)>0,R18/COUNT(AA18:AF18),0.5) | Q18: =SUM(U18:Z18) | R18: =SUM(AA18:AF18) | S18: =IF(ISNUMBER(K18),K18,IF(ISNUMBER(L18),-L18,"")) | T18: =IF(ISNUMBER(L18),L18,IF(ISNUMBER(K18),-K18,"")) | U18: =IF(ISNUMBER(S18),IF(ISNUMBER(S17),IF(S18>S17,1.0,IF(S18=S17,0.5,0.0)),""),"") | V18: =IF(ISNUMBER(S18),IF(ISNUMBER(S19),IF(S18>S19,1.0,IF(S18=S19,0.5,0.0)),""),"") | W18: =IF(ISNUMBER(S18),IF(ISNUMBER(S20),IF(S18>S20,1.0,IF(S18=S20,0.5,0.0)),""),"") | X18: =IF(ISNUMBER(S18),IF(ISNUMBER(S21),IF(S18>S21,1.0,IF(S18=S21,0.5,0.0)),""),"") | Y18: =IF(ISNUMBER(S18),IF(ISNUMBER(S22),IF(S18>S22,1.0,IF(S18=S22,0.5,0.0)),""),"") | Z18: =IF(ISNUMBER(S18),IF(ISNUMBER(S23),IF(S18>S23,1.0,IF(S18=S23,0.5,0.0)),""),"") | AA18: =IF(ISNUMBER(T18),IF(ISNUMBER(T17),IF(T18>T17,1.0,IF(T18=T17,0.5,0.0)),""),"") | AB18: =IF(ISNUMBER(T18),IF(ISNUMBER(T19),IF(T18>T19,1.0,IF(T18=T19,0.5,0.0)),""),"") | AC18: =IF(ISNUMBER(T18),IF(ISNUMBER(T20),IF(T18>T20,1.0,IF(T18=T20,0.5,0.0)),""),"") | AD18: =IF(ISNUMBER(T18),IF(ISNUMBER(T21),IF(T18>T21,1.0,IF(T18=T21,0.5,0.0)),""),"") | AE18: =IF(ISNUMBER(T18),IF(ISNUMBER(T22),IF(T18>T22,1.0,IF(T18=T22,0.5,0.0)),""),"") | AF18: =IF(ISNUMBER(T18),IF(ISNUMBER(T23),IF(T18>T23,1.0,IF(T18=T23,0.5,0.0)),""),"") | AG18: =IF(AND(ISNUMBER(S18),ISNUMBER(S17)),VLOOKUP(ABS(S18-S17),'IMP Table'!$A$2:$C$26,3)*SIGN(S18-S17),0) | AH18: =IF(AND(ISNUMBER(S18),ISNUMBER(S19)),VLOOKUP(ABS(S18-S19),'IMP Table'!$A$2:$C$26,3)*SIGN(S18-S19),0) | AI18: =IF(AND(ISNUMBER(S18),ISNUMBER(S20)),VLOOKUP(ABS(S18-S20),'IMP Table'!$A$2:$C$26,3)*SIGN(S18-S20),0) | AJ18: =IF(AND(ISNUMBER(S18),ISNUMBER(S21)),VLOOKUP(ABS(S18-S21),'IMP Table'!$A$2:$C$26,3)*SIGN(S18-S21),0) | AK18: =IF(AND(ISNUMBER(S18),ISNUMBER(S22)),VLOOKUP(ABS(S18-S22),'IMP Table'!$A$2:$C$26,3)*SIGN(S18-S22),0) | AL18: =IF(AND(ISNUMBER(S18),ISNUMBER(S23)),VLOOKUP(ABS(S18-S23),'IMP Table'!$A$2:$C$26,3)*SIGN(S18-S23),0) | AM18: =IF(AND(ISNUMBER(T18),ISNUMBER(T17)),VLOOKUP(ABS(T18-T17),'IMP Table'!$A$2:$C$26,3)*SIGN(T18-T17),0) | AN18: =IF(AND(ISNUMBER(T18),ISNUMBER(T19)),VLOOKUP(ABS(T18-T19),'IMP Table'!$A$2:$C$26,3)*SIGN(T18-T19),0) | AO18: =IF(AND(ISNUMBER(T18),ISNUMBER(T20)),VLOOKUP(ABS(T18-T20),'IMP Table'!$A$2:$C$26,3)*SIGN(T18-T20),0) | AP18: =IF(AND(ISNUMBER(T18),ISNUMBER(T21)),VLOOKUP(ABS(T18-T21),'IMP Table'!$A$2:$C$26,3)*SIGN(T18-T21),0) | AQ18: =IF(AND(ISNUMBER(T18),ISNUMBER(T22)),VLOOKUP(ABS(T18-T22),'IMP Table'!$A$2:$C$26,3)*SIGN(T18-T22),0) | AR18: =IF(AND(ISNUMBER(T18),ISNUMBER(T23)),VLOOKUP(ABS(T18-T23),'IMP Table'!$A$2:$C$26,3)*SIGN(T18-T23),0)
B19: ='By Round'!A45 | C19: ='By Round'!B57 | D19: ='By Round'!C57 | E19: ='By Round'!D57 | F19: =IF(ISBLANK('By Round'!F57),"",'By Round'!F57) | G19: =IF(ISBLANK('By Round'!G57),"",'By Round'!G57) | H19: =IF(ISBLANK('By Round'!H57),"",'By Round'!H57) | I19: =IF(ISBLANK('By Round'!I57),"",'By Round'!I57) | J19: =IF(ISBLANK('By Round'!J57),"",'By Round'!J57) | K19: =IF(ISBLANK('By Round'!K57),"",'By Round'!K57) | L19: =IF(ISBLANK('By Round'!L57),"",'By Round'!L57) | M19: =AVERAGE(AG19:AL19) | N19: =AVERAGE(AM19:AR19) | O19: =IF(COUNT(U19:Z19)>0,Q19/COUNT(U19:Z19),0.5) | P19: =IF(COUNT(AA19:AF19)>0,R19/COUNT(AA19:AF19),0.5) | Q19: =SUM(U19:Z19) | R19: =SUM(AA19:AF19) | S19: =IF(ISNUMBER(K19),K19,IF(ISNUMBER(L19),-L19,"")) | T19: =IF(ISNUMBER(L19),L19,IF(ISNUMBER(K19),-K19,"")) | U19: =IF(ISNUMBER(S19),IF(ISNUMBER(S17),IF(S19>S17,1.0,IF(S19=S17,0.5,0.0)),""),"") | V19: =IF(ISNUMBER(S19),IF(ISNUMBER(S18),IF(S19>S18,1.0,IF(S19=S18,0.5,0.0)),""),"") | W19: =IF(ISNUMBER(S19),IF(ISNUMBER(S20),IF(S19>S20,1.0,IF(S19=S20,0.5,0.0)),""),"") | X19: =IF(ISNUMBER(S19),IF(ISNUMBER(S21),IF(S19>S21,1.0,IF(S19=S21,0.5,0.0)),""),"") | Y19: =IF(ISNUMBER(S19),IF(ISNUMBER(S22),IF(S19>S22,1.0,IF(S19=S22,0.5,0.0)),""),"") | Z19: =IF(ISNUMBER(S19),IF(ISNUMBER(S23),IF(S19>S23,1.0,IF(S19=S23,0.5,0.0)),""),"") | AA19: =IF(ISNUMBER(T19),IF(ISNUMBER(T17),IF(T19>T17,1.0,IF(T19=T17,0.5,0.0)),""),"") | AB19: =IF(ISNUMBER(T19),IF(ISNUMBER(T18),IF(T19>T18,1.0,IF(T19=T18,0.5,0.0)),""),"") | AC19: =IF(ISNUMBER(T19),IF(ISNUMBER(T20),IF(T19>T20,1.0,IF(T19=T20,0.5,0.0)),""),"") | AD19: =IF(ISNUMBER(T19),IF(ISNUMBER(T21),IF(T19>T21,1.0,IF(T19=T21,0.5,0.0)),""),"") | AE19: =IF(ISNUMBER(T19),IF(ISNUMBER(T22),IF(T19>T22,1.0,IF(T19=T22,0.5,0.0)),""),"") | AF19: =IF(ISNUMBER(T19),IF(ISNUMBER(T23),IF(T19>T23,1.0,IF(T19=T23,0.5,0.0)),""),"") | AG19: =IF(AND(ISNUMBER(S19),ISNUMBER(S17)),VLOOKUP(ABS(S19-S17),'IMP Table'!$A$2:$C$26,3)*SIGN(S19-S17),0) | AH19: =IF(AND(ISNUMBER(S19),ISNUMBER(S18)),VLOOKUP(ABS(S19-S18),'IMP Table'!$A$2:$C$26,3)*SIGN(S19-S18),0) | AI19: =IF(AND(ISNUMBER(S19),ISNUMBER(S20)),VLOOKUP(ABS(S19-S20),'IMP Table'!$A$2:$C$26,3)*SIGN(S19-S20),0) | AJ19: =IF(AND(ISNUMBER(S19),ISNUMBER(S21)),VLOOKUP(ABS(S19-S21),'IMP Table'!$A$2:$C$26,3)*SIGN(S19-S21),0) | AK19: =IF(AND(ISNUMBER(S19),ISNUMBER(S22)),VLOOKUP(ABS(S19-S22),'IMP Table'!$A$2:$C$26,3)*SIGN(S19-S22),0) | AL19: =IF(AND(ISNUMBER(S19),ISNUMBER(S23)),VLOOKUP(ABS(S19-S23),'IMP Table'!$A$2:$C$26,3)*SIGN(S19-S23),0) | AM19: =IF(AND(ISNUMBER(T19),ISNUMBER(T17)),VLOOKUP(ABS(T19-T17),'IMP Table'!$A$2:$C$26,3)*SIGN(T19-T17),0) | AN19: =IF(AND(ISNUMBER(T19),ISNUMBER(T18)),VLOOKUP(ABS(T19-T18),'IMP Table'!$A$2:$C$26,3)*SIGN(T19-T18),0) | AO19: =IF(AND(ISNUMBER(T19),ISNUMBER(T20)),VLOOKUP(ABS(T19-T20),'IMP Table'!$A$2:$C$26,3)*SIGN(T19-T20),0) | AP19: =IF(AND(ISNUMBER(T19),ISNUMBER(T21)),VLOOKUP(ABS(T19-T21),'IMP Table'!$A$2:$C$26,3)*SIGN(T19-T21),0) | AQ19: =IF(AND(ISNUMBER(T19),ISNUMBER(T22)),VLOOKUP(ABS(T19-T22),'IMP Table'!$A$2:$C$26,3)*SIGN(T19-T22),0) | AR19: =IF(AND(ISNUMBER(T19),ISNUMBER(T23)),VLOOKUP(ABS(T19-T23),'IMP Table'!$A$2:$C$26,3)*SIGN(T19-T23),0)
B20: ='By Round'!A73 | C20: ='By Round'!B81 | D20: ='By Round'!C81 | E20: ='By Round'!D81 | F20: =IF(ISBLANK('By Round'!F81),"",'By Round'!F81) | G20: =IF(ISBLANK('By Round'!G81),"",'By Round'!G81) | H20: =IF(ISBLANK('By Round'!H81),"",'By Round'!H81) | I20: =IF(ISBLANK('By Round'!I81),"",'By Round'!I81) | J20: =IF(ISBLANK('By Round'!J81),"",'By Round'!J81) | K20: =IF(ISBLANK('By Round'!K81),"",'By Round'!K81) | L20: =IF(ISBLANK('By Round'!L81),"",'By Round'!L81) | M20: =AVERAGE(AG20:AL20) | N20: =AVERAGE(AM20:AR20) | O20: =IF(COUNT(U20:Z20)>0,Q20/COUNT(U20:Z20),0.5) | P20: =IF(COUNT(AA20:AF20)>0,R20/COUNT(AA20:AF20),0.5) | Q20: =SUM(U20:Z20) | R20: =SUM(AA20:AF20) | S20: =IF(ISNUMBER(K20),K20,IF(ISNUMBER(L20),-L20,"")) | T20: =IF(ISNUMBER(L20),L20,IF(ISNUMBER(K20),-K20,"")) | U20: =IF(ISNUMBER(S20),IF(ISNUMBER(S17),IF(S20>S17,1.0,IF(S20=S17,0.5,0.0)),""),"") | V20: =IF(ISNUMBER(S20),IF(ISNUMBER(S18),IF(S20>S18,1.0,IF(S20=S18,0.5,0.0)),""),"") | W20: =IF(ISNUMBER(S20),IF(ISNUMBER(S19),IF(S20>S19,1.0,IF(S20=S19,0.5,0.0)),""),"") | X20: =IF(ISNUMBER(S20),IF(ISNUMBER(S21),IF(S20>S21,1.0,IF(S20=S21,0.5,0.0)),""),"") | Y20: =IF(ISNUMBER(S20),IF(ISNUMBER(S22),IF(S20>S22,1.0,IF(S20=S22,0.5,0.0)),""),"") | Z20: =IF(ISNUMBER(S20),IF(ISNUMBER(S23),IF(S20>S23,1.0,IF(S20=S23,0.5,0.0)),""),"") | AA20: =IF(ISNUMBER(T20),IF(ISNUMBER(T17),IF(T20>T17,1.0,IF(T20=T17,0.5,0.0)),""),"") | AB20: =IF(ISNUMBER(T20),IF(ISNUMBER(T18),IF(T20>T18,1.0,IF(T20=T18,0.5,0.0)),""),"") | AC20: =IF(ISNUMBER(T20),IF(ISNUMBER(T19),IF(T20>T19,1.0,IF(T20=T19,0.5,0.0)),""),"") | AD20: =IF(ISNUMBER(T20),IF(ISNUMBER(T21),IF(T20>T21,1.0,IF(T20=T21,0.5,0.0)),""),"") | AE20: =IF(ISNUMBER(T20),IF(ISNUMBER(T22),IF(T20>T22,1.0,IF(T20=T22,0.5,0.0)),""),"") | AF20: =IF(ISNUMBER(T20),IF(ISNUMBER(T23),IF(T20>T23,1.0,IF(T20=T23,0.5,0.0)),""),"") | AG20: =IF(AND(ISNUMBER(S20),ISNUMBER(S17)),VLOOKUP(ABS(S20-S17),'IMP Table'!$A$2:$C$26,3)*SIGN(S20-S17),0) | AH20: =IF(AND(ISNUMBER(S20),ISNUMBER(S18)),VLOOKUP(ABS(S20-S18),'IMP Table'!$A$2:$C$26,3)*SIGN(S20-S18),0) | AI20: =IF(AND(ISNUMBER(S20),ISNUMBER(S19)),VLOOKUP(ABS(S20-S19),'IMP Table'!$A$2:$C$26,3)*SIGN(S20-S19),0) | AJ20: =IF(AND(ISNUMBER(S20),ISNUMBER(S21)),VLOOKUP(ABS(S20-S21),'IMP Table'!$A$2:$C$26,3)*SIGN(S20-S21),0) | AK20: =IF(AND(ISNUMBER(S20),ISNUMBER(S22)),VLOOKUP(ABS(S20-S22),'IMP Table'!$A$2:$C$26,3)*SIGN(S20-S22),0) | AL20: =IF(AND(ISNUMBER(S20),ISNUMBER(S23)),VLOOKUP(ABS(S20-S23),'IMP Table'!$A$2:$C$26,3)*SIGN(S20-S23),0) | AM20: =IF(AND(ISNUMBER(T20),ISNUMBER(T17)),VLOOKUP(ABS(T20-T17),'IMP Table'!$A$2:$C$26,3)*SIGN(T20-T17),0) | AN20: =IF(AND(ISNUMBER(T20),ISNUMBER(T18)),VLOOKUP(ABS(T20-T18),'IMP Table'!$A$2:$C$26,3)*SIGN(T20-T18),0) | AO20: =IF(AND(ISNUMBER(T20),ISNUMBER(T19)),VLOOKUP(ABS(T20-T19),'IMP Table'!$A$2:$C$26,3)*SIGN(T20-T19),0) | AP20: =IF(AND(ISNUMBER(T20),ISNUMBER(T21)),VLOOKUP(ABS(T20-T21),'IMP Table'!$A$2:$C$26,3)*SIGN(T20-T21),0) | AQ20: =IF(AND(ISNUMBER(T20),ISNUMBER(T22)),VLOOKUP(ABS(T20-T22),'IMP Table'!$A$2:$C$26,3)*SIGN(T20-T22),0) | AR20: =IF(AND(ISNUMBER(T20),ISNUMBER(T23)),VLOOKUP(ABS(T20-T23),'IMP Table'!$A$2:$C$26,3)*SIGN(T20-T23),0)
B21: ='By Round'!A59 | C21: ='By Round'!B69 | D21: ='By Round'!C69 | E21: ='By Round'!D69 | F21: =IF(ISBLANK('By Round'!F69),"",'By Round'!F69) | G21: =IF(ISBLANK('By Round'!G69),"",'By Round'!G69) | H21: =IF(ISBLANK('By Round'!H69),"",'By Round'!H69) | I21: =IF(ISBLANK('By Round'!I69),"",'By Round'!I69) | J21: =IF(ISBLANK('By Round'!J69),"",'By Round'!J69) | K21: =IF(ISBLANK('By Round'!K69),"",'By Round'!K69) | L21: =IF(ISBLANK('By Round'!L69),"",'By Round'!L69) | M21: =AVERAGE(AG21:AL21) | N21: =AVERAGE(AM21:AR21) | O21: =IF(COUNT(U21:Z21)>0,Q21/COUNT(U21:Z21),0.5) | P21: =IF(COUNT(AA21:AF21)>0,R21/COUNT(AA21:AF21),0.5) | Q21: =SUM(U21:Z21) | R21: =SUM(AA21:AF21) | S21: =IF(ISNUMBER(K21),K21,IF(ISNUMBER(L21),-L21,"")) | T21: =IF(ISNUMBER(L21),L21,IF(ISNUMBER(K21),-K21,"")) | U21: =IF(ISNUMBER(S21),IF(ISNUMBER(S17),IF(S21>S17,1.0,IF(S21=S17,0.5,0.0)),""),"") | V21: =IF(ISNUMBER(S21),IF(ISNUMBER(S18),IF(S21>S18,1.0,IF(S21=S18,0.5,0.0)),""),"") | W21: =IF(ISNUMBER(S21),IF(ISNUMBER(S19),IF(S21>S19,1.0,IF(S21=S19,0.5,0.0)),""),"") | X21: =IF(ISNUMBER(S21),IF(ISNUMBER(S20),IF(S21>S20,1.0,IF(S21=S20,0.5,0.0)),""),"") | Y21: =IF(ISNUMBER(S21),IF(ISNUMBER(S22),IF(S21>S22,1.0,IF(S21=S22,0.5,0.0)),""),"") | Z21: =IF(ISNUMBER(S21),IF(ISNUMBER(S23),IF(S21>S23,1.0,IF(S21=S23,0.5,0.0)),""),"") | AA21: =IF(ISNUMBER(T21),IF(ISNUMBER(T17),IF(T21>T17,1.0,IF(T21=T17,0.5,0.0)),""),"") | AB21: =IF(ISNUMBER(T21),IF(ISNUMBER(T18),IF(T21>T18,1.0,IF(T21=T18,0.5,0.0)),""),"") | AC21: =IF(ISNUMBER(T21),IF(ISNUMBER(T19),IF(T21>T19,1.0,IF(T21=T19,0.5,0.0)),""),"") | AD21: =IF(ISNUMBER(T21),IF(ISNUMBER(T20),IF(T21>T20,1.0,IF(T21=T20,0.5,0.0)),""),"") | AE21: =IF(ISNUMBER(T21),IF(ISNUMBER(T22),IF(T21>T22,1.0,IF(T21=T22,0.5,0.0)),""),"") | AF21: =IF(ISNUMBER(T21),IF(ISNUMBER(T23),IF(T21>T23,1.0,IF(T21=T23,0.5,0.0)),""),"") | AG21: =IF(AND(ISNUMBER(S21),ISNUMBER(S17)),VLOOKUP(ABS(S21-S17),'IMP Table'!$A$2:$C$26,3)*SIGN(S21-S17),0) | AH21: =IF(AND(ISNUMBER(S21),ISNUMBER(S18)),VLOOKUP(ABS(S21-S18),'IMP Table'!$A$2:$C$26,3)*SIGN(S21-S18),0) | AI21: =IF(AND(ISNUMBER(S21),ISNUMBER(S19)),VLOOKUP(ABS(S21-S19),'IMP Table'!$A$2:$C$26,3)*SIGN(S21-S19),0) | AJ21: =IF(AND(ISNUMBER(S21),ISNUMBER(S20)),VLOOKUP(ABS(S21-S20),'IMP Table'!$A$2:$C$26,3)*SIGN(S21-S20),0) | AK21: =IF(AND(ISNUMBER(S21),ISNUMBER(S22)),VLOOKUP(ABS(S21-S22),'IMP Table'!$A$2:$C$26,3)*SIGN(S21-S22),0) | AL21: =IF(AND(ISNUMBER(S21),ISNUMBER(S23)),VLOOKUP(ABS(S21-S23),'IMP Table'!$A$2:$C$26,3)*SIGN(S21-S23),0) | AM21: =IF(AND(ISNUMBER(T21),ISNUMBER(T17)),VLOOKUP(ABS(T21-T17),'IMP Table'!$A$2:$C$26,3)*SIGN(T21-T17),0) | AN21: =IF(AND(ISNUMBER(T21),ISNUMBER(T18)),VLOOKUP(ABS(T21-T18),'IMP Table'!$A$2:$C$26,3)*SIGN(T21-T18),0) | AO21: =IF(AND(ISNUMBER(T21),ISNUMBER(T19)),VLOOKUP(ABS(T21-T19),'IMP Table'!$A$2:$C$26,3)*SIGN(T21-T19),0) | AP21: =IF(AND(ISNUMBER(T21),ISNUMBER(T20)),VLOOKUP(ABS(T21-T20),'IMP Table'!$A$2:$C$26,3)*SIGN(T21-T20),0) | AQ21: =IF(AND(ISNUMBER(T21),ISNUMBER(T22)),VLOOKUP(ABS(T21-T22),'IMP Table'!$A$2:$C$26,3)*SIGN(T21-T22),0) | AR21: =IF(AND(ISNUMBER(T21),ISNUMBER(T23)),VLOOKUP(ABS(T21-T23),'IMP Table'!$A$2:$C$26,3)*SIGN(T21-T23),0)
B22: ='By Round'!A157 | C22: ='By Round'!B161 | D22: ='By Round'!C161 | E22: ='By Round'!D161 | F22: =IF(ISBLANK('By Round'!F161),"",'By Round'!F161) | G22: =IF(ISBLANK('By Round'!G161),"",'By Round'!G161) | H22: =IF(ISBLANK('By Round'!H161),"",'By Round'!H161) | I22: =IF(ISBLANK('By Round'!I161),"",'By Round'!I161) | J22: =IF(ISBLANK('By Round'!J161),"",'By Round'!J161) | K22: =IF(ISBLANK('By Round'!K161),"",'By Round'!K161) | L22: =IF(ISBLANK('By Round'!L161),"",'By Round'!L161) | M22: =AVERAGE(AG22:AL22) | N22: =AVERAGE(AM22:AR22) | O22: =IF(COUNT(U22:Z22)>0,Q22/COUNT(U22:Z22),0.5) | P22: =IF(COUNT(AA22:AF22)>0,R22/COUNT(AA22:AF22),0.5) | Q22: =SUM(U22:Z22) | R22: =SUM(AA22:AF22) | S22: =IF(ISNUMBER(K22),K22,IF(ISNUMBER(L22),-L22,"")) | T22: =IF(ISNUMBER(L22),L22,IF(ISNUMBER(K22),-K22,"")) | U22: =IF(ISNUMBER(S22),IF(ISNUMBER(S17),IF(S22>S17,1.0,IF(S22=S17,0.5,0.0)),""),"") | V22: =IF(ISNUMBER(S22),IF(ISNUMBER(S18),IF(S22>S18,1.0,IF(S22=S18,0.5,0.0)),""),"") | W22: =IF(ISNUMBER(S22),IF(ISNUMBER(S19),IF(S22>S19,1.0,IF(S22=S19,0.5,0.0)),""),"") | X22: =IF(ISNUMBER(S22),IF(ISNUMBER(S20),IF(S22>S20,1.0,IF(S22=S20,0.5,0.0)),""),"") | Y22: =IF(ISNUMBER(S22),IF(ISNUMBER(S21),IF(S22>S21,1.0,IF(S22=S21,0.5,0.0)),""),"") | Z22: =IF(ISNUMBER(S22),IF(ISNUMBER(S23),IF(S22>S23,1.0,IF(S22=S23,0.5,0.0)),""),"") | AA22: =IF(ISNUMBER(T22),IF(ISNUMBER(T17),IF(T22>T17,1.0,IF(T22=T17,0.5,0.0)),""),"") | AB22: =IF(ISNUMBER(T22),IF(ISNUMBER(T18),IF(T22>T18,1.0,IF(T22=T18,0.5,0.0)),""),"") | AC22: =IF(ISNUMBER(T22),IF(ISNUMBER(T19),IF(T22>T19,1.0,IF(T22=T19,0.5,0.0)),""),"") | AD22: =IF(ISNUMBER(T22),IF(ISNUMBER(T20),IF(T22>T20,1.0,IF(T22=T20,0.5,0.0)),""),"") | AE22: =IF(ISNUMBER(T22),IF(ISNUMBER(T21),IF(T22>T21,1.0,IF(T22=T21,0.5,0.0)),""),"") | AF22: =IF(ISNUMBER(T22),IF(ISNUMBER(T23),IF(T22>T23,1.0,IF(T22=T23,0.5,0.0)),""),"") | AG22: =IF(AND(ISNUMBER(S22),ISNUMBER(S17)),VLOOKUP(ABS(S22-S17),'IMP Table'!$A$2:$C$26,3)*SIGN(S22-S17),0) | AH22: =IF(AND(ISNUMBER(S22),ISNUMBER(S18)),VLOOKUP(ABS(S22-S18),'IMP Table'!$A$2:$C$26,3)*SIGN(S22-S18),0) | AI22: =IF(AND(ISNUMBER(S22),ISNUMBER(S19)),VLOOKUP(ABS(S22-S19),'IMP Table'!$A$2:$C$26,3)*SIGN(S22-S19),0) | AJ22: =IF(AND(ISNUMBER(S22),ISNUMBER(S20)),VLOOKUP(ABS(S22-S20),'IMP Table'!$A$2:$C$26,3)*SIGN(S22-S20),0) | AK22: =IF(AND(ISNUMBER(S22),ISNUMBER(S21)),VLOOKUP(ABS(S22-S21),'IMP Table'!$A$2:$C$26,3)*SIGN(S22-S21),0) | AL22: =IF(AND(ISNUMBER(S22),ISNUMBER(S23)),VLOOKUP(ABS(S22-S23),'IMP Table'!$A$2:$C$26,3)*SIGN(S22-S23),0) | AM22: =IF(AND(ISNUMBER(T22),ISNUMBER(T17)),VLOOKUP(ABS(T22-T17),'IMP Table'!$A$2:$C$26,3)*SIGN(T22-T17),0) | AN22: =IF(AND(ISNUMBER(T22),ISNUMBER(T18)),VLOOKUP(ABS(T22-T18),'IMP Table'!$A$2:$C$26,3)*SIGN(T22-T18),0) | AO22: =IF(AND(ISNUMBER(T22),ISNUMBER(T19)),VLOOKUP(ABS(T22-T19),'IMP Table'!$A$2:$C$26,3)*SIGN(T22-T19),0) | AP22: =IF(AND(ISNUMBER(T22),ISNUMBER(T20)),VLOOKUP(ABS(T22-T20),'IMP Table'!$A$2:$C$26,3)*SIGN(T22-T20),0) | AQ22: =IF(AND(ISNUMBER(T22),ISNUMBER(T21)),VLOOKUP(ABS(T22-T21),'IMP Table'!$A$2:$C$26,3)*SIGN(T22-T21),0) | AR22: =IF(AND(ISNUMBER(T22),ISNUMBER(T23)),VLOOKUP(ABS(T22-T23),'IMP Table'!$A$2:$C$26,3)*SIGN(T22-T23),0)
B23: ='By Round'!A17 | C23: ='By Round'!B17 | D23: ='By Round'!C17 | E23: ='By Round'!D17 | F23: =IF(ISBLANK('By Round'!F17),"",'By Round'!F17) | G23: =IF(ISBLANK('By Round'!G17),"",'By Round'!G17) | H23: =IF(ISBLANK('By Round'!H17),"",'By Round'!H17) | I23: =IF(ISBLANK('By Round'!I17),"",'By Round'!I17) | J23: =IF(ISBLANK('By Round'!J17),"",'By Round'!J17) | K23: =IF(ISBLANK('By Round'!K17),"",'By Round'!K17) | L23: =IF(ISBLANK('By Round'!L17),"",'By Round'!L17) | M23: =AVERAGE(AG23:AL23) | N23: =AVERAGE(AM23:AR23) | O23: =IF(COUNT(U23:Z23)>0,Q23/COUNT(U23:Z23),0.5) | P23: =IF(COUNT(AA23:AF23)>0,R23/COUNT(AA23:AF23),0.5) | Q23: =SUM(U23:Z23) | R23: =SUM(AA23:AF23) | S23: =IF(ISNUMBER(K23),K23,IF(ISNUMBER(L23),-L23,"")) | T23: =IF(ISNUMBER(L23),L23,IF(ISNUMBER(K23),-K23,"")) | U23: =IF(ISNUMBER(S23),IF(ISNUMBER(S17),IF(S23>S17,1.0,IF(S23=S17,0.5,0.0)),""),"") | V23: =IF(ISNUMBER(S23),IF(ISNUMBER(S18),IF(S23>S18,1.0,IF(S23=S18,0.5,0.0)),""),"") | W23: =IF(ISNUMBER(S23),IF(ISNUMBER(S19),IF(S23>S19,1.0,IF(S23=S19,0.5,0.0)),""),"") | X23: =IF(ISNUMBER(S23),IF(ISNUMBER(S20),IF(S23>S20,1.0,IF(S23=S20,0.5,0.0)),""),"") | Y23: =IF(ISNUMBER(S23),IF(ISNUMBER(S21),IF(S23>S21,1.0,IF(S23=S21,0.5,0.0)),""),"") | Z23: =IF(ISNUMBER(S23),IF(ISNUMBER(S22),IF(S23>S22,1.0,IF(S23=S22,0.5,0.0)),""),"") | AA23: =IF(ISNUMBER(T23),IF(ISNUMBER(T17),IF(T23>T17,1.0,IF(T23=T17,0.5,0.0)),""),"") | AB23: =IF(ISNUMBER(T23),IF(ISNUMBER(T18),IF(T23>T18,1.0,IF(T23=T18,0.5,0.0)),""),"") | AC23: =IF(ISNUMBER(T23),IF(ISNUMBER(T19),IF(T23>T19,1.0,IF(T23=T19,0.5,0.0)),""),"") | AD23: =IF(ISNUMBER(T23),IF(ISNUMBER(T20),IF(T23>T20,1.0,IF(T23=T20,0.5,0.0)),""),"") | AE23: =IF(ISNUMBER(T23),IF(ISNUMBER(T21),IF(T23>T21,1.0,IF(T23=T21,0.5,0.0)),""),"") | AF23: =IF(ISNUMBER(T23),IF(ISNUMBER(T22),IF(T23>T22,1.0,IF(T23=T22,0.5,0.0)),""),"") | AG23: =IF(AND(ISNUMBER(S23),ISNUMBER(S17)),VLOOKUP(ABS(S23-S17),'IMP Table'!$A$2:$C$26,3)*SIGN(S23-S17),0) | AH23: =IF(AND(ISNUMBER(S23),ISNUMBER(S18)),VLOOKUP(ABS(S23-S18),'IMP Table'!$A$2:$C$26,3)*SIGN(S23-S18),0) | AI23: =IF(AND(ISNUMBER(S23),ISNUMBER(S19)),VLOOKUP(ABS(S23-S19),'IMP Table'!$A$2:$C$26,3)*SIGN(S23-S19),0) | AJ23: =IF(AND(ISNUMBER(S23),ISNUMBER(S20)),VLOOKUP(ABS(S23-S20),'IMP Table'!$A$2:$C$26,3)*SIGN(S23-S20),0) | AK23: =IF(AND(ISNUMBER(S23),ISNUMBER(S21)),VLOOKUP(ABS(S23-S21),'IMP Table'!$A$2:$C$26,3)*SIGN(S23-S21),0) | AL23: =IF(AND(ISNUMBER(S23),ISNUMBER(S22)),VLOOKUP(ABS(S23-S22),'IMP Table'!$A$2:$C$26,3)*SIGN(S23-S22),0) | AM23: =IF(AND(ISNUMBER(T23),ISNUMBER(T17)),VLOOKUP(ABS(T23-T17),'IMP Table'!$A$2:$C$26,3)*SIGN(T23-T17),0) | AN23: =IF(AND(ISNUMBER(T23),ISNUMBER(T18)),VLOOKUP(ABS(T23-T18),'IMP Table'!$A$2:$C$26,3)*SIGN(T23-T18),0) | AO23: =IF(AND(ISNUMBER(T23),ISNUMBER(T19)),VLOOKUP(ABS(T23-T19),'IMP Table'!$A$2:$C$26,3)*SIGN(T23-T19),0) | AP23: =IF(AND(ISNUMBER(T23),ISNUMBER(T20)),VLOOKUP(ABS(T23-T20),'IMP Table'!$A$2:$C$26,3)*SIGN(T23-T20),0) | AQ23: =IF(AND(ISNUMBER(T23),ISNUMBER(T21)),VLOOKUP(ABS(T23-T21),'IMP Table'!$A$2:$C$26,3)*SIGN(T23-T21),0) | AR23: =IF(AND(ISNUMBER(T23),ISNUMBER(T22)),VLOOKUP(ABS(T23-T22),'IMP Table'!$A$2:$C$26,3)*SIGN(T23-T22),0)
A24: 4 | B24: ='By Round'!A171 | C24: ='By Round'!B173 | D24: ='By Round'!C173 | E24: ='By Round'!D173 | F24: =IF(ISBLANK('By Round'!F174),"",'By Round'!F174) | G24: =IF(ISBLANK('By Round'!G174),"",'By Round'!G174) | H24: =IF(ISBLANK('By Round'!H174),"",'By Round'!H174) | I24: =IF(ISBLANK('By Round'!I174),"",'By Round'!I174) | J24: =IF(ISBLANK('By Round'!J174),"",'By Round'!J174) | K24: =IF(ISBLANK('By Round'!K174),"",'By Round'!K174) | L24: =IF(ISBLANK('By Round'!L174),"",'By Round'!L174) | M24: =AVERAGE(AG24:AL24) | N24: =AVERAGE(AM24:AR24) | O24: =IF(COUNT(U24:Z24)>0,Q24/COUNT(U24:Z24),0.5) | P24: =IF(COUNT(AA24:AF24)>0,R24/COUNT(AA24:AF24),0.5) | Q24: =SUM(U24:Z24) | R24: =SUM(AA24:AF24) | S24: =IF(ISNUMBER(K24),K24,IF(ISNUMBER(L24),-L24,"")) | T24: =IF(ISNUMBER(L24),L24,IF(ISNUMBER(K24),-K24,"")) | U24: =IF(ISNUMBER(S24),IF(ISNUMBER(S25),IF(S24>S25,1.0,IF(S24=S25,0.5,0.0)),""),"") | V24: =IF(ISNUMBER(S24),IF(ISNUMBER(S26),IF(S24>S26,1.0,IF(S24=S26,0.5,0.0)),""),"") | W24: =IF(ISNUMBER(S24),IF(ISNUMBER(S27),IF(S24>S27,1.0,IF(S24=S27,0.5,0.0)),""),"") | X24: =IF(ISNUMBER(S24),IF(ISNUMBER(S28),IF(S24>S28,1.0,IF(S24=S28,0.5,0.0)),""),"") | Y24: =IF(ISNUMBER(S24),IF(ISNUMBER(S29),IF(S24>S29,1.0,IF(S24=S29,0.5,0.0)),""),"") | Z24: =IF(ISNUMBER(S24),IF(ISNUMBER(S30),IF(S24>S30,1.0,IF(S24=S30,0.5,0.0)),""),"") | AA24: =IF(ISNUMBER(T24),IF(ISNUMBER(T25),IF(T24>T25,1.0,IF(T24=T25,0.5,0.0)),""),"") | AB24: =IF(ISNUMBER(T24),IF(ISNUMBER(T26),IF(T24>T26,1.0,IF(T24=T26,0.5,0.0)),""),"") | AC24: =IF(ISNUMBER(T24),IF(ISNUMBER(T27),IF(T24>T27,1.0,IF(T24=T27,0.5,0.0)),""),"") | AD24: =IF(ISNUMBER(T24),IF(ISNUMBER(T28),IF(T24>T28,1.0,IF(T24=T28,0.5,0.0)),""),"") | AE24: =IF(ISNUMBER(T24),IF(ISNUMBER(T29),IF(T24>T29,1.0,IF(T24=T29,0.5,0.0)),""),"") | AF24: =IF(ISNUMBER(T24),IF(ISNUMBER(T30),IF(T24>T30,1.0,IF(T24=T30,0.5,0.0)),""),"") | AG24: =IF(AND(ISNUMBER(S24),ISNUMBER(S25)),VLOOKUP(ABS(S24-S25),'IMP Table'!$A$2:$C$26,3)*SIGN(S24-S25),0) | AH24: =IF(AND(ISNUMBER(S24),ISNUMBER(S26)),VLOOKUP(ABS(S24-S26),'IMP Table'!$A$2:$C$26,3)*SIGN(S24-S26),0) | AI24: =IF(AND(ISNUMBER(S24),ISNUMBER(S27)),VLOOKUP(ABS(S24-S27),'IMP Table'!$A$2:$C$26,3)*SIGN(S24-S27),0) | AJ24: =IF(AND(ISNUMBER(S24),ISNUMBER(S28)),VLOOKUP(ABS(S24-S28),'IMP Table'!$A$2:$C$26,3)*SIGN(S24-S28),0) | AK24: =IF(AND(ISNUMBER(S24),ISNUMBER(S29)),VLOOKUP(ABS(S24-S29),'IMP Table'!$A$2:$C$26,3)*SIGN(S24-S29),0) | AL24: =IF(AND(ISNUMBER(S24),ISNUMBER(S30)),VLOOKUP(ABS(S24-S30),'IMP Table'!$A$2:$C$26,3)*SIGN(S24-S30),0) | AM24: =IF(AND(ISNUMBER(T24),ISNUMBER(T25)),VLOOKUP(ABS(T24-T25),'IMP Table'!$A$2:$C$26,3)*SIGN(T24-T25),0) | AN24: =IF(AND(ISNUMBER(T24),ISNUMBER(T26)),VLOOKUP(ABS(T24-T26),'IMP Table'!$A$2:$C$26,3)*SIGN(T24-T26),0) | AO24: =IF(AND(ISNUMBER(T24),ISNUMBER(T27)),VLOOKUP(ABS(T24-T27),'IMP Table'!$A$2:$C$26,3)*SIGN(T24-T27),0) | AP24: =IF(AND(ISNUMBER(T24),ISNUMBER(T28)),VLOOKUP(ABS(T24-T28),'IMP Table'!$A$2:$C$26,3)*SIGN(T24-T28),0) | AQ24: =IF(AND(ISNUMBER(T24),ISNUMBER(T29)),VLOOKUP(ABS(T24-T29),'IMP Table'!$A$2:$C$26,3)*SIGN(T24-T29),0) | AR24: =IF(AND(ISNUMBER(T24),ISNUMBER(T30)),VLOOKUP(ABS(T24-T30),'IMP Table'!$A$2:$C$26,3)*SIGN(T24-T30),0)
B25: ='By Round'!A143 | C25: ='By Round'!B149 | D25: ='By Round'!C149 | E25: ='By Round'!D149 | F25: =IF(ISBLANK('By Round'!F150),"",'By Round'!F150) | G25: =IF(ISBLANK('By Round'!G150),"",'By Round'!G150) | H25: =IF(ISBLANK('By Round'!H150),"",'By Round'!H150) | I25: =IF(ISBLANK('By Round'!I150),"",'By Round'!I150) | J25: =IF(ISBLANK('By Round'!J150),"",'By Round'!J150) | K25: =IF(ISBLANK('By Round'!K150),"",'By Round'!K150) | L25: =IF(ISBLANK('By Round'!L150),"",'By Round'!L150) | M25: =AVERAGE(AG25:AL25) | N25: =AVERAGE(AM25:AR25) | O25: =IF(COUNT(U25:Z25)>0,Q25/COUNT(U25:Z25),0.5) | P25: =IF(COUNT(AA25:AF25)>0,R25/COUNT(AA25:AF25),0.5) | Q25: =SUM(U25:Z25) | R25: =SUM(AA25:AF25) | S25: =IF(ISNUMBER(K25),K25,IF(ISNUMBER(L25),-L25,"")) | T25: =IF(ISNUMBER(L25),L25,IF(ISNUMBER(K25),-K25,"")) | U25: =IF(ISNUMBER(S25),IF(ISNUMBER(S24),IF(S25>S24,1.0,IF(S25=S24,0.5,0.0)),""),"") | V25: =IF(ISNUMBER(S25),IF(ISNUMBER(S26),IF(S25>S26,1.0,IF(S25=S26,0.5,0.0)),""),"") | W25: =IF(ISNUMBER(S25),IF(ISNUMBER(S27),IF(S25>S27,1.0,IF(S25=S27,0.5,0.0)),""),"") | X25: =IF(ISNUMBER(S25),IF(ISNUMBER(S28),IF(S25>S28,1.0,IF(S25=S28,0.5,0.0)),""),"") | Y25: =IF(ISNUMBER(S25),IF(ISNUMBER(S29),IF(S25>S29,1.0,IF(S25=S29,0.5,0.0)),""),"") | Z25: =IF(ISNUMBER(S25),IF(ISNUMBER(S30),IF(S25>S30,1.0,IF(S25=S30,0.5,0.0)),""),"") | AA25: =IF(ISNUMBER(T25),IF(ISNUMBER(T24),IF(T25>T24,1.0,IF(T25=T24,0.5,0.0)),""),"") | AB25: =IF(ISNUMBER(T25),IF(ISNUMBER(T26),IF(T25>T26,1.0,IF(T25=T26,0.5,0.0)),""),"") | AC25: =IF(ISNUMBER(T25),IF(ISNUMBER(T27),IF(T25>T27,1.0,IF(T25=T27,0.5,0.0)),""),"") | AD25: =IF(ISNUMBER(T25),IF(ISNUMBER(T28),IF(T25>T28,1.0,IF(T25=T28,0.5,0.0)),""),"") | AE25: =IF(ISNUMBER(T25),IF(ISNUMBER(T29),IF(T25>T29,1.0,IF(T25=T29,0.5,0.0)),""),"") | AF25: =IF(ISNUMBER(T25),IF(ISNUMBER(T30),IF(T25>T30,1.0,IF(T25=T30,0.5,0.0)),""),"") | AG25: =IF(AND(ISNUMBER(S25),ISNUMBER(S24)),VLOOKUP(ABS(S25-S24),'IMP Table'!$A$2:$C$26,3)*SIGN(S25-S24),0) | AH25: =IF(AND(ISNUMBER(S25),ISNUMBER(S26)),VLOOKUP(ABS(S25-S26),'IMP Table'!$A$2:$C$26,3)*SIGN(S25-S26),0) | AI25: =IF(AND(ISNUMBER(S25),ISNUMBER(S27)),VLOOKUP(ABS(S25-S27),'IMP Table'!$A$2:$C$26,3)*SIGN(S25-S27),0) | AJ25: =IF(AND(ISNUMBER(S25),ISNUMBER(S28)),VLOOKUP(ABS(S25-S28),'IMP Table'!$A$2:$C$26,3)*SIGN(S25-S28),0) | AK25: =IF(AND(ISNUMBER(S25),ISNUMBER(S29)),VLOOKUP(ABS(S25-S29),'IMP Table'!$A$2:$C$26,3)*SIGN(S25-S29),0) | AL25: =IF(AND(ISNUMBER(S25),ISNUMBER(S30)),VLOOKUP(ABS(S25-S30),'IMP Table'!$A$2:$C$26,3)*SIGN(S25-S30),0) | AM25: =IF(AND(ISNUMBER(T25),ISNUMBER(T24)),VLOOKUP(ABS(T25-T24),'IMP Table'!$A$2:$C$26,3)*SIGN(T25-T24),0) | AN25: =IF(AND(ISNUMBER(T25),ISNUMBER(T26)),VLOOKUP(ABS(T25-T26),'IMP Table'!$A$2:$C$26,3)*SIGN(T25-T26),0) | AO25: =IF(AND(ISNUMBER(T25),ISNUMBER(T27)),VLOOKUP(ABS(T25-T27),'IMP Table'!$A$2:$C$26,3)*SIGN(T25-T27),0) | AP25: =IF(AND(ISNUMBER(T25),ISNUMBER(T28)),VLOOKUP(ABS(T25-T28),'IMP Table'!$A$2:$C$26,3)*SIGN(T25-T28),0) | AQ25: =IF(AND(ISNUMBER(T25),ISNUMBER(T29)),VLOOKUP(ABS(T25-T29),'IMP Table'!$A$2:$C$26,3)*SIGN(T25-T29),0) | AR25: =IF(AND(ISNUMBER(T25),ISNUMBER(T30)),VLOOKUP(ABS(T25-T30),'IMP Table'!$A$2:$C$26,3)*SIGN(T25-T30),0)
B26: ='By Round'!A45 | C26: ='By Round'!B57 | D26: ='By Round'!C57 | E26: ='By Round'!D57 | F26: =IF(ISBLANK('By Round'!F58),"",'By Round'!F58) | G26: =IF(ISBLANK('By Round'!G58),"",'By Round'!G58) | H26: =IF(ISBLANK('By Round'!H58),"",'By Round'!H58) | I26: =IF(ISBLANK('By Round'!I58),"",'By Round'!I58) | J26: =IF(ISBLANK('By Round'!J58),"",'By Round'!J58) | K26: =IF(ISBLANK('By Round'!K58),"",'By Round'!K58) | L26: =IF(ISBLANK('By Round'!L58),"",'By Round'!L58) | M26: =AVERAGE(AG26:AL26) | N26: =AVERAGE(AM26:AR26) | O26: =IF(COUNT(U26:Z26)>0,Q26/COUNT(U26:Z26),0.5) | P26: =IF(COUNT(AA26:AF26)>0,R26/COUNT(AA26:AF26),0.5) | Q26: =SUM(U26:Z26) | R26: =SUM(AA26:AF26) | S26: =IF(ISNUMBER(K26),K26,IF(ISNUMBER(L26),-L26,"")) | T26: =IF(ISNUMBER(L26),L26,IF(ISNUMBER(K26),-K26,"")) | U26: =IF(ISNUMBER(S26),IF(ISNUMBER(S24),IF(S26>S24,1.0,IF(S26=S24,0.5,0.0)),""),"") | V26: =IF(ISNUMBER(S26),IF(ISNUMBER(S25),IF(S26>S25,1.0,IF(S26=S25,0.5,0.0)),""),"") | W26: =IF(ISNUMBER(S26),IF(ISNUMBER(S27),IF(S26>S27,1.0,IF(S26=S27,0.5,0.0)),""),"") | X26: =IF(ISNUMBER(S26),IF(ISNUMBER(S28),IF(S26>S28,1.0,IF(S26=S28,0.5,0.0)),""),"") | Y26: =IF(ISNUMBER(S26),IF(ISNUMBER(S29),IF(S26>S29,1.0,IF(S26=S29,0.5,0.0)),""),"") | Z26: =IF(ISNUMBER(S26),IF(ISNUMBER(S30),IF(S26>S30,1.0,IF(S26=S30,0.5,0.0)),""),"") | AA26: =IF(ISNUMBER(T26),IF(ISNUMBER(T24),IF(T26>T24,1.0,IF(T26=T24,0.5,0.0)),""),"") | AB26: =IF(ISNUMBER(T26),IF(ISNUMBER(T25),IF(T26>T25,1.0,IF(T26=T25,0.5,0.0)),""),"") | AC26: =IF(ISNUMBER(T26),IF(ISNUMBER(T27),IF(T26>T27,1.0,IF(T26=T27,0.5,0.0)),""),"") | AD26: =IF(ISNUMBER(T26),IF(ISNUMBER(T28),IF(T26>T28,1.0,IF(T26=T28,0.5,0.0)),""),"") | AE26: =IF(ISNUMBER(T26),IF(ISNUMBER(T29),IF(T26>T29,1.0,IF(T26=T29,0.5,0.0)),""),"") | AF26: =IF(ISNUMBER(T26),IF(ISNUMBER(T30),IF(T26>T30,1.0,IF(T26=T30,0.5,0.0)),""),"") | AG26: =IF(AND(ISNUMBER(S26),ISNUMBER(S24)),VLOOKUP(ABS(S26-S24),'IMP Table'!$A$2:$C$26,3)*SIGN(S26-S24),0) | AH26: =IF(AND(ISNUMBER(S26),ISNUMBER(S25)),VLOOKUP(ABS(S26-S25),'IMP Table'!$A$2:$C$26,3)*SIGN(S26-S25),0) | AI26: =IF(AND(ISNUMBER(S26),ISNUMBER(S27)),VLOOKUP(ABS(S26-S27),'IMP Table'!$A$2:$C$26,3)*SIGN(S26-S27),0) | AJ26: =IF(AND(ISNUMBER(S26),ISNUMBER(S28)),VLOOKUP(ABS(S26-S28),'IMP Table'!$A$2:$C$26,3)*SIGN(S26-S28),0) | AK26: =IF(AND(ISNUMBER(S26),ISNUMBER(S29)),VLOOKUP(ABS(S26-S29),'IMP Table'!$A$2:$C$26,3)*SIGN(S26-S29),0) | AL26: =IF(AND(ISNUMBER(S26),ISNUMBER(S30)),VLOOKUP(ABS(S26-S30),'IMP Table'!$A$2:$C$26,3)*SIGN(S26-S30),0) | AM26: =IF(AND(ISNUMBER(T26),ISNUMBER(T24)),VLOOKUP(ABS(T26-T24),'IMP Table'!$A$2:$C$26,3)*SIGN(T26-T24),0) | AN26: =IF(AND(ISNUMBER(T26),ISNUMBER(T25)),VLOOKUP(ABS(T26-T25),'IMP Table'!$A$2:$C$26,3)*SIGN(T26-T25),0) | AO26: =IF(AND(ISNUMBER(T26),ISNUMBER(T27)),VLOOKUP(ABS(T26-T27),'IMP Table'!$A$2:$C$26,3)*SIGN(T26-T27),0) | AP26: =IF(AND(ISNUMBER(T26),ISNUMBER(T28)),VLOOKUP(ABS(T26-T28),'IMP Table'!$A$2:$C$26,3)*SIGN(T26-T28),0) | AQ26: =IF(AND(ISNUMBER(T26),ISNUMBER(T29)),VLOOKUP(ABS(T26-T29),'IMP Table'!$A$2:$C$26,3)*SIGN(T26-T29),0) | AR26: =IF(AND(ISNUMBER(T26),ISNUMBER(T30)),VLOOKUP(ABS(T26-T30),'IMP Table'!$A$2:$C$26,3)*SIGN(T26-T30),0)
B27: ='By Round'!A73 | C27: ='By Round'!B81 | D27: ='By Round'!C81 | E27: ='By Round'!D81 | F27: =IF(ISBLANK('By Round'!F82),"",'By Round'!F82) | G27: =IF(ISBLANK('By Round'!G82),"",'By Round'!G82) | H27: =IF(ISBLANK('By Round'!H82),"",'By Round'!H82) | I27: =IF(ISBLANK('By Round'!I82),"",'By Round'!I82) | J27: =IF(ISBLANK('By Round'!J82),"",'By Round'!J82) | K27: =IF(ISBLANK('By Round'!K82),"",'By Round'!K82) | L27: =IF(ISBLANK('By Round'!L82),"",'By Round'!L82) | M27: =AVERAGE(AG27:AL27) | N27: =AVERAGE(AM27:AR27) | O27: =IF(COUNT(U27:Z27)>0,Q27/COUNT(U27:Z27),0.5) | P27: =IF(COUNT(AA27:AF27)>0,R27/COUNT(AA27:AF27),0.5) | Q27: =SUM(U27:Z27) | R27: =SUM(AA27:AF27) | S27: =IF(ISNUMBER(K27),K27,IF(ISNUMBER(L27),-L27,"")) | T27: =IF(ISNUMBER(L27),L27,IF(ISNUMBER(K27),-K27,"")) | U27: =IF(ISNUMBER(S27),IF(ISNUMBER(S24),IF(S27>S24,1.0,IF(S27=S24,0.5,0.0)),""),"") | V27: =IF(ISNUMBER(S27),IF(ISNUMBER(S25),IF(S27>S25,1.0,IF(S27=S25,0.5,0.0)),""),"") | W27: =IF(ISNUMBER(S27),IF(ISNUMBER(S26),IF(S27>S26,1.0,IF(S27=S26,0.5,0.0)),""),"") | X27: =IF(ISNUMBER(S27),IF(ISNUMBER(S28),IF(S27>S28,1.0,IF(S27=S28,0.5,0.0)),""),"") | Y27: =IF(ISNUMBER(S27),IF(ISNUMBER(S29),IF(S27>S29,1.0,IF(S27=S29,0.5,0.0)),""),"") | Z27: =IF(ISNUMBER(S27),IF(ISNUMBER(S30),IF(S27>S30,1.0,IF(S27=S30,0.5,0.0)),""),"") | AA27: =IF(ISNUMBER(T27),IF(ISNUMBER(T24),IF(T27>T24,1.0,IF(T27=T24,0.5,0.0)),""),"") | AB27: =IF(ISNUMBER(T27),IF(ISNUMBER(T25),IF(T27>T25,1.0,IF(T27=T25,0.5,0.0)),""),"") | AC27: =IF(ISNUMBER(T27),IF(ISNUMBER(T26),IF(T27>T26,1.0,IF(T27=T26,0.5,0.0)),""),"") | AD27: =IF(ISNUMBER(T27),IF(ISNUMBER(T28),IF(T27>T28,1.0,IF(T27=T28,0.5,0.0)),""),"") | AE27: =IF(ISNUMBER(T27),IF(ISNUMBER(T29),IF(T27>T29,1.0,IF(T27=T29,0.5,0.0)),""),"") | AF27: =IF(ISNUMBER(T27),IF(ISNUMBER(T30),IF(T27>T30,1.0,IF(T27=T30,0.5,0.0)),""),"") | AG27: =IF(AND(ISNUMBER(S27),ISNUMBER(S24)),VLOOKUP(ABS(S27-S24),'IMP Table'!$A$2:$C$26,3)*SIGN(S27-S24),0) | AH27: =IF(AND(ISNUMBER(S27),ISNUMBER(S25)),VLOOKUP(ABS(S27-S25),'IMP Table'!$A$2:$C$26,3)*SIGN(S27-S25),0) | AI27: =IF(AND(ISNUMBER(S27),ISNUMBER(S26)),VLOOKUP(ABS(S27-S26),'IMP Table'!$A$2:$C$26,3)*SIGN(S27-S26),0) | AJ27: =IF(AND(ISNUMBER(S27),ISNUMBER(S28)),VLOOKUP(ABS(S27-S28),'IMP Table'!$A$2:$C$26,3)*SIGN(S27-S28),0) | AK27: =IF(AND(ISNUMBER(S27),ISNUMBER(S29)),VLOOKUP(ABS(S27-S29),'IMP Table'!$A$2:$C$26,3)*SIGN(S27-S29),0) | AL27: =IF(AND(ISNUMBER(S27),ISNUMBER(S30)),VLOOKUP(ABS(S27-S30),'IMP Table'!$A$2:$C$26,3)*SIGN(S27-S30),0) | AM27: =IF(AND(ISNUMBER(T27),ISNUMBER(T24)),VLOOKUP(ABS(T27-T24),'IMP Table'!$A$2:$C$26,3)*SIGN(T27-T24),0) | AN27: =IF(AND(ISNUMBER(T27),ISNUMBER(T25)),VLOOKUP(ABS(T27-T25),'IMP Table'!$A$2:$C$26,3)*SIGN(T27-T25),0) | AO27: =IF(AND(ISNUMBER(T27),ISNUMBER(T26)),VLOOKUP(ABS(T27-T26),'IMP Table'!$A$2:$C$26,3)*SIGN(T27-T26),0) | AP27: =IF(AND(ISNUMBER(T27),ISNUMBER(T28)),VLOOKUP(ABS(T27-T28),'IMP Table'!$A$2:$C$26,3)*SIGN(T27-T28),0) | AQ27: =IF(AND(ISNUMBER(T27),ISNUMBER(T29)),VLOOKUP(ABS(T27-T29),'IMP Table'!$A$2:$C$26,3)*SIGN(T27-T29),0) | AR27: =IF(AND(ISNUMBER(T27),ISNUMBER(T30)),VLOOKUP(ABS(T27-T30),'IMP Table'!$A$2:$C$26,3)*SIGN(T27-T30),0)
B28: ='By Round'!A59 | C28: ='By Round'!B69 | D28: ='By Round'!C69 | E28: ='By Round'!D69 | F28: =IF(ISBLANK('By Round'!F70),"",'By Round'!F70) | G28: =IF(ISBLANK('By Round'!G70),"",'By Round'!G70) | H28: =IF(ISBLANK('By Round'!H70),"",'By Round'!H70) | I28: =IF(ISBLANK('By Round'!I70),"",'By Round'!I70) | J28: =IF(ISBLANK('By Round'!J70),"",'By Round'!J70) | K28: =IF(ISBLANK('By Round'!K70),"",'By Round'!K70) | L28: =IF(ISBLANK('By Round'!L70),"",'By Round'!L70) | M28: =AVERAGE(AG28:AL28) | N28: =AVERAGE(AM28:AR28) | O28: =IF(COUNT(U28:Z28)>0,Q28/COUNT(U28:Z28),0.5) | P28: =IF(COUNT(AA28:AF28)>0,R28/COUNT(AA28:AF28),0.5) | Q28: =SUM(U28:Z28) | R28: =SUM(AA28:AF28) | S28: =IF(ISNUMBER(K28),K28,IF(ISNUMBER(L28),-L28,"")) | T28: =IF(ISNUMBER(L28),L28,IF(ISNUMBER(K28),-K28,"")) | U28: =IF(ISNUMBER(S28),IF(ISNUMBER(S24),IF(S28>S24,1.0,IF(S28=S24,0.5,0.0)),""),"") | V28: =IF(ISNUMBER(S28),IF(ISNUMBER(S25),IF(S28>S25,1.0,IF(S28=S25,0.5,0.0)),""),"") | W28: =IF(ISNUMBER(S28),IF(ISNUMBER(S26),IF(S28>S26,1.0,IF(S28=S26,0.5,0.0)),""),"") | X28: =IF(ISNUMBER(S28),IF(ISNUMBER(S27),IF(S28>S27,1.0,IF(S28=S27,0.5,0.0)),""),"") | Y28: =IF(ISNUMBER(S28),IF(ISNUMBER(S29),IF(S28>S29,1.0,IF(S28=S29,0.5,0.0)),""),"") | Z28: =IF(ISNUMBER(S28),IF(ISNUMBER(S30),IF(S28>S30,1.0,IF(S28=S30,0.5,0.0)),""),"") | AA28: =IF(ISNUMBER(T28),IF(ISNUMBER(T24),IF(T28>T24,1.0,IF(T28=T24,0.5,0.0)),""),"") | AB28: =IF(ISNUMBER(T28),IF(ISNUMBER(T25),IF(T28>T25,1.0,IF(T28=T25,0.5,0.0)),""),"") | AC28: =IF(ISNUMBER(T28),IF(ISNUMBER(T26),IF(T28>T26,1.0,IF(T28=T26,0.5,0.0)),""),"") | AD28: =IF(ISNUMBER(T28),IF(ISNUMBER(T27),IF(T28>T27,1.0,IF(T28=T27,0.5,0.0)),""),"") | AE28: =IF(ISNUMBER(T28),IF(ISNUMBER(T29),IF(T28>T29,1.0,IF(T28=T29,0.5,0.0)),""),"") | AF28: =IF(ISNUMBER(T28),IF(ISNUMBER(T30),IF(T28>T30,1.0,IF(T28=T30,0.5,0.0)),""),"") | AG28: =IF(AND(ISNUMBER(S28),ISNUMBER(S24)),VLOOKUP(ABS(S28-S24),'IMP Table'!$A$2:$C$26,3)*SIGN(S28-S24),0) | AH28: =IF(AND(ISNUMBER(S28),ISNUMBER(S25)),VLOOKUP(ABS(S28-S25),'IMP Table'!$A$2:$C$26,3)*SIGN(S28-S25),0) | AI28: =IF(AND(ISNUMBER(S28),ISNUMBER(S26)),VLOOKUP(ABS(S28-S26),'IMP Table'!$A$2:$C$26,3)*SIGN(S28-S26),0) | AJ28: =IF(AND(ISNUMBER(S28),ISNUMBER(S27)),VLOOKUP(ABS(S28-S27),'IMP Table'!$A$2:$C$26,3)*SIGN(S28-S27),0) | AK28: =IF(AND(ISNUMBER(S28),ISNUMBER(S29)),VLOOKUP(ABS(S28-S29),'IMP Table'!$A$2:$C$26,3)*SIGN(S28-S29),0) | AL28: =IF(AND(ISNUMBER(S28),ISNUMBER(S30)),VLOOKUP(ABS(S28-S30),'IMP Table'!$A$2:$C$26,3)*SIGN(S28-S30),0) | AM28: =IF(AND(ISNUMBER(T28),ISNUMBER(T24)),VLOOKUP(ABS(T28-T24),'IMP Table'!$A$2:$C$26,3)*SIGN(T28-T24),0) | AN28: =IF(AND(ISNUMBER(T28),ISNUMBER(T25)),VLOOKUP(ABS(T28-T25),'IMP Table'!$A$2:$C$26,3)*SIGN(T28-T25),0) | AO28: =IF(AND(ISNUMBER(T28),ISNUMBER(T26)),VLOOKUP(ABS(T28-T26),'IMP Table'!$A$2:$C$26,3)*SIGN(T28-T26),0) | AP28: =IF(AND(ISNUMBER(T28),ISNUMBER(T27)),VLOOKUP(ABS(T28-T27),'IMP Table'!$A$2:$C$26,3)*SIGN(T28-T27),0) | AQ28: =IF(AND(ISNUMBER(T28),ISNUMBER(T29)),VLOOKUP(ABS(T28-T29),'IMP Table'!$A$2:$C$26,3)*SIGN(T28-T29),0) | AR28: =IF(AND(ISNUMBER(T28),ISNUMBER(T30)),VLOOKUP(ABS(T28-T30),'IMP Table'!$A$2:$C$26,3)*SIGN(T28-T30),0)
B29: ='By Round'!A157 | C29: ='By Round'!B161 | D29: ='By Round'!C161 | E29: ='By Round'!D161 | F29: =IF(ISBLANK('By Round'!F162),"",'By Round'!F162) | G29: =IF(ISBLANK('By Round'!G162),"",'By Round'!G162) | H29: =IF(ISBLANK('By Round'!H162),"",'By Round'!H162) | I29: =IF(ISBLANK('By Round'!I162),"",'By Round'!I162) | J29: =IF(ISBLANK('By Round'!J162),"",'By Round'!J162) | K29: =IF(ISBLANK('By Round'!K162),"",'By Round'!K162) | L29: =IF(ISBLANK('By Round'!L162),"",'By Round'!L162) | M29: =AVERAGE(AG29:AL29) | N29: =AVERAGE(AM29:AR29) | O29: =IF(COUNT(U29:Z29)>0,Q29/COUNT(U29:Z29),0.5) | P29: =IF(COUNT(AA29:AF29)>0,R29/COUNT(AA29:AF29),0.5) | Q29: =SUM(U29:Z29) | R29: =SUM(AA29:AF29) | S29: =IF(ISNUMBER(K29),K29,IF(ISNUMBER(L29),-L29,"")) | T29: =IF(ISNUMBER(L29),L29,IF(ISNUMBER(K29),-K29,"")) | U29: =IF(ISNUMBER(S29),IF(ISNUMBER(S24),IF(S29>S24,1.0,IF(S29=S24,0.5,0.0)),""),"") | V29: =IF(ISNUMBER(S29),IF(ISNUMBER(S25),IF(S29>S25,1.0,IF(S29=S25,0.5,0.0)),""),"") | W29: =IF(ISNUMBER(S29),IF(ISNUMBER(S26),IF(S29>S26,1.0,IF(S29=S26,0.5,0.0)),""),"") | X29: =IF(ISNUMBER(S29),IF(ISNUMBER(S27),IF(S29>S27,1.0,IF(S29=S27,0.5,0.0)),""),"") | Y29: =IF(ISNUMBER(S29),IF(ISNUMBER(S28),IF(S29>S28,1.0,IF(S29=S28,0.5,0.0)),""),"") | Z29: =IF(ISNUMBER(S29),IF(ISNUMBER(S30),IF(S29>S30,1.0,IF(S29=S30,0.5,0.0)),""),"") | AA29: =IF(ISNUMBER(T29),IF(ISNUMBER(T24),IF(T29>T24,1.0,IF(T29=T24,0.5,0.0)),""),"") | AB29: =IF(ISNUMBER(T29),IF(ISNUMBER(T25),IF(T29>T25,1.0,IF(T29=T25,0.5,0.0)),""),"") | AC29: =IF(ISNUMBER(T29),IF(ISNUMBER(T26),IF(T29>T26,1.0,IF(T29=T26,0.5,0.0)),""),"") | AD29: =IF(ISNUMBER(T29),IF(ISNUMBER(T27),IF(T29>T27,1.0,IF(T29=T27,0.5,0.0)),""),"") | AE29: =IF(ISNUMBER(T29),IF(ISNUMBER(T28),IF(T29>T28,1.0,IF(T29=T28,0.5,0.0)),""),"") | AF29: =IF(ISNUMBER(T29),IF(ISNUMBER(T30),IF(T29>T30,1.0,IF(T29=T30,0.5,0.0)),""),"") | AG29: =IF(AND(ISNUMBER(S29),ISNUMBER(S24)),VLOOKUP(ABS(S29-S24),'IMP Table'!$A$2:$C$26,3)*SIGN(S29-S24),0) | AH29: =IF(AND(ISNUMBER(S29),ISNUMBER(S25)),VLOOKUP(ABS(S29-S25),'IMP Table'!$A$2:$C$26,3)*SIGN(S29-S25),0) | AI29: =IF(AND(ISNUMBER(S29),ISNUMBER(S26)),VLOOKUP(ABS(S29-S26),'IMP Table'!$A$2:$C$26,3)*SIGN(S29-S26),0) | AJ29: =IF(AND(ISNUMBER(S29),ISNUMBER(S27)),VLOOKUP(ABS(S29-S27),'IMP Table'!$A$2:$C$26,3)*SIGN(S29-S27),0) | AK29: =IF(AND(ISNUMBER(S29),ISNUMBER(S28)),VLOOKUP(ABS(S29-S28),'IMP Table'!$A$2:$C$26,3)*SIGN(S29-S28),0) | AL29: =IF(AND(ISNUMBER(S29),ISNUMBER(S30)),VLOOKUP(ABS(S29-S30),'IMP Table'!$A$2:$C$26,3)*SIGN(S29-S30),0) | AM29: =IF(AND(ISNUMBER(T29),ISNUMBER(T24)),VLOOKUP(ABS(T29-T24),'IMP Table'!$A$2:$C$26,3)*SIGN(T29-T24),0) | AN29: =IF(AND(ISNUMBER(T29),ISNUMBER(T25)),VLOOKUP(ABS(T29-T25),'IMP Table'!$A$2:$C$26,3)*SIGN(T29-T25),0) | AO29: =IF(AND(ISNUMBER(T29),ISNUMBER(T26)),VLOOKUP(ABS(T29-T26),'IMP Table'!$A$2:$C$26,3)*SIGN(T29-T26),0) | AP29: =IF(AND(ISNUMBER(T29),ISNUMBER(T27)),VLOOKUP(ABS(T29-T27),'IMP Table'!$A$2:$C$26,3)*SIGN(T29-T27),0) | AQ29: =IF(AND(ISNUMBER(T29),ISNUMBER(T28)),VLOOKUP(ABS(T29-T28),'IMP Table'!$A$2:$C$26,3)*SIGN(T29-T28),0) | AR29: =IF(AND(ISNUMBER(T29),ISNUMBER(T30)),VLOOKUP(ABS(T29-T30),'IMP Table'!$A$2:$C$26,3)*SIGN(T29-T30),0)
B30: ='By Round'!A17 | C30: ='By Round'!B17 | D30: ='By Round'!C17 | E30: ='By Round'!D17 | F30: =IF(ISBLANK('By Round'!F18),"",'By Round'!F18) | G30: =IF(ISBLANK('By Round'!G18),"",'By Round'!G18) | H30: =IF(ISBLANK('By Round'!H18),"",'By Round'!H18) | I30: =IF(ISBLANK('By Round'!I18),"",'By Round'!I18) | J30: =IF(ISBLANK('By Round'!J18),"",'By Round'!J18) | K30: =IF(ISBLANK('By Round'!K18),"",'By Round'!K18) | L30: =IF(ISBLANK('By Round'!L18),"",'By Round'!L18) | M30: =AVERAGE(AG30:AL30) | N30: =AVERAGE(AM30:AR30) | O30: =IF(COUNT(U30:Z30)>0,Q30/COUNT(U30:Z30),0.5) | P30: =IF(COUNT(AA30:AF30)>0,R30/COUNT(AA30:AF30),0.5) | Q30: =SUM(U30:Z30) | R30: =SUM(AA30:AF30) | S30: =IF(ISNUMBER(K30),K30,IF(ISNUMBER(L30),-L30,"")) | T30: =IF(ISNUMBER(L30),L30,IF(ISNUMBER(K30),-K30,"")) | U30: =IF(ISNUMBER(S30),IF(ISNUMBER(S24),IF(S30>S24,1.0,IF(S30=S24,0.5,0.0)),""),"") | V30: =IF(ISNUMBER(S30),IF(ISNUMBER(S25),IF(S30>S25,1.0,IF(S30=S25,0.5,0.0)),""),"") | W30: =IF(ISNUMBER(S30),IF(ISNUMBER(S26),IF(S30>S26,1.0,IF(S30=S26,0.5,0.0)),""),"") | X30: =IF(ISNUMBER(S30),IF(ISNUMBER(S27),IF(S30>S27,1.0,IF(S30=S27,0.5,0.0)),""),"") | Y30: =IF(ISNUMBER(S30),IF(ISNUMBER(S28),IF(S30>S28,1.0,IF(S30=S28,0.5,0.0)),""),"") | Z30: =IF(ISNUMBER(S30),IF(ISNUMBER(S29),IF(S30>S29,1.0,IF(S30=S29,0.5,0.0)),""),"") | AA30: =IF(ISNUMBER(T30),IF(ISNUMBER(T24),IF(T30>T24,1.0,IF(T30=T24,0.5,0.0)),""),"") | AB30: =IF(ISNUMBER(T30),IF(ISNUMBER(T25),IF(T30>T25,1.0,IF(T30=T25,0.5,0.0)),""),"") | AC30: =IF(ISNUMBER(T30),IF(ISNUMBER(T26),IF(T30>T26,1.0,IF(T30=T26,0.5,0.0)),""),"") | AD30: =IF(ISNUMBER(T30),IF(ISNUMBER(T27),IF(T30>T27,1.0,IF(T30=T27,0.5,0.0)),""),"") | AE30: =IF(ISNUMBER(T30),IF(ISNUMBER(T28),IF(T30>T28,1.0,IF(T30=T28,0.5,0.0)),""),"") | AF30: =IF(ISNUMBER(T30),IF(ISNUMBER(T29),IF(T30>T29,1.0,IF(T30=T29,0.5,0.0)),""),"") | AG30: =IF(AND(ISNUMBER(S30),ISNUMBER(S24)),VLOOKUP(ABS(S30-S24),'IMP Table'!$A$2:$C$26,3)*SIGN(S30-S24),0) | AH30: =IF(AND(ISNUMBER(S30),ISNUMBER(S25)),VLOOKUP(ABS(S30-S25),'IMP Table'!$A$2:$C$26,3)*SIGN(S30-S25),0) | AI30: =IF(AND(ISNUMBER(S30),ISNUMBER(S26)),VLOOKUP(ABS(S30-S26),'IMP Table'!$A$2:$C$26,3)*SIGN(S30-S26),0) | AJ30: =IF(AND(ISNUMBER(S30),ISNUMBER(S27)),VLOOKUP(ABS(S30-S27),'IMP Table'!$A$2:$C$26,3)*SIGN(S30-S27),0) | AK30: =IF(AND(ISNUMBER(S30),ISNUMBER(S28)),VLOOKUP(ABS(S30-S28),'IMP Table'!$A$2:$C$26,3)*SIGN(S30-S28),0) | AL30: =IF(AND(ISNUMBER(S30),ISNUMBER(S29)),VLOOKUP(ABS(S30-S29),'IMP Table'!$A$2:$C$26,3)*SIGN(S30-S29),0) | AM30: =IF(AND(ISNUMBER(T30),ISNUMBER(T24)),VLOOKUP(ABS(T30-T24),'IMP Table'!$A$2:$C$26,3)*SIGN(T30-T24),0) | AN30: =IF(AND(ISNUMBER(T30),ISNUMBER(T25)),VLOOKUP(ABS(T30-T25),'IMP Table'!$A$2:$C$26,3)*SIGN(T30-T25),0) | AO30: =IF(AND(ISNUMBER(T30),ISNUMBER(T26)),VLOOKUP(ABS(T30-T26),'IMP Table'!$A$2:$C$26,3)*SIGN(T30-T26),0) | AP30: =IF(AND(ISNUMBER(T30),ISNUMBER(T27)),VLOOKUP(ABS(T30-T27),'IMP Table'!$A$2:$C$26,3)*SIGN(T30-T27),0) | AQ30: =IF(AND(ISNUMBER(T30),ISNUMBER(T28)),VLOOKUP(ABS(T30-T28),'IMP Table'!$A$2:$C$26,3)*SIGN(T30-T28),0) | AR30: =IF(AND(ISNUMBER(T30),ISNUMBER(T29)),VLOOKUP(ABS(T30-T29),'IMP Table'!$A$2:$C$26,3)*SIGN(T30-T29),0)
A31: 5 | B31: ='By Round'!A171 | C31: ='By Round'!B175 | D31: ='By Round'!C175 | E31: ='By Round'!D175 | F31: =IF(ISBLANK('By Round'!F175),"",'By Round'!F175) | G31: =IF(ISBLANK('By Round'!G175),"",'By Round'!G175) | H31: =IF(ISBLANK('By Round'!H175),"",'By Round'!H175) | I31: =IF(ISBLANK('By Round'!I175),"",'By Round'!I175) | J31: =IF(ISBLANK('By Round'!J175),"",'By Round'!J175) | K31: =IF(ISBLANK('By Round'!K175),"",'By Round'!K175) | L31: =IF(ISBLANK('By Round'!L175),"",'By Round'!L175) | M31: =AVERAGE(AG31:AL31) | N31: =AVERAGE(AM31:AR31) | O31: =IF(COUNT(U31:Z31)>0,Q31/COUNT(U31:Z31),0.5) | P31: =IF(COUNT(AA31:AF31)>0,R31/COUNT(AA31:AF31),0.5) | Q31: =SUM(U31:Z31) | R31: =SUM(AA31:AF31) | S31: =IF(ISNUMBER(K31),K31,IF(ISNUMBER(L31),-L31,"")) | T31: =IF(ISNUMBER(L31),L31,IF(ISNUMBER(K31),-K31,"")) | U31: =IF(ISNUMBER(S31),IF(ISNUMBER(S32),IF(S31>S32,1.0,IF(S31=S32,0.5,0.0)),""),"") | V31: =IF(ISNUMBER(S31),IF(ISNUMBER(S33),IF(S31>S33,1.0,IF(S31=S33,0.5,0.0)),""),"") | W31: =IF(ISNUMBER(S31),IF(ISNUMBER(S34),IF(S31>S34,1.0,IF(S31=S34,0.5,0.0)),""),"") | X31: =IF(ISNUMBER(S31),IF(ISNUMBER(S35),IF(S31>S35,1.0,IF(S31=S35,0.5,0.0)),""),"") | Y31: =IF(ISNUMBER(S31),IF(ISNUMBER(S36),IF(S31>S36,1.0,IF(S31=S36,0.5,0.0)),""),"") | Z31: =IF(ISNUMBER(S31),IF(ISNUMBER(S37),IF(S31>S37,1.0,IF(S31=S37,0.5,0.0)),""),"") | AA31: =IF(ISNUMBER(T31),IF(ISNUMBER(T32),IF(T31>T32,1.0,IF(T31=T32,0.5,0.0)),""),"") | AB31: =IF(ISNUMBER(T31),IF(ISNUMBER(T33),IF(T31>T33,1.0,IF(T31=T33,0.5,0.0)),""),"") | AC31: =IF(ISNUMBER(T31),IF(ISNUMBER(T34),IF(T31>T34,1.0,IF(T31=T34,0.5,0.0)),""),"") | AD31: =IF(ISNUMBER(T31),IF(ISNUMBER(T35),IF(T31>T35,1.0,IF(T31=T35,0.5,0.0)),""),"") | AE31: =IF(ISNUMBER(T31),IF(ISNUMBER(T36),IF(T31>T36,1.0,IF(T31=T36,0.5,0.0)),""),"") | AF31: =IF(ISNUMBER(T31),IF(ISNUMBER(T37),IF(T31>T37,1.0,IF(T31=T37,0.5,0.0)),""),"") | AG31: =IF(AND(ISNUMBER(S31),ISNUMBER(S32)),VLOOKUP(ABS(S31-S32),'IMP Table'!$A$2:$C$26,3)*SIGN(S31-S32),0) | AH31: =IF(AND(ISNUMBER(S31),ISNUMBER(S33)),VLOOKUP(ABS(S31-S33),'IMP Table'!$A$2:$C$26,3)*SIGN(S31-S33),0) | AI31: =IF(AND(ISNUMBER(S31),ISNUMBER(S34)),VLOOKUP(ABS(S31-S34),'IMP Table'!$A$2:$C$26,3)*SIGN(S31-S34),0) | AJ31: =IF(AND(ISNUMBER(S31),ISNUMBER(S35)),VLOOKUP(ABS(S31-S35),'IMP Table'!$A$2:$C$26,3)*SIGN(S31-S35),0) | AK31: =IF(AND(ISNUMBER(S31),ISNUMBER(S36)),VLOOKUP(ABS(S31-S36),'IMP Table'!$A$2:$C$26,3)*SIGN(S31-S36),0) | AL31: =IF(AND(ISNUMBER(S31),ISNUMBER(S37)),VLOOKUP(ABS(S31-S37),'IMP Table'!$A$2:$C$26,3)*SIGN(S31-S37),0) | AM31: =IF(AND(ISNUMBER(T31),ISNUMBER(T32)),VLOOKUP(ABS(T31-T32),'IMP Table'!$A$2:$C$26,3)*SIGN(T31-T32),0) | AN31: =IF(AND(ISNUMBER(T31),ISNUMBER(T33)),VLOOKUP(ABS(T31-T33),'IMP Table'!$A$2:$C$26,3)*SIGN(T31-T33),0) | AO31: =IF(AND(ISNUMBER(T31),ISNUMBER(T34)),VLOOKUP(ABS(T31-T34),'IMP Table'!$A$2:$C$26,3)*SIGN(T31-T34),0) | AP31: =IF(AND(ISNUMBER(T31),ISNUMBER(T35)),VLOOKUP(ABS(T31-T35),'IMP Table'!$A$2:$C$26,3)*SIGN(T31-T35),0) | AQ31: =IF(AND(ISNUMBER(T31),ISNUMBER(T36)),VLOOKUP(ABS(T31-T36),'IMP Table'!$A$2:$C$26,3)*SIGN(T31-T36),0) | AR31: =IF(AND(ISNUMBER(T31),ISNUMBER(T37)),VLOOKUP(ABS(T31-T37),'IMP Table'!$A$2:$C$26,3)*SIGN(T31-T37),0)
B32: ='By Round'!A3 | C32: ='By Round'!B5 | D32: ='By Round'!C5 | E32: ='By Round'!D5 | F32: =IF(ISBLANK('By Round'!F5),"",'By Round'!F5) | G32: =IF(ISBLANK('By Round'!G5),"",'By Round'!G5) | H32: =IF(ISBLANK('By Round'!H5),"",'By Round'!H5) | I32: =IF(ISBLANK('By Round'!I5),"",'By Round'!I5) | J32: =IF(ISBLANK('By Round'!J5),"",'By Round'!J5) | K32: =IF(ISBLANK('By Round'!K5),"",'By Round'!K5) | L32: =IF(ISBLANK('By Round'!L5),"",'By Round'!L5) | M32: =AVERAGE(AG32:AL32) | N32: =AVERAGE(AM32:AR32) | O32: =IF(COUNT(U32:Z32)>0,Q32/COUNT(U32:Z32),0.5) | P32: =IF(COUNT(AA32:AF32)>0,R32/COUNT(AA32:AF32),0.5) | Q32: =SUM(U32:Z32) | R32: =SUM(AA32:AF32) | S32: =IF(ISNUMBER(K32),K32,IF(ISNUMBER(L32),-L32,"")) | T32: =IF(ISNUMBER(L32),L32,IF(ISNUMBER(K32),-K32,"")) | U32: =IF(ISNUMBER(S32),IF(ISNUMBER(S31),IF(S32>S31,1.0,IF(S32=S31,0.5,0.0)),""),"") | V32: =IF(ISNUMBER(S32),IF(ISNUMBER(S33),IF(S32>S33,1.0,IF(S32=S33,0.5,0.0)),""),"") | W32: =IF(ISNUMBER(S32),IF(ISNUMBER(S34),IF(S32>S34,1.0,IF(S32=S34,0.5,0.0)),""),"") | X32: =IF(ISNUMBER(S32),IF(ISNUMBER(S35),IF(S32>S35,1.0,IF(S32=S35,0.5,0.0)),""),"") | Y32: =IF(ISNUMBER(S32),IF(ISNUMBER(S36),IF(S32>S36,1.0,IF(S32=S36,0.5,0.0)),""),"") | Z32: =IF(ISNUMBER(S32),IF(ISNUMBER(S37),IF(S32>S37,1.0,IF(S32=S37,0.5,0.0)),""),"") | AA32: =IF(ISNUMBER(T32),IF(ISNUMBER(T31),IF(T32>T31,1.0,IF(T32=T31,0.5,0.0)),""),"") | AB32: =IF(ISNUMBER(T32),IF(ISNUMBER(T33),IF(T32>T33,1.0,IF(T32=T33,0.5,0.0)),""),"") | AC32: =IF(ISNUMBER(T32),IF(ISNUMBER(T34),IF(T32>T34,1.0,IF(T32=T34,0.5,0.0)),""),"") | AD32: =IF(ISNUMBER(T32),IF(ISNUMBER(T35),IF(T32>T35,1.0,IF(T32=T35,0.5,0.0)),""),"") | AE32: =IF(ISNUMBER(T32),IF(ISNUMBER(T36),IF(T32>T36,1.0,IF(T32=T36,0.5,0.0)),""),"") | AF32: =IF(ISNUMBER(T32),IF(ISNUMBER(T37),IF(T32>T37,1.0,IF(T32=T37,0.5,0.0)),""),"") | AG32: =IF(AND(ISNUMBER(S32),ISNUMBER(S31)),VLOOKUP(ABS(S32-S31),'IMP Table'!$A$2:$C$26,3)*SIGN(S32-S31),0) | AH32: =IF(AND(ISNUMBER(S32),ISNUMBER(S33)),VLOOKUP(ABS(S32-S33),'IMP Table'!$A$2:$C$26,3)*SIGN(S32-S33),0) | AI32: =IF(AND(ISNUMBER(S32),ISNUMBER(S34)),VLOOKUP(ABS(S32-S34),'IMP Table'!$A$2:$C$26,3)*SIGN(S32-S34),0) | AJ32: =IF(AND(ISNUMBER(S32),ISNUMBER(S35)),VLOOKUP(ABS(S32-S35),'IMP Table'!$A$2:$C$26,3)*SIGN(S32-S35),0) | AK32: =IF(AND(ISNUMBER(S32),ISNUMBER(S36)),VLOOKUP(ABS(S32-S36),'IMP Table'!$A$2:$C$26,3)*SIGN(S32-S36),0) | AL32: =IF(AND(ISNUMBER(S32),ISNUMBER(S37)),VLOOKUP(ABS(S32-S37),'IMP Table'!$A$2:$C$26,3)*SIGN(S32-S37),0) | AM32: =IF(AND(ISNUMBER(T32),ISNUMBER(T31)),VLOOKUP(ABS(T32-T31),'IMP Table'!$A$2:$C$26,3)*SIGN(T32-T31),0) | AN32: =IF(AND(ISNUMBER(T32),ISNUMBER(T33)),VLOOKUP(ABS(T32-T33),'IMP Table'!$A$2:$C$26,3)*SIGN(T32-T33),0) | AO32: =IF(AND(ISNUMBER(T32),ISNUMBER(T34)),VLOOKUP(ABS(T32-T34),'IMP Table'!$A$2:$C$26,3)*SIGN(T32-T34),0) | AP32: =IF(AND(ISNUMBER(T32),ISNUMBER(T35)),VLOOKUP(ABS(T32-T35),'IMP Table'!$A$2:$C$26,3)*SIGN(T32-T35),0) | AQ32: =IF(AND(ISNUMBER(T32),ISNUMBER(T36)),VLOOKUP(ABS(T32-T36),'IMP Table'!$A$2:$C$26,3)*SIGN(T32-T36),0) | AR32: =IF(AND(ISNUMBER(T32),ISNUMBER(T37)),VLOOKUP(ABS(T32-T37),'IMP Table'!$A$2:$C$26,3)*SIGN(T32-T37),0)
B33: ='By Round'!A157 | C33: ='By Round'!B163 | D33: ='By Round'!C163 | E33: ='By Round'!D163 | F33: =IF(ISBLANK('By Round'!F163),"",'By Round'!F163) | G33: =IF(ISBLANK('By Round'!G163),"",'By Round'!G163) | H33: =IF(ISBLANK('By Round'!H163),"",'By Round'!H163) | I33: =IF(ISBLANK('By Round'!I163),"",'By Round'!I163) | J33: =IF(ISBLANK('By Round'!J163),"",'By Round'!J163) | K33: =IF(ISBLANK('By Round'!K163),"",'By Round'!K163) | L33: =IF(ISBLANK('By Round'!L163),"",'By Round'!L163) | M33: =AVERAGE(AG33:AL33) | N33: =AVERAGE(AM33:AR33) | O33: =IF(COUNT(U33:Z33)>0,Q33/COUNT(U33:Z33),0.5) | P33: =IF(COUNT(AA33:AF33)>0,R33/COUNT(AA33:AF33),0.5) | Q33: =SUM(U33:Z33) | R33: =SUM(AA33:AF33) | S33: =IF(ISNUMBER(K33),K33,IF(ISNUMBER(L33),-L33,"")) | T33: =IF(ISNUMBER(L33),L33,IF(ISNUMBER(K33),-K33,"")) | U33: =IF(ISNUMBER(S33),IF(ISNUMBER(S31),IF(S33>S31,1.0,IF(S33=S31,0.5,0.0)),""),"") | V33: =IF(ISNUMBER(S33),IF(ISNUMBER(S32),IF(S33>S32,1.0,IF(S33=S32,0.5,0.0)),""),"") | W33: =IF(ISNUMBER(S33),IF(ISNUMBER(S34),IF(S33>S34,1.0,IF(S33=S34,0.5,0.0)),""),"") | X33: =IF(ISNUMBER(S33),IF(ISNUMBER(S35),IF(S33>S35,1.0,IF(S33=S35,0.5,0.0)),""),"") | Y33: =IF(ISNUMBER(S33),IF(ISNUMBER(S36),IF(S33>S36,1.0,IF(S33=S36,0.5,0.0)),""),"") | Z33: =IF(ISNUMBER(S33),IF(ISNUMBER(S37),IF(S33>S37,1.0,IF(S33=S37,0.5,0.0)),""),"") | AA33: =IF(ISNUMBER(T33),IF(ISNUMBER(T31),IF(T33>T31,1.0,IF(T33=T31,0.5,0.0)),""),"") | AB33: =IF(ISNUMBER(T33),IF(ISNUMBER(T32),IF(T33>T32,1.0,IF(T33=T32,0.5,0.0)),""),"") | AC33: =IF(ISNUMBER(T33),IF(ISNUMBER(T34),IF(T33>T34,1.0,IF(T33=T34,0.5,0.0)),""),"") | AD33: =IF(ISNUMBER(T33),IF(ISNUMBER(T35),IF(T33>T35,1.0,IF(T33=T35,0.5,0.0)),""),"") | AE33: =IF(ISNUMBER(T33),IF(ISNUMBER(T36),IF(T33>T36,1.0,IF(T33=T36,0.5,0.0)),""),"") | AF33: =IF(ISNUMBER(T33),IF(ISNUMBER(T37),IF(T33>T37,1.0,IF(T33=T37,0.5,0.0)),""),"") | AG33: =IF(AND(ISNUMBER(S33),ISNUMBER(S31)),VLOOKUP(ABS(S33-S31),'IMP Table'!$A$2:$C$26,3)*SIGN(S33-S31),0) | AH33: =IF(AND(ISNUMBER(S33),ISNUMBER(S32)),VLOOKUP(ABS(S33-S32),'IMP Table'!$A$2:$C$26,3)*SIGN(S33-S32),0) | AI33: =IF(AND(ISNUMBER(S33),ISNUMBER(S34)),VLOOKUP(ABS(S33-S34),'IMP Table'!$A$2:$C$26,3)*SIGN(S33-S34),0) | AJ33: =IF(AND(ISNUMBER(S33),ISNUMBER(S35)),VLOOKUP(ABS(S33-S35),'IMP Table'!$A$2:$C$26,3)*SIGN(S33-S35),0) | AK33: =IF(AND(ISNUMBER(S33),ISNUMBER(S36)),VLOOKUP(ABS(S33-S36),'IMP Table'!$A$2:$C$26,3)*SIGN(S33-S36),0) | AL33: =IF(AND(ISNUMBER(S33),ISNUMBER(S37)),VLOOKUP(ABS(S33-S37),'IMP Table'!$A$2:$C$26,3)*SIGN(S33-S37),0) | AM33: =IF(AND(ISNUMBER(T33),ISNUMBER(T31)),VLOOKUP(ABS(T33-T31),'IMP Table'!$A$2:$C$26,3)*SIGN(T33-T31),0) | AN33: =IF(AND(ISNUMBER(T33),ISNUMBER(T32)),VLOOKUP(ABS(T33-T32),'IMP Table'!$A$2:$C$26,3)*SIGN(T33-T32),0) | AO33: =IF(AND(ISNUMBER(T33),ISNUMBER(T34)),VLOOKUP(ABS(T33-T34),'IMP Table'!$A$2:$C$26,3)*SIGN(T33-T34),0) | AP33: =IF(AND(ISNUMBER(T33),ISNUMBER(T35)),VLOOKUP(ABS(T33-T35),'IMP Table'!$A$2:$C$26,3)*SIGN(T33-T35),0) | AQ33: =IF(AND(ISNUMBER(T33),ISNUMBER(T36)),VLOOKUP(ABS(T33-T36),'IMP Table'!$A$2:$C$26,3)*SIGN(T33-T36),0) | AR33: =IF(AND(ISNUMBER(T33),ISNUMBER(T37)),VLOOKUP(ABS(T33-T37),'IMP Table'!$A$2:$C$26,3)*SIGN(T33-T37),0)
B34: ='By Round'!A59 | C34: ='By Round'!B71 | D34: ='By Round'!C71 | E34: ='By Round'!D71 | F34: =IF(ISBLANK('By Round'!F71),"",'By Round'!F71) | G34: =IF(ISBLANK('By Round'!G71),"",'By Round'!G71) | H34: =IF(ISBLANK('By Round'!H71),"",'By Round'!H71) | I34: =IF(ISBLANK('By Round'!I71),"",'By Round'!I71) | J34: =IF(ISBLANK('By Round'!J71),"",'By Round'!J71) | K34: =IF(ISBLANK('By Round'!K71),"",'By Round'!K71) | L34: =IF(ISBLANK('By Round'!L71),"",'By Round'!L71) | M34: =AVERAGE(AG34:AL34) | N34: =AVERAGE(AM34:AR34) | O34: =IF(COUNT(U34:Z34)>0,Q34/COUNT(U34:Z34),0.5) | P34: =IF(COUNT(AA34:AF34)>0,R34/COUNT(AA34:AF34),0.5) | Q34: =SUM(U34:Z34) | R34: =SUM(AA34:AF34) | S34: =IF(ISNUMBER(K34),K34,IF(ISNUMBER(L34),-L34,"")) | T34: =IF(ISNUMBER(L34),L34,IF(ISNUMBER(K34),-K34,"")) | U34: =IF(ISNUMBER(S34),IF(ISNUMBER(S31),IF(S34>S31,1.0,IF(S34=S31,0.5,0.0)),""),"") | V34: =IF(ISNUMBER(S34),IF(ISNUMBER(S32),IF(S34>S32,1.0,IF(S34=S32,0.5,0.0)),""),"") | W34: =IF(ISNUMBER(S34),IF(ISNUMBER(S33),IF(S34>S33,1.0,IF(S34=S33,0.5,0.0)),""),"") | X34: =IF(ISNUMBER(S34),IF(ISNUMBER(S35),IF(S34>S35,1.0,IF(S34=S35,0.5,0.0)),""),"") | Y34: =IF(ISNUMBER(S34),IF(ISNUMBER(S36),IF(S34>S36,1.0,IF(S34=S36,0.5,0.0)),""),"") | Z34: =IF(ISNUMBER(S34),IF(ISNUMBER(S37),IF(S34>S37,1.0,IF(S34=S37,0.5,0.0)),""),"") | AA34: =IF(ISNUMBER(T34),IF(ISNUMBER(T31),IF(T34>T31,1.0,IF(T34=T31,0.5,0.0)),""),"") | AB34: =IF(ISNUMBER(T34),IF(ISNUMBER(T32),IF(T34>T32,1.0,IF(T34=T32,0.5,0.0)),""),"") | AC34: =IF(ISNUMBER(T34),IF(ISNUMBER(T33),IF(T34>T33,1.0,IF(T34=T33,0.5,0.0)),""),"") | AD34: =IF(ISNUMBER(T34),IF(ISNUMBER(T35),IF(T34>T35,1.0,IF(T34=T35,0.5,0.0)),""),"") | AE34: =IF(ISNUMBER(T34),IF(ISNUMBER(T36),IF(T34>T36,1.0,IF(T34=T36,0.5,0.0)),""),"") | AF34: =IF(ISNUMBER(T34),IF(ISNUMBER(T37),IF(T34>T37,1.0,IF(T34=T37,0.5,0.0)),""),"") | AG34: =IF(AND(ISNUMBER(S34),ISNUMBER(S31)),VLOOKUP(ABS(S34-S31),'IMP Table'!$A$2:$C$26,3)*SIGN(S34-S31),0) | AH34: =IF(AND(ISNUMBER(S34),ISNUMBER(S32)),VLOOKUP(ABS(S34-S32),'IMP Table'!$A$2:$C$26,3)*SIGN(S34-S32),0) | AI34: =IF(AND(ISNUMBER(S34),ISNUMBER(S33)),VLOOKUP(ABS(S34-S33),'IMP Table'!$A$2:$C$26,3)*SIGN(S34-S33),0) | AJ34: =IF(AND(ISNUMBER(S34),ISNUMBER(S35)),VLOOKUP(ABS(S34-S35),'IMP Table'!$A$2:$C$26,3)*SIGN(S34-S35),0) | AK34: =IF(AND(ISNUMBER(S34),ISNUMBER(S36)),VLOOKUP(ABS(S34-S36),'IMP Table'!$A$2:$C$26,3)*SIGN(S34-S36),0) | AL34: =IF(AND(ISNUMBER(S34),ISNUMBER(S37)),VLOOKUP(ABS(S34-S37),'IMP Table'!$A$2:$C$26,3)*SIGN(S34-S37),0) | AM34: =IF(AND(ISNUMBER(T34),ISNUMBER(T31)),VLOOKUP(ABS(T34-T31),'IMP Table'!$A$2:$C$26,3)*SIGN(T34-T31),0) | AN34: =IF(AND(ISNUMBER(T34),ISNUMBER(T32)),VLOOKUP(ABS(T34-T32),'IMP Table'!$A$2:$C$26,3)*SIGN(T34-T32),0) | AO34: =IF(AND(ISNUMBER(T34),ISNUMBER(T33)),VLOOKUP(ABS(T34-T33),'IMP Table'!$A$2:$C$26,3)*SIGN(T34-T33),0) | AP34: =IF(AND(ISNUMBER(T34),ISNUMBER(T35)),VLOOKUP(ABS(T34-T35),'IMP Table'!$A$2:$C$26,3)*SIGN(T34-T35),0) | AQ34: =IF(AND(ISNUMBER(T34),ISNUMBER(T36)),VLOOKUP(ABS(T34-T36),'IMP Table'!$A$2:$C$26,3)*SIGN(T34-T36),0) | AR34: =IF(AND(ISNUMBER(T34),ISNUMBER(T37)),VLOOKUP(ABS(T34-T37),'IMP Table'!$A$2:$C$26,3)*SIGN(T34-T37),0)
B35: ='By Round'!A87 | C35: ='By Round'!B95 | D35: ='By Round'!C95 | E35: ='By Round'!D95 | F35: =IF(ISBLANK('By Round'!F95),"",'By Round'!F95) | G35: =IF(ISBLANK('By Round'!G95),"",'By Round'!G95) | H35: =IF(ISBLANK('By Round'!H95),"",'By Round'!H95) | I35: =IF(ISBLANK('By Round'!I95),"",'By Round'!I95) | J35: =IF(ISBLANK('By Round'!J95),"",'By Round'!J95) | K35: =IF(ISBLANK('By Round'!K95),"",'By Round'!K95) | L35: =IF(ISBLANK('By Round'!L95),"",'By Round'!L95) | M35: =AVERAGE(AG35:AL35) | N35: =AVERAGE(AM35:AR35) | O35: =IF(COUNT(U35:Z35)>0,Q35/COUNT(U35:Z35),0.5) | P35: =IF(COUNT(AA35:AF35)>0,R35/COUNT(AA35:AF35),0.5) | Q35: =SUM(U35:Z35) | R35: =SUM(AA35:AF35) | S35: =IF(ISNUMBER(K35),K35,IF(ISNUMBER(L35),-L35,"")) | T35: =IF(ISNUMBER(L35),L35,IF(ISNUMBER(K35),-K35,"")) | U35: =IF(ISNUMBER(S35),IF(ISNUMBER(S31),IF(S35>S31,1.0,IF(S35=S31,0.5,0.0)),""),"") | V35: =IF(ISNUMBER(S35),IF(ISNUMBER(S32),IF(S35>S32,1.0,IF(S35=S32,0.5,0.0)),""),"") | W35: =IF(ISNUMBER(S35),IF(ISNUMBER(S33),IF(S35>S33,1.0,IF(S35=S33,0.5,0.0)),""),"") | X35: =IF(ISNUMBER(S35),IF(ISNUMBER(S34),IF(S35>S34,1.0,IF(S35=S34,0.5,0.0)),""),"") | Y35: =IF(ISNUMBER(S35),IF(ISNUMBER(S36),IF(S35>S36,1.0,IF(S35=S36,0.5,0.0)),""),"") | Z35: =IF(ISNUMBER(S35),IF(ISNUMBER(S37),IF(S35>S37,1.0,IF(S35=S37,0.5,0.0)),""),"") | AA35: =IF(ISNUMBER(T35),IF(ISNUMBER(T31),IF(T35>T31,1.0,IF(T35=T31,0.5,0.0)),""),"") | AB35: =IF(ISNUMBER(T35),IF(ISNUMBER(T32),IF(T35>T32,1.0,IF(T35=T32,0.5,0.0)),""),"") | AC35: =IF(ISNUMBER(T35),IF(ISNUMBER(T33),IF(T35>T33,1.0,IF(T35=T33,0.5,0.0)),""),"") | AD35: =IF(ISNUMBER(T35),IF(ISNUMBER(T34),IF(T35>T34,1.0,IF(T35=T34,0.5,0.0)),""),"") | AE35: =IF(ISNUMBER(T35),IF(ISNUMBER(T36),IF(T35>T36,1.0,IF(T35=T36,0.5,0.0)),""),"") | AF35: =IF(ISNUMBER(T35),IF(ISNUMBER(T37),IF(T35>T37,1.0,IF(T35=T37,0.5,0.0)),""),"") | AG35: =IF(AND(ISNUMBER(S35),ISNUMBER(S31)),VLOOKUP(ABS(S35-S31),'IMP Table'!$A$2:$C$26,3)*SIGN(S35-S31),0) | AH35: =IF(AND(ISNUMBER(S35),ISNUMBER(S32)),VLOOKUP(ABS(S35-S32),'IMP Table'!$A$2:$C$26,3)*SIGN(S35-S32),0) | AI35: =IF(AND(ISNUMBER(S35),ISNUMBER(S33)),VLOOKUP(ABS(S35-S33),'IMP Table'!$A$2:$C$26,3)*SIGN(S35-S33),0) | AJ35: =IF(AND(ISNUMBER(S35),ISNUMBER(S34)),VLOOKUP(ABS(S35-S34),'IMP Table'!$A$2:$C$26,3)*SIGN(S35-S34),0) | AK35: =IF(AND(ISNUMBER(S35),ISNUMBER(S36)),VLOOKUP(ABS(S35-S36),'IMP Table'!$A$2:$C$26,3)*SIGN(S35-S36),0) | AL35: =IF(AND(ISNUMBER(S35),ISNUMBER(S37)),VLOOKUP(ABS(S35-S37),'IMP Table'!$A$2:$C$26,3)*SIGN(S35-S37),0) | AM35: =IF(AND(ISNUMBER(T35),ISNUMBER(T31)),VLOOKUP(ABS(T35-T31),'IMP Table'!$A$2:$C$26,3)*SIGN(T35-T31),0) | AN35: =IF(AND(ISNUMBER(T35),ISNUMBER(T32)),VLOOKUP(ABS(T35-T32),'IMP Table'!$A$2:$C$26,3)*SIGN(T35-T32),0) | AO35: =IF(AND(ISNUMBER(T35),ISNUMBER(T33)),VLOOKUP(ABS(T35-T33),'IMP Table'!$A$2:$C$26,3)*SIGN(T35-T33),0) | AP35: =IF(AND(ISNUMBER(T35),ISNUMBER(T34)),VLOOKUP(ABS(T35-T34),'IMP Table'!$A$2:$C$26,3)*SIGN(T35-T34),0) | AQ35: =IF(AND(ISNUMBER(T35),ISNUMBER(T36)),VLOOKUP(ABS(T35-T36),'IMP Table'!$A$2:$C$26,3)*SIGN(T35-T36),0) | AR35: =IF(AND(ISNUMBER(T35),ISNUMBER(T37)),VLOOKUP(ABS(T35-T37),'IMP Table'!$A$2:$C$26,3)*SIGN(T35-T37),0)
B36: ='By Round'!A73 | C36: ='By Round'!B83 | D36: ='By Round'!C83 | E36: ='By Round'!D83 | F36: =IF(ISBLANK('By Round'!F83),"",'By Round'!F83) | G36: =IF(ISBLANK('By Round'!G83),"",'By Round'!G83) | H36: =IF(ISBLANK('By Round'!H83),"",'By Round'!H83) | I36: =IF(ISBLANK('By Round'!I83),"",'By Round'!I83) | J36: =IF(ISBLANK('By Round'!J83),"",'By Round'!J83) | K36: =IF(ISBLANK('By Round'!K83),"",'By Round'!K83) | L36: =IF(ISBLANK('By Round'!L83),"",'By Round'!L83) | M36: =AVERAGE(AG36:AL36) | N36: =AVERAGE(AM36:AR36) | O36: =IF(COUNT(U36:Z36)>0,Q36/COUNT(U36:Z36),0.5) | P36: =IF(COUNT(AA36:AF36)>0,R36/COUNT(AA36:AF36),0.5) | Q36: =SUM(U36:Z36) | R36: =SUM(AA36:AF36) | S36: =IF(ISNUMBER(K36),K36,IF(ISNUMBER(L36),-L36,"")) | T36: =IF(ISNUMBER(L36),L36,IF(ISNUMBER(K36),-K36,"")) | U36: =IF(ISNUMBER(S36),IF(ISNUMBER(S31),IF(S36>S31,1.0,IF(S36=S31,0.5,0.0)),""),"") | V36: =IF(ISNUMBER(S36),IF(ISNUMBER(S32),IF(S36>S32,1.0,IF(S36=S32,0.5,0.0)),""),"") | W36: =IF(ISNUMBER(S36),IF(ISNUMBER(S33),IF(S36>S33,1.0,IF(S36=S33,0.5,0.0)),""),"") | X36: =IF(ISNUMBER(S36),IF(ISNUMBER(S34),IF(S36>S34,1.0,IF(S36=S34,0.5,0.0)),""),"") | Y36: =IF(ISNUMBER(S36),IF(ISNUMBER(S35),IF(S36>S35,1.0,IF(S36=S35,0.5,0.0)),""),"") | Z36: =IF(ISNUMBER(S36),IF(ISNUMBER(S37),IF(S36>S37,1.0,IF(S36=S37,0.5,0.0)),""),"") | AA36: =IF(ISNUMBER(T36),IF(ISNUMBER(T31),IF(T36>T31,1.0,IF(T36=T31,0.5,0.0)),""),"") | AB36: =IF(ISNUMBER(T36),IF(ISNUMBER(T32),IF(T36>T32,1.0,IF(T36=T32,0.5,0.0)),""),"") | AC36: =IF(ISNUMBER(T36),IF(ISNUMBER(T33),IF(T36>T33,1.0,IF(T36=T33,0.5,0.0)),""),"") | AD36: =IF(ISNUMBER(T36),IF(ISNUMBER(T34),IF(T36>T34,1.0,IF(T36=T34,0.5,0.0)),""),"") | AE36: =IF(ISNUMBER(T36),IF(ISNUMBER(T35),IF(T36>T35,1.0,IF(T36=T35,0.5,0.0)),""),"") | AF36: =IF(ISNUMBER(T36),IF(ISNUMBER(T37),IF(T36>T37,1.0,IF(T36=T37,0.5,0.0)),""),"") | AG36: =IF(AND(ISNUMBER(S36),ISNUMBER(S31)),VLOOKUP(ABS(S36-S31),'IMP Table'!$A$2:$C$26,3)*SIGN(S36-S31),0) | AH36: =IF(AND(ISNUMBER(S36),ISNUMBER(S32)),VLOOKUP(ABS(S36-S32),'IMP Table'!$A$2:$C$26,3)*SIGN(S36-S32),0) | AI36: =IF(AND(ISNUMBER(S36),ISNUMBER(S33)),VLOOKUP(ABS(S36-S33),'IMP Table'!$A$2:$C$26,3)*SIGN(S36-S33),0) | AJ36: =IF(AND(ISNUMBER(S36),ISNUMBER(S34)),VLOOKUP(ABS(S36-S34),'IMP Table'!$A$2:$C$26,3)*SIGN(S36-S34),0) | AK36: =IF(AND(ISNUMBER(S36),ISNUMBER(S35)),VLOOKUP(ABS(S36-S35),'IMP Table'!$A$2:$C$26,3)*SIGN(S36-S35),0) | AL36: =IF(AND(ISNUMBER(S36),ISNUMBER(S37)),VLOOKUP(ABS(S36-S37),'IMP Table'!$A$2:$C$26,3)*SIGN(S36-S37),0) | AM36: =IF(AND(ISNUMBER(T36),ISNUMBER(T31)),VLOOKUP(ABS(T36-T31),'IMP Table'!$A$2:$C$26,3)*SIGN(T36-T31),0) | AN36: =IF(AND(ISNUMBER(T36),ISNUMBER(T32)),VLOOKUP(ABS(T36-T32),'IMP Table'!$A$2:$C$26,3)*SIGN(T36-T32),0) | AO36: =IF(AND(ISNUMBER(T36),ISNUMBER(T33)),VLOOKUP(ABS(T36-T33),'IMP Table'!$A$2:$C$26,3)*SIGN(T36-T33),0) | AP36: =IF(AND(ISNUMBER(T36),ISNUMBER(T34)),VLOOKUP(ABS(T36-T34),'IMP Table'!$A$2:$C$26,3)*SIGN(T36-T34),0) | AQ36: =IF(AND(ISNUMBER(T36),ISNUMBER(T35)),VLOOKUP(ABS(T36-T35),'IMP Table'!$A$2:$C$26,3)*SIGN(T36-T35),0) | AR36: =IF(AND(ISNUMBER(T36),ISNUMBER(T37)),VLOOKUP(ABS(T36-T37),'IMP Table'!$A$2:$C$26,3)*SIGN(T36-T37),0)
B37: ='By Round'!A31 | C37: ='By Round'!B31 | D37: ='By Round'!C31 | E37: ='By Round'!D31 | F37: =IF(ISBLANK('By Round'!F31),"",'By Round'!F31) | G37: =IF(ISBLANK('By Round'!G31),"",'By Round'!G31) | H37: =IF(ISBLANK('By Round'!H31),"",'By Round'!H31) | I37: =IF(ISBLANK('By Round'!I31),"",'By Round'!I31) | J37: =IF(ISBLANK('By Round'!J31),"",'By Round'!J31) | K37: =IF(ISBLANK('By Round'!K31),"",'By Round'!K31) | L37: =IF(ISBLANK('By Round'!L31),"",'By Round'!L31) | M37: =AVERAGE(AG37:AL37) | N37: =AVERAGE(AM37:AR37) | O37: =IF(COUNT(U37:Z37)>0,Q37/COUNT(U37:Z37),0.5) | P37: =IF(COUNT(AA37:AF37)>0,R37/COUNT(AA37:AF37),0.5) | Q37: =SUM(U37:Z37) | R37: =SUM(AA37:AF37) | S37: =IF(ISNUMBER(K37),K37,IF(ISNUMBER(L37),-L37,"")) | T37: =IF(ISNUMBER(L37),L37,IF(ISNUMBER(K37),-K37,"")) | U37: =IF(ISNUMBER(S37),IF(ISNUMBER(S31),IF(S37>S31,1.0,IF(S37=S31,0.5,0.0)),""),"") | V37: =IF(ISNUMBER(S37),IF(ISNUMBER(S32),IF(S37>S32,1.0,IF(S37=S32,0.5,0.0)),""),"") | W37: =IF(ISNUMBER(S37),IF(ISNUMBER(S33),IF(S37>S33,1.0,IF(S37=S33,0.5,0.0)),""),"") | X37: =IF(ISNUMBER(S37),IF(ISNUMBER(S34),IF(S37>S34,1.0,IF(S37=S34,0.5,0.0)),""),"") | Y37: =IF(ISNUMBER(S37),IF(ISNUMBER(S35),IF(S37>S35,1.0,IF(S37=S35,0.5,0.0)),""),"") | Z37: =IF(ISNUMBER(S37),IF(ISNUMBER(S36),IF(S37>S36,1.0,IF(S37=S36,0.5,0.0)),""),"") | AA37: =IF(ISNUMBER(T37),IF(ISNUMBER(T31),IF(T37>T31,1.0,IF(T37=T31,0.5,0.0)),""),"") | AB37: =IF(ISNUMBER(T37),IF(ISNUMBER(T32),IF(T37>T32,1.0,IF(T37=T32,0.5,0.0)),""),"") | AC37: =IF(ISNUMBER(T37),IF(ISNUMBER(T33),IF(T37>T33,1.0,IF(T37=T33,0.5,0.0)),""),"") | AD37: =IF(ISNUMBER(T37),IF(ISNUMBER(T34),IF(T37>T34,1.0,IF(T37=T34,0.5,0.0)),""),"") | AE37: =IF(ISNUMBER(T37),IF(ISNUMBER(T35),IF(T37>T35,1.0,IF(T37=T35,0.5,0.0)),""),"") | AF37: =IF(ISNUMBER(T37),IF(ISNUMBER(T36),IF(T37>T36,1.0,IF(T37=T36,0.5,0.0)),""),"") | AG37: =IF(AND(ISNUMBER(S37),ISNUMBER(S31)),VLOOKUP(ABS(S37-S31),'IMP Table'!$A$2:$C$26,3)*SIGN(S37-S31),0) | AH37: =IF(AND(ISNUMBER(S37),ISNUMBER(S32)),VLOOKUP(ABS(S37-S32),'IMP Table'!$A$2:$C$26,3)*SIGN(S37-S32),0) | AI37: =IF(AND(ISNUMBER(S37),ISNUMBER(S33)),VLOOKUP(ABS(S37-S33),'IMP Table'!$A$2:$C$26,3)*SIGN(S37-S33),0) | AJ37: =IF(AND(ISNUMBER(S37),ISNUMBER(S34)),VLOOKUP(ABS(S37-S34),'IMP Table'!$A$2:$C$26,3)*SIGN(S37-S34),0) | AK37: =IF(AND(ISNUMBER(S37),ISNUMBER(S35)),VLOOKUP(ABS(S37-S35),'IMP Table'!$A$2:$C$26,3)*SIGN(S37-S35),0) | AL37: =IF(AND(ISNUMBER(S37),ISNUMBER(S36)),VLOOKUP(ABS(S37-S36),'IMP Table'!$A$2:$C$26,3)*SIGN(S37-S36),0) | AM37: =IF(AND(ISNUMBER(T37),ISNUMBER(T31)),VLOOKUP(ABS(T37-T31),'IMP Table'!$A$2:$C$26,3)*SIGN(T37-T31),0) | AN37: =IF(AND(ISNUMBER(T37),ISNUMBER(T32)),VLOOKUP(ABS(T37-T32),'IMP Table'!$A$2:$C$26,3)*SIGN(T37-T32),0) | AO37: =IF(AND(ISNUMBER(T37),ISNUMBER(T33)),VLOOKUP(ABS(T37-T33),'IMP Table'!$A$2:$C$26,3)*SIGN(T37-T33),0) | AP37: =IF(AND(ISNUMBER(T37),ISNUMBER(T34)),VLOOKUP(ABS(T37-T34),'IMP Table'!$A$2:$C$26,3)*SIGN(T37-T34),0) | AQ37: =IF(AND(ISNUMBER(T37),ISNUMBER(T35)),VLOOKUP(ABS(T37-T35),'IMP Table'!$A$2:$C$26,3)*SIGN(T37-T35),0) | AR37: =IF(AND(ISNUMBER(T37),ISNUMBER(T36)),VLOOKUP(ABS(T37-T36),'IMP Table'!$A$2:$C$26,3)*SIGN(T37-T36),0)
A38: 6 | B38: ='By Round'!A171 | C38: ='By Round'!B175 | D38: ='By Round'!C175 | E38: ='By Round'!D175 | F38: =IF(ISBLANK('By Round'!F176),"",'By Round'!F176) | G38: =IF(ISBLANK('By Round'!G176),"",'By Round'!G176) | H38: =IF(ISBLANK('By Round'!H176),"",'By Round'!H176) | I38: =IF(ISBLANK('By Round'!I176),"",'By Round'!I176) | J38: =IF(ISBLANK('By Round'!J176),"",'By Round'!J176) | K38: =IF(ISBLANK('By Round'!K176),"",'By Round'!K176) | L38: =IF(ISBLANK('By Round'!L176),"",'By Round'!L176) | M38: =AVERAGE(AG38:AL38) | N38: =AVERAGE(AM38:AR38) | O38: =IF(COUNT(U38:Z38)>0,Q38/COUNT(U38:Z38),0.5) | P38: =IF(COUNT(AA38:AF38)>0,R38/COUNT(AA38:AF38),0.5) | Q38: =SUM(U38:Z38) | R38: =SUM(AA38:AF38) | S38: =IF(ISNUMBER(K38),K38,IF(ISNUMBER(L38),-L38,"")) | T38: =IF(ISNUMBER(L38),L38,IF(ISNUMBER(K38),-K38,"")) | U38: =IF(ISNUMBER(S38),IF(ISNUMBER(S39),IF(S38>S39,1.0,IF(S38=S39,0.5,0.0)),""),"") | V38: =IF(ISNUMBER(S38),IF(ISNUMBER(S40),IF(S38>S40,1.0,IF(S38=S40,0.5,0.0)),""),"") | W38: =IF(ISNUMBER(S38),IF(ISNUMBER(S41),IF(S38>S41,1.0,IF(S38=S41,0.5,0.0)),""),"") | X38: =IF(ISNUMBER(S38),IF(ISNUMBER(S42),IF(S38>S42,1.0,IF(S38=S42,0.5,0.0)),""),"") | Y38: =IF(ISNUMBER(S38),IF(ISNUMBER(S43),IF(S38>S43,1.0,IF(S38=S43,0.5,0.0)),""),"") | Z38: =IF(ISNUMBER(S38),IF(ISNUMBER(S44),IF(S38>S44,1.0,IF(S38=S44,0.5,0.0)),""),"") | AA38: =IF(ISNUMBER(T38),IF(ISNUMBER(T39),IF(T38>T39,1.0,IF(T38=T39,0.5,0.0)),""),"") | AB38: =IF(ISNUMBER(T38),IF(ISNUMBER(T40),IF(T38>T40,1.0,IF(T38=T40,0.5,0.0)),""),"") | AC38: =IF(ISNUMBER(T38),IF(ISNUMBER(T41),IF(T38>T41,1.0,IF(T38=T41,0.5,0.0)),""),"") | AD38: =IF(ISNUMBER(T38),IF(ISNUMBER(T42),IF(T38>T42,1.0,IF(T38=T42,0.5,0.0)),""),"") | AE38: =IF(ISNUMBER(T38),IF(ISNUMBER(T43),IF(T38>T43,1.0,IF(T38=T43,0.5,0.0)),""),"") | AF38: =IF(ISNUMBER(T38),IF(ISNUMBER(T44),IF(T38>T44,1.0,IF(T38=T44,0.5,0.0)),""),"") | AG38: =IF(AND(ISNUMBER(S38),ISNUMBER(S39)),VLOOKUP(ABS(S38-S39),'IMP Table'!$A$2:$C$26,3)*SIGN(S38-S39),0) | AH38: =IF(AND(ISNUMBER(S38),ISNUMBER(S40)),VLOOKUP(ABS(S38-S40),'IMP Table'!$A$2:$C$26,3)*SIGN(S38-S40),0) | AI38: =IF(AND(ISNUMBER(S38),ISNUMBER(S41)),VLOOKUP(ABS(S38-S41),'IMP Table'!$A$2:$C$26,3)*SIGN(S38-S41),0) | AJ38: =IF(AND(ISNUMBER(S38),ISNUMBER(S42)),VLOOKUP(ABS(S38-S42),'IMP Table'!$A$2:$C$26,3)*SIGN(S38-S42),0) | AK38: =IF(AND(ISNUMBER(S38),ISNUMBER(S43)),VLOOKUP(ABS(S38-S43),'IMP Table'!$A$2:$C$26,3)*SIGN(S38-S43),0) | AL38: =IF(AND(ISNUMBER(S38),ISNUMBER(S44)),VLOOKUP(ABS(S38-S44),'IMP Table'!$A$2:$C$26,3)*SIGN(S38-S44),0) | AM38: =IF(AND(ISNUMBER(T38),ISNUMBER(T39)),VLOOKUP(ABS(T38-T39),'IMP Table'!$A$2:$C$26,3)*SIGN(T38-T39),0) | AN38: =IF(AND(ISNUMBER(T38),ISNUMBER(T40)),VLOOKUP(ABS(T38-T40),'IMP Table'!$A$2:$C$26,3)*SIGN(T38-T40),0) | AO38: =IF(AND(ISNUMBER(T38),ISNUMBER(T41)),VLOOKUP(ABS(T38-T41),'IMP Table'!$A$2:$C$26,3)*SIGN(T38-T41),0) | AP38: =IF(AND(ISNUMBER(T38),ISNUMBER(T42)),VLOOKUP(ABS(T38-T42),'IMP Table'!$A$2:$C$26,3)*SIGN(T38-T42),0) | AQ38: =IF(AND(ISNUMBER(T38),ISNUMBER(T43)),VLOOKUP(ABS(T38-T43),'IMP Table'!$A$2:$C$26,3)*SIGN(T38-T43),0) | AR38: =IF(AND(ISNUMBER(T38),ISNUMBER(T44)),VLOOKUP(ABS(T38-T44),'IMP Table'!$A$2:$C$26,3)*SIGN(T38-T44),0)
B39: ='By Round'!A3 | C39: ='By Round'!B5 | D39: ='By Round'!C5 | E39: ='By Round'!D5 | F39: =IF(ISBLANK('By Round'!F6),"",'By Round'!F6) | G39: =IF(ISBLANK('By Round'!G6),"",'By Round'!G6) | H39: =IF(ISBLANK('By Round'!H6),"",'By Round'!H6) | I39: =IF(ISBLANK('By Round'!I6),"",'By Round'!I6) | J39: =IF(ISBLANK('By Round'!J6),"",'By Round'!J6) | K39: =IF(ISBLANK('By Round'!K6),"",'By Round'!K6) | L39: =IF(ISBLANK('By Round'!L6),"",'By Round'!L6) | M39: =AVERAGE(AG39:AL39) | N39: =AVERAGE(AM39:AR39) | O39: =IF(COUNT(U39:Z39)>0,Q39/COUNT(U39:Z39),0.5) | P39: =IF(COUNT(AA39:AF39)>0,R39/COUNT(AA39:AF39),0.5) | Q39: =SUM(U39:Z39) | R39: =SUM(AA39:AF39) | S39: =IF(ISNUMBER(K39),K39,IF(ISNUMBER(L39),-L39,"")) | T39: =IF(ISNUMBER(L39),L39,IF(ISNUMBER(K39),-K39,"")) | U39: =IF(ISNUMBER(S39),IF(ISNUMBER(S38),IF(S39>S38,1.0,IF(S39=S38,0.5,0.0)),""),"") | V39: =IF(ISNUMBER(S39),IF(ISNUMBER(S40),IF(S39>S40,1.0,IF(S39=S40,0.5,0.0)),""),"") | W39: =IF(ISNUMBER(S39),IF(ISNUMBER(S41),IF(S39>S41,1.0,IF(S39=S41,0.5,0.0)),""),"") | X39: =IF(ISNUMBER(S39),IF(ISNUMBER(S42),IF(S39>S42,1.0,IF(S39=S42,0.5,0.0)),""),"") | Y39: =IF(ISNUMBER(S39),IF(ISNUMBER(S43),IF(S39>S43,1.0,IF(S39=S43,0.5,0.0)),""),"") | Z39: =IF(ISNUMBER(S39),IF(ISNUMBER(S44),IF(S39>S44,1.0,IF(S39=S44,0.5,0.0)),""),"") | AA39: =IF(ISNUMBER(T39),IF(ISNUMBER(T38),IF(T39>T38,1.0,IF(T39=T38,0.5,0.0)),""),"") | AB39: =IF(ISNUMBER(T39),IF(ISNUMBER(T40),IF(T39>T40,1.0,IF(T39=T40,0.5,0.0)),""),"") | AC39: =IF(ISNUMBER(T39),IF(ISNUMBER(T41),IF(T39>T41,1.0,IF(T39=T41,0.5,0.0)),""),"") | AD39: =IF(ISNUMBER(T39),IF(ISNUMBER(T42),IF(T39>T42,1.0,IF(T39=T42,0.5,0.0)),""),"") | AE39: =IF(ISNUMBER(T39),IF(ISNUMBER(T43),IF(T39>T43,1.0,IF(T39=T43,0.5,0.0)),""),"") | AF39: =IF(ISNUMBER(T39),IF(ISNUMBER(T44),IF(T39>T44,1.0,IF(T39=T44,0.5,0.0)),""),"") | AG39: =IF(AND(ISNUMBER(S39),ISNUMBER(S38)),VLOOKUP(ABS(S39-S38),'IMP Table'!$A$2:$C$26,3)*SIGN(S39-S38),0) | AH39: =IF(AND(ISNUMBER(S39),ISNUMBER(S40)),VLOOKUP(ABS(S39-S40),'IMP Table'!$A$2:$C$26,3)*SIGN(S39-S40),0) | AI39: =IF(AND(ISNUMBER(S39),ISNUMBER(S41)),VLOOKUP(ABS(S39-S41),'IMP Table'!$A$2:$C$26,3)*SIGN(S39-S41),0) | AJ39: =IF(AND(ISNUMBER(S39),ISNUMBER(S42)),VLOOKUP(ABS(S39-S42),'IMP Table'!$A$2:$C$26,3)*SIGN(S39-S42),0) | AK39: =IF(AND(ISNUMBER(S39),ISNUMBER(S43)),VLOOKUP(ABS(S39-S43),'IMP Table'!$A$2:$C$26,3)*SIGN(S39-S43),0) | AL39: =IF(AND(ISNUMBER(S39),ISNUMBER(S44)),VLOOKUP(ABS(S39-S44),'IMP Table'!$A$2:$C$26,3)*SIGN(S39-S44),0) | AM39: =IF(AND(ISNUMBER(T39),ISNUMBER(T38)),VLOOKUP(ABS(T39-T38),'IMP Table'!$A$2:$C$26,3)*SIGN(T39-T38),0) | AN39: =IF(AND(ISNUMBER(T39),ISNUMBER(T40)),VLOOKUP(ABS(T39-T40),'IMP Table'!$A$2:$C$26,3)*SIGN(T39-T40),0) | AO39: =IF(AND(ISNUMBER(T39),ISNUMBER(T41)),VLOOKUP(ABS(T39-T41),'IMP Table'!$A$2:$C$26,3)*SIGN(T39-T41),0) | AP39: =IF(AND(ISNUMBER(T39),ISNUMBER(T42)),VLOOKUP(ABS(T39-T42),'IMP Table'!$A$2:$C$26,3)*SIGN(T39-T42),0) | AQ39: =IF(AND(ISNUMBER(T39),ISNUMBER(T43)),VLOOKUP(ABS(T39-T43),'IMP Table'!$A$2:$C$26,3)*SIGN(T39-T43),0) | AR39: =IF(AND(ISNUMBER(T39),ISNUMBER(T44)),VLOOKUP(ABS(T39-T44),'IMP Table'!$A$2:$C$26,3)*SIGN(T39-T44),0)
B40: ='By Round'!A157 | C40: ='By Round'!B163 | D40: ='By Round'!C163 | E40: ='By Round'!D163 | F40: =IF(ISBLANK('By Round'!F164),"",'By Round'!F164) | G40: =IF(ISBLANK('By Round'!G164),"",'By Round'!G164) | H40: =IF(ISBLANK('By Round'!H164),"",'By Round'!H164) | I40: =IF(ISBLANK('By Round'!I164),"",'By Round'!I164) | J40: =IF(ISBLANK('By Round'!J164),"",'By Round'!J164) | K40: =IF(ISBLANK('By Round'!K164),"",'By Round'!K164) | L40: =IF(ISBLANK('By Round'!L164),"",'By Round'!L164) | M40: =AVERAGE(AG40:AL40) | N40: =AVERAGE(AM40:AR40) | O40: =IF(COUNT(U40:Z40)>0,Q40/COUNT(U40:Z40),0.5) | P40: =IF(COUNT(AA40:AF40)>0,R40/COUNT(AA40:AF40),0.5) | Q40: =SUM(U40:Z40) | R40: =SUM(AA40:AF40) | S40: =IF(ISNUMBER(K40),K40,IF(ISNUMBER(L40),-L40,"")) | T40: =IF(ISNUMBER(L40),L40,IF(ISNUMBER(K40),-K40,"")) | U40: =IF(ISNUMBER(S40),IF(ISNUMBER(S38),IF(S40>S38,1.0,IF(S40=S38,0.5,0.0)),""),"") | V40: =IF(ISNUMBER(S40),IF(ISNUMBER(S39),IF(S40>S39,1.0,IF(S40=S39,0.5,0.0)),""),"") | W40: =IF(ISNUMBER(S40),IF(ISNUMBER(S41),IF(S40>S41,1.0,IF(S40=S41,0.5,0.0)),""),"") | X40: =IF(ISNUMBER(S40),IF(ISNUMBER(S42),IF(S40>S42,1.0,IF(S40=S42,0.5,0.0)),""),"") | Y40: =IF(ISNUMBER(S40),IF(ISNUMBER(S43),IF(S40>S43,1.0,IF(S40=S43,0.5,0.0)),""),"") | Z40: =IF(ISNUMBER(S40),IF(ISNUMBER(S44),IF(S40>S44,1.0,IF(S40=S44,0.5,0.0)),""),"") | AA40: =IF(ISNUMBER(T40),IF(ISNUMBER(T38),IF(T40>T38,1.0,IF(T40=T38,0.5,0.0)),""),"") | AB40: =IF(ISNUMBER(T40),IF(ISNUMBER(T39),IF(T40>T39,1.0,IF(T40=T39,0.5,0.0)),""),"") | AC40: =IF(ISNUMBER(T40),IF(ISNUMBER(T41),IF(T40>T41,1.0,IF(T40=T41,0.5,0.0)),""),"") | AD40: =IF(ISNUMBER(T40),IF(ISNUMBER(T42),IF(T40>T42,1.0,IF(T40=T42,0.5,0.0)),""),"") | AE40: =IF(ISNUMBER(T40),IF(ISNUMBER(T43),IF(T40>T43,1.0,IF(T40=T43,0.5,0.0)),""),"") | AF40: =IF(ISNUMBER(T40),IF(ISNUMBER(T44),IF(T40>T44,1.0,IF(T40=T44,0.5,0.0)),""),"") | AG40: =IF(AND(ISNUMBER(S40),ISNUMBER(S38)),VLOOKUP(ABS(S40-S38),'IMP Table'!$A$2:$C$26,3)*SIGN(S40-S38),0) | AH40: =IF(AND(ISNUMBER(S40),ISNUMBER(S39)),VLOOKUP(ABS(S40-S39),'IMP Table'!$A$2:$C$26,3)*SIGN(S40-S39),0) | AI40: =IF(AND(ISNUMBER(S40),ISNUMBER(S41)),VLOOKUP(ABS(S40-S41),'IMP Table'!$A$2:$C$26,3)*SIGN(S40-S41),0) | AJ40: =IF(AND(ISNUMBER(S40),ISNUMBER(S42)),VLOOKUP(ABS(S40-S42),'IMP Table'!$A$2:$C$26,3)*SIGN(S40-S42),0) | AK40: =IF(AND(ISNUMBER(S40),ISNUMBER(S43)),VLOOKUP(ABS(S40-S43),'IMP Table'!$A$2:$C$26,3)*SIGN(S40-S43),0) | AL40: =IF(AND(ISNUMBER(S40),ISNUMBER(S44)),VLOOKUP(ABS(S40-S44),'IMP Table'!$A$2:$C$26,3)*SIGN(S40-S44),0) | AM40: =IF(AND(ISNUMBER(T40),ISNUMBER(T38)),VLOOKUP(ABS(T40-T38),'IMP Table'!$A$2:$C$26,3)*SIGN(T40-T38),0) | AN40: =IF(AND(ISNUMBER(T40),ISNUMBER(T39)),VLOOKUP(ABS(T40-T39),'IMP Table'!$A$2:$C$26,3)*SIGN(T40-T39),0) | AO40: =IF(AND(ISNUMBER(T40),ISNUMBER(T41)),VLOOKUP(ABS(T40-T41),'IMP Table'!$A$2:$C$26,3)*SIGN(T40-T41),0) | AP40: =IF(AND(ISNUMBER(T40),ISNUMBER(T42)),VLOOKUP(ABS(T40-T42),'IMP Table'!$A$2:$C$26,3)*SIGN(T40-T42),0) | AQ40: =IF(AND(ISNUMBER(T40),ISNUMBER(T43)),VLOOKUP(ABS(T40-T43),'IMP Table'!$A$2:$C$26,3)*SIGN(T40-T43),0) | AR40: =IF(AND(ISNUMBER(T40),ISNUMBER(T44)),VLOOKUP(ABS(T40-T44),'IMP Table'!$A$2:$C$26,3)*SIGN(T40-T44),0)
B41: ='By Round'!A59 | C41: ='By Round'!B71 | D41: ='By Round'!C71 | E41: ='By Round'!D71 | F41: =IF(ISBLANK('By Round'!F72),"",'By Round'!F72) | G41: =IF(ISBLANK('By Round'!G72),"",'By Round'!G72) | H41: =IF(ISBLANK('By Round'!H72),"",'By Round'!H72) | I41: =IF(ISBLANK('By Round'!I72),"",'By Round'!I72) | J41: =IF(ISBLANK('By Round'!J72),"",'By Round'!J72) | K41: =IF(ISBLANK('By Round'!K72),"",'By Round'!K72) | L41: =IF(ISBLANK('By Round'!L72),"",'By Round'!L72) | M41: =AVERAGE(AG41:AL41) | N41: =AVERAGE(AM41:AR41) | O41: =IF(COUNT(U41:Z41)>0,Q41/COUNT(U41:Z41),0.5) | P41: =IF(COUNT(AA41:AF41)>0,R41/COUNT(AA41:AF41),0.5) | Q41: =SUM(U41:Z41) | R41: =SUM(AA41:AF41) | S41: =IF(ISNUMBER(K41),K41,IF(ISNUMBER(L41),-L41,"")) | T41: =IF(ISNUMBER(L41),L41,IF(ISNUMBER(K41),-K41,"")) | U41: =IF(ISNUMBER(S41),IF(ISNUMBER(S38),IF(S41>S38,1.0,IF(S41=S38,0.5,0.0)),""),"") | V41: =IF(ISNUMBER(S41),IF(ISNUMBER(S39),IF(S41>S39,1.0,IF(S41=S39,0.5,0.0)),""),"") | W41: =IF(ISNUMBER(S41),IF(ISNUMBER(S40),IF(S41>S40,1.0,IF(S41=S40,0.5,0.0)),""),"") | X41: =IF(ISNUMBER(S41),IF(ISNUMBER(S42),IF(S41>S42,1.0,IF(S41=S42,0.5,0.0)),""),"") | Y41: =IF(ISNUMBER(S41),IF(ISNUMBER(S43),IF(S41>S43,1.0,IF(S41=S43,0.5,0.0)),""),"") | Z41: =IF(ISNUMBER(S41),IF(ISNUMBER(S44),IF(S41>S44,1.0,IF(S41=S44,0.5,0.0)),""),"") | AA41: =IF(ISNUMBER(T41),IF(ISNUMBER(T38),IF(T41>T38,1.0,IF(T41=T38,0.5,0.0)),""),"") | AB41: =IF(ISNUMBER(T41),IF(ISNUMBER(T39),IF(T41>T39,1.0,IF(T41=T39,0.5,0.0)),""),"") | AC41: =IF(ISNUMBER(T41),IF(ISNUMBER(T40),IF(T41>T40,1.0,IF(T41=T40,0.5,0.0)),""),"") | AD41: =IF(ISNUMBER(T41),IF(ISNUMBER(T42),IF(T41>T42,1.0,IF(T41=T42,0.5,0.0)),""),"") | AE41: =IF(ISNUMBER(T41),IF(ISNUMBER(T43),IF(T41>T43,1.0,IF(T41=T43,0.5,0.0)),""),"") | AF41: =IF(ISNUMBER(T41),IF(ISNUMBER(T44),IF(T41>T44,1.0,IF(T41=T44,0.5,0.0)),""),"") | AG41: =IF(AND(ISNUMBER(S41),ISNUMBER(S38)),VLOOKUP(ABS(S41-S38),'IMP Table'!$A$2:$C$26,3)*SIGN(S41-S38),0) | AH41: =IF(AND(ISNUMBER(S41),ISNUMBER(S39)),VLOOKUP(ABS(S41-S39),'IMP Table'!$A$2:$C$26,3)*SIGN(S41-S39),0) | AI41: =IF(AND(ISNUMBER(S41),ISNUMBER(S40)),VLOOKUP(ABS(S41-S40),'IMP Table'!$A$2:$C$26,3)*SIGN(S41-S40),0) | AJ41: =IF(AND(ISNUMBER(S41),ISNUMBER(S42)),VLOOKUP(ABS(S41-S42),'IMP Table'!$A$2:$C$26,3)*SIGN(S41-S42),0) | AK41: =IF(AND(ISNUMBER(S41),ISNUMBER(S43)),VLOOKUP(ABS(S41-S43),'IMP Table'!$A$2:$C$26,3)*SIGN(S41-S43),0) | AL41: =IF(AND(ISNUMBER(S41),ISNUMBER(S44)),VLOOKUP(ABS(S41-S44),'IMP Table'!$A$2:$C$26,3)*SIGN(S41-S44),0) | AM41: =IF(AND(ISNUMBER(T41),ISNUMBER(T38)),VLOOKUP(ABS(T41-T38),'IMP Table'!$A$2:$C$26,3)*SIGN(T41-T38),0) | AN41: =IF(AND(ISNUMBER(T41),ISNUMBER(T39)),VLOOKUP(ABS(T41-T39),'IMP Table'!$A$2:$C$26,3)*SIGN(T41-T39),0) | AO41: =IF(AND(ISNUMBER(T41),ISNUMBER(T40)),VLOOKUP(ABS(T41-T40),'IMP Table'!$A$2:$C$26,3)*SIGN(T41-T40),0) | AP41: =IF(AND(ISNUMBER(T41),ISNUMBER(T42)),VLOOKUP(ABS(T41-T42),'IMP Table'!$A$2:$C$26,3)*SIGN(T41-T42),0) | AQ41: =IF(AND(ISNUMBER(T41),ISNUMBER(T43)),VLOOKUP(ABS(T41-T43),'IMP Table'!$A$2:$C$26,3)*SIGN(T41-T43),0) | AR41: =IF(AND(ISNUMBER(T41),ISNUMBER(T44)),VLOOKUP(ABS(T41-T44),'IMP Table'!$A$2:$C$26,3)*SIGN(T41-T44),0)
B42: ='By Round'!A87 | C42: ='By Round'!B95 | D42: ='By Round'!C95 | E42: ='By Round'!D95 | F42: =IF(ISBLANK('By Round'!F96),"",'By Round'!F96) | G42: =IF(ISBLANK('By Round'!G96),"",'By Round'!G96) | H42: =IF(ISBLANK('By Round'!H96),"",'By Round'!H96) | I42: =IF(ISBLANK('By Round'!I96),"",'By Round'!I96) | J42: =IF(ISBLANK('By Round'!J96),"",'By Round'!J96) | K42: =IF(ISBLANK('By Round'!K96),"",'By Round'!K96) | L42: =IF(ISBLANK('By Round'!L96),"",'By Round'!L96) | M42: =AVERAGE(AG42:AL42) | N42: =AVERAGE(AM42:AR42) | O42: =IF(COUNT(U42:Z42)>0,Q42/COUNT(U42:Z42),0.5) | P42: =IF(COUNT(AA42:AF42)>0,R42/COUNT(AA42:AF42),0.5) | Q42: =SUM(U42:Z42) | R42: =SUM(AA42:AF42) | S42: =IF(ISNUMBER(K42),K42,IF(ISNUMBER(L42),-L42,"")) | T42: =IF(ISNUMBER(L42),L42,IF(ISNUMBER(K42),-K42,"")) | U42: =IF(ISNUMBER(S42),IF(ISNUMBER(S38),IF(S42>S38,1.0,IF(S42=S38,0.5,0.0)),""),"") | V42: =IF(ISNUMBER(S42),IF(ISNUMBER(S39),IF(S42>S39,1.0,IF(S42=S39,0.5,0.0)),""),"") | W42: =IF(ISNUMBER(S42),IF(ISNUMBER(S40),IF(S42>S40,1.0,IF(S42=S40,0.5,0.0)),""),"") | X42: =IF(ISNUMBER(S42),IF(ISNUMBER(S41),IF(S42>S41,1.0,IF(S42=S41,0.5,0.0)),""),"") | Y42: =IF(ISNUMBER(S42),IF(ISNUMBER(S43),IF(S42>S43,1.0,IF(S42=S43,0.5,0.0)),""),"") | Z42: =IF(ISNUMBER(S42),IF(ISNUMBER(S44),IF(S42>S44,1.0,IF(S42=S44,0.5,0.0)),""),"") | AA42: =IF(ISNUMBER(T42),IF(ISNUMBER(T38),IF(T42>T38,1.0,IF(T42=T38,0.5,0.0)),""),"") | AB42: =IF(ISNUMBER(T42),IF(ISNUMBER(T39),IF(T42>T39,1.0,IF(T42=T39,0.5,0.0)),""),"") | AC42: =IF(ISNUMBER(T42),IF(ISNUMBER(T40),IF(T42>T40,1.0,IF(T42=T40,0.5,0.0)),""),"") | AD42: =IF(ISNUMBER(T42),IF(ISNUMBER(T41),IF(T42>T41,1.0,IF(T42=T41,0.5,0.0)),""),"") | AE42: =IF(ISNUMBER(T42),IF(ISNUMBER(T43),IF(T42>T43,1.0,IF(T42=T43,0.5,0.0)),""),"") | AF42: =IF(ISNUMBER(T42),IF(ISNUMBER(T44),IF(T42>T44,1.0,IF(T42=T44,0.5,0.0)),""),"") | AG42: =IF(AND(ISNUMBER(S42),ISNUMBER(S38)),VLOOKUP(ABS(S42-S38),'IMP Table'!$A$2:$C$26,3)*SIGN(S42-S38),0) | AH42: =IF(AND(ISNUMBER(S42),ISNUMBER(S39)),VLOOKUP(ABS(S42-S39),'IMP Table'!$A$2:$C$26,3)*SIGN(S42-S39),0) | AI42: =IF(AND(ISNUMBER(S42),ISNUMBER(S40)),VLOOKUP(ABS(S42-S40),'IMP Table'!$A$2:$C$26,3)*SIGN(S42-S40),0) | AJ42: =IF(AND(ISNUMBER(S42),ISNUMBER(S41)),VLOOKUP(ABS(S42-S41),'IMP Table'!$A$2:$C$26,3)*SIGN(S42-S41),0) | AK42: =IF(AND(ISNUMBER(S42),ISNUMBER(S43)),VLOOKUP(ABS(S42-S43),'IMP Table'!$A$2:$C$26,3)*SIGN(S42-S43),0) | AL42: =IF(AND(ISNUMBER(S42),ISNUMBER(S44)),VLOOKUP(ABS(S42-S44),'IMP Table'!$A$2:$C$26,3)*SIGN(S42-S44),0) | AM42: =IF(AND(ISNUMBER(T42),ISNUMBER(T38)),VLOOKUP(ABS(T42-T38),'IMP Table'!$A$2:$C$26,3)*SIGN(T42-T38),0) | AN42: =IF(AND(ISNUMBER(T42),ISNUMBER(T39)),VLOOKUP(ABS(T42-T39),'IMP Table'!$A$2:$C$26,3)*SIGN(T42-T39),0) | AO42: =IF(AND(ISNUMBER(T42),ISNUMBER(T40)),VLOOKUP(ABS(T42-T40),'IMP Table'!$A$2:$C$26,3)*SIGN(T42-T40),0) | AP42: =IF(AND(ISNUMBER(T42),ISNUMBER(T41)),VLOOKUP(ABS(T42-T41),'IMP Table'!$A$2:$C$26,3)*SIGN(T42-T41),0) | AQ42: =IF(AND(ISNUMBER(T42),ISNUMBER(T43)),VLOOKUP(ABS(T42-T43),'IMP Table'!$A$2:$C$26,3)*SIGN(T42-T43),0) | AR42: =IF(AND(ISNUMBER(T42),ISNUMBER(T44)),VLOOKUP(ABS(T42-T44),'IMP Table'!$A$2:$C$26,3)*SIGN(T42-T44),0)
B43: ='By Round'!A73 | C43: ='By Round'!B83 | D43: ='By Round'!C83 | E43: ='By Round'!D83 | F43: =IF(ISBLANK('By Round'!F84),"",'By Round'!F84) | G43: =IF(ISBLANK('By Round'!G84),"",'By Round'!G84) | H43: =IF(ISBLANK('By Round'!H84),"",'By Round'!H84) | I43: =IF(ISBLANK('By Round'!I84),"",'By Round'!I84) | J43: =IF(ISBLANK('By Round'!J84),"",'By Round'!J84) | K43: =IF(ISBLANK('By Round'!K84),"",'By Round'!K84) | L43: =IF(ISBLANK('By Round'!L84),"",'By Round'!L84) | M43: =AVERAGE(AG43:AL43) | N43: =AVERAGE(AM43:AR43) | O43: =IF(COUNT(U43:Z43)>0,Q43/COUNT(U43:Z43),0.5) | P43: =IF(COUNT(AA43:AF43)>0,R43/COUNT(AA43:AF43),0.5) | Q43: =SUM(U43:Z43) | R43: =SUM(AA43:AF43) | S43: =IF(ISNUMBER(K43),K43,IF(ISNUMBER(L43),-L43,"")) | T43: =IF(ISNUMBER(L43),L43,IF(ISNUMBER(K43),-K43,"")) | U43: =IF(ISNUMBER(S43),IF(ISNUMBER(S38),IF(S43>S38,1.0,IF(S43=S38,0.5,0.0)),""),"") | V43: =IF(ISNUMBER(S43),IF(ISNUMBER(S39),IF(S43>S39,1.0,IF(S43=S39,0.5,0.0)),""),"") | W43: =IF(ISNUMBER(S43),IF(ISNUMBER(S40),IF(S43>S40,1.0,IF(S43=S40,0.5,0.0)),""),"") | X43: =IF(ISNUMBER(S43),IF(ISNUMBER(S41),IF(S43>S41,1.0,IF(S43=S41,0.5,0.0)),""),"") | Y43: =IF(ISNUMBER(S43),IF(ISNUMBER(S42),IF(S43>S42,1.0,IF(S43=S42,0.5,0.0)),""),"") | Z43: =IF(ISNUMBER(S43),IF(ISNUMBER(S44),IF(S43>S44,1.0,IF(S43=S44,0.5,0.0)),""),"") | AA43: =IF(ISNUMBER(T43),IF(ISNUMBER(T38),IF(T43>T38,1.0,IF(T43=T38,0.5,0.0)),""),"") | AB43: =IF(ISNUMBER(T43),IF(ISNUMBER(T39),IF(T43>T39,1.0,IF(T43=T39,0.5,0.0)),""),"") | AC43: =IF(ISNUMBER(T43),IF(ISNUMBER(T40),IF(T43>T40,1.0,IF(T43=T40,0.5,0.0)),""),"") | AD43: =IF(ISNUMBER(T43),IF(ISNUMBER(T41),IF(T43>T41,1.0,IF(T43=T41,0.5,0.0)),""),"") | AE43: =IF(ISNUMBER(T43),IF(ISNUMBER(T42),IF(T43>T42,1.0,IF(T43=T42,0.5,0.0)),""),"") | AF43: =IF(ISNUMBER(T43),IF(ISNUMBER(T44),IF(T43>T44,1.0,IF(T43=T44,0.5,0.0)),""),"") | AG43: =IF(AND(ISNUMBER(S43),ISNUMBER(S38)),VLOOKUP(ABS(S43-S38),'IMP Table'!$A$2:$C$26,3)*SIGN(S43-S38),0) | AH43: =IF(AND(ISNUMBER(S43),ISNUMBER(S39)),VLOOKUP(ABS(S43-S39),'IMP Table'!$A$2:$C$26,3)*SIGN(S43-S39),0) | AI43: =IF(AND(ISNUMBER(S43),ISNUMBER(S40)),VLOOKUP(ABS(S43-S40),'IMP Table'!$A$2:$C$26,3)*SIGN(S43-S40),0) | AJ43: =IF(AND(ISNUMBER(S43),ISNUMBER(S41)),VLOOKUP(ABS(S43-S41),'IMP Table'!$A$2:$C$26,3)*SIGN(S43-S41),0) | AK43: =IF(AND(ISNUMBER(S43),ISNUMBER(S42)),VLOOKUP(ABS(S43-S42),'IMP Table'!$A$2:$C$26,3)*SIGN(S43-S42),0) | AL43: =IF(AND(ISNUMBER(S43),ISNUMBER(S44)),VLOOKUP(ABS(S43-S44),'IMP Table'!$A$2:$C$26,3)*SIGN(S43-S44),0) | AM43: =IF(AND(ISNUMBER(T43),ISNUMBER(T38)),VLOOKUP(ABS(T43-T38),'IMP Table'!$A$2:$C$26,3)*SIGN(T43-T38),0) | AN43: =IF(AND(ISNUMBER(T43),ISNUMBER(T39)),VLOOKUP(ABS(T43-T39),'IMP Table'!$A$2:$C$26,3)*SIGN(T43-T39),0) | AO43: =IF(AND(ISNUMBER(T43),ISNUMBER(T40)),VLOOKUP(ABS(T43-T40),'IMP Table'!$A$2:$C$26,3)*SIGN(T43-T40),0) | AP43: =IF(AND(ISNUMBER(T43),ISNUMBER(T41)),VLOOKUP(ABS(T43-T41),'IMP Table'!$A$2:$C$26,3)*SIGN(T43-T41),0) | AQ43: =IF(AND(ISNUMBER(T43),ISNUMBER(T42)),VLOOKUP(ABS(T43-T42),'IMP Table'!$A$2:$C$26,3)*SIGN(T43-T42),0) | AR43: =IF(AND(ISNUMBER(T43),ISNUMBER(T44)),VLOOKUP(ABS(T43-T44),'IMP Table'!$A$2:$C$26,3)*SIGN(T43-T44),0)
B44: ='By Round'!A31 | C44: ='By Round'!B31 | D44: ='By Round'!C31 | E44: ='By Round'!D31 | F44: =IF(ISBLANK('By Round'!F32),"",'By Round'!F32) | G44: =IF(ISBLANK('By Round'!G32),"",'By Round'!G32) | H44: =IF(ISBLANK('By Round'!H32),"",'By Round'!H32) | I44: =IF(ISBLANK('By Round'!I32),"",'By Round'!I32) | J44: =IF(ISBLANK('By Round'!J32),"",'By Round'!J32) | K44: =IF(ISBLANK('By Round'!K32),"",'By Round'!K32) | L44: =IF(ISBLANK('By Round'!L32),"",'By Round'!L32) | M44: =AVERAGE(AG44:AL44) | N44: =AVERAGE(AM44:AR44) | O44: =IF(COUNT(U44:Z44)>0,Q44/COUNT(U44:Z44),0.5) | P44: =IF(COUNT(AA44:AF44)>0,R44/COUNT(AA44:AF44),0.5) | Q44: =SUM(U44:Z44) | R44: =SUM(AA44:AF44) | S44: =IF(ISNUMBER(K44),K44,IF(ISNUMBER(L44),-L44,"")) | T44: =IF(ISNUMBER(L44),L44,IF(ISNUMBER(K44),-K44,"")) | U44: =IF(ISNUMBER(S44),IF(ISNUMBER(S38),IF(S44>S38,1.0,IF(S44=S38,0.5,0.0)),""),"") | V44: =IF(ISNUMBER(S44),IF(ISNUMBER(S39),IF(S44>S39,1.0,IF(S44=S39,0.5,0.0)),""),"") | W44: =IF(ISNUMBER(S44),IF(ISNUMBER(S40),IF(S44>S40,1.0,IF(S44=S40,0.5,0.0)),""),"") | X44: =IF(ISNUMBER(S44),IF(ISNUMBER(S41),IF(S44>S41,1.0,IF(S44=S41,0.5,0.0)),""),"") | Y44: =IF(ISNUMBER(S44),IF(ISNUMBER(S42),IF(S44>S42,1.0,IF(S44=S42,0.5,0.0)),""),"") | Z44: =IF(ISNUMBER(S44),IF(ISNUMBER(S43),IF(S44>S43,1.0,IF(S44=S43,0.5,0.0)),""),"") | AA44: =IF(ISNUMBER(T44),IF(ISNUMBER(T38),IF(T44>T38,1.0,IF(T44=T38,0.5,0.0)),""),"") | AB44: =IF(ISNUMBER(T44),IF(ISNUMBER(T39),IF(T44>T39,1.0,IF(T44=T39,0.5,0.0)),""),"") | AC44: =IF(ISNUMBER(T44),IF(ISNUMBER(T40),IF(T44>T40,1.0,IF(T44=T40,0.5,0.0)),""),"") | AD44: =IF(ISNUMBER(T44),IF(ISNUMBER(T41),IF(T44>T41,1.0,IF(T44=T41,0.5,0.0)),""),"") | AE44: =IF(ISNUMBER(T44),IF(ISNUMBER(T42),IF(T44>T42,1.0,IF(T44=T42,0.5,0.0)),""),"") | AF44: =IF(ISNUMBER(T44),IF(ISNUMBER(T43),IF(T44>T43,1.0,IF(T44=T43,0.5,0.0)),""),"") | AG44: =IF(AND(ISNUMBER(S44),ISNUMBER(S38)),VLOOKUP(ABS(S44-S38),'IMP Table'!$A$2:$C$26,3)*SIGN(S44-S38),0) | AH44: =IF(AND(ISNUMBER(S44),ISNUMBER(S39)),VLOOKUP(ABS(S44-S39),'IMP Table'!$A$2:$C$26,3)*SIGN(S44-S39),0) | AI44: =IF(AND(ISNUMBER(S44),ISNUMBER(S40)),VLOOKUP(ABS(S44-S40),'IMP Table'!$A$2:$C$26,3)*SIGN(S44-S40),0) | AJ44: =IF(AND(ISNUMBER(S44),ISNUMBER(S41)),VLOOKUP(ABS(S44-S41),'IMP Table'!$A$2:$C$26,3)*SIGN(S44-S41),0) | AK44: =IF(AND(ISNUMBER(S44),ISNUMBER(S42)),VLOOKUP(ABS(S44-S42),'IMP Table'!$A$2:$C$26,3)*SIGN(S44-S42),0) | AL44: =IF(AND(ISNUMBER(S44),ISNUMBER(S43)),VLOOKUP(ABS(S44-S43),'IMP Table'!$A$2:$C$26,3)*SIGN(S44-S43),0) | AM44: =IF(AND(ISNUMBER(T44),ISNUMBER(T38)),VLOOKUP(ABS(T44-T38),'IMP Table'!$A$2:$C$26,3)*SIGN(T44-T38),0) | AN44: =IF(AND(ISNUMBER(T44),ISNUMBER(T39)),VLOOKUP(ABS(T44-T39),'IMP Table'!$A$2:$C$26,3)*SIGN(T44-T39),0) | AO44: =IF(AND(ISNUMBER(T44),ISNUMBER(T40)),VLOOKUP(ABS(T44-T40),'IMP Table'!$A$2:$C$26,3)*SIGN(T44-T40),0) | AP44: =IF(AND(ISNUMBER(T44),ISNUMBER(T41)),VLOOKUP(ABS(T44-T41),'IMP Table'!$A$2:$C$26,3)*SIGN(T44-T41),0) | AQ44: =IF(AND(ISNUMBER(T44),ISNUMBER(T42)),VLOOKUP(ABS(T44-T42),'IMP Table'!$A$2:$C$26,3)*SIGN(T44-T42),0) | AR44: =IF(AND(ISNUMBER(T44),ISNUMBER(T43)),VLOOKUP(ABS(T44-T43),'IMP Table'!$A$2:$C$26,3)*SIGN(T44-T43),0)
A45: 7 | B45: ='By Round'!A87 | C45: ='By Round'!B97 | D45: ='By Round'!C97 | E45: ='By Round'!D97 | F45: =IF(ISBLANK('By Round'!F97),"",'By Round'!F97) | G45: =IF(ISBLANK('By Round'!G97),"",'By Round'!G97) | H45: =IF(ISBLANK('By Round'!H97),"",'By Round'!H97) | I45: =IF(ISBLANK('By Round'!I97),"",'By Round'!I97) | J45: =IF(ISBLANK('By Round'!J97),"",'By Round'!J97) | K45: =IF(ISBLANK('By Round'!K97),"",'By Round'!K97) | L45: =IF(ISBLANK('By Round'!L97),"",'By Round'!L97) | M45: =AVERAGE(AG45:AL45) | N45: =AVERAGE(AM45:AR45) | O45: =IF(COUNT(U45:Z45)>0,Q45/COUNT(U45:Z45),0.5) | P45: =IF(COUNT(AA45:AF45)>0,R45/COUNT(AA45:AF45),0.5) | Q45: =SUM(U45:Z45) | R45: =SUM(AA45:AF45) | S45: =IF(ISNUMBER(K45),K45,IF(ISNUMBER(L45),-L45,"")) | T45: =IF(ISNUMBER(L45),L45,IF(ISNUMBER(K45),-K45,"")) | U45: =IF(ISNUMBER(S45),IF(ISNUMBER(S46),IF(S45>S46,1.0,IF(S45=S46,0.5,0.0)),""),"") | V45: =IF(ISNUMBER(S45),IF(ISNUMBER(S47),IF(S45>S47,1.0,IF(S45=S47,0.5,0.0)),""),"") | W45: =IF(ISNUMBER(S45),IF(ISNUMBER(S48),IF(S45>S48,1.0,IF(S45=S48,0.5,0.0)),""),"") | X45: =IF(ISNUMBER(S45),IF(ISNUMBER(S49),IF(S45>S49,1.0,IF(S45=S49,0.5,0.0)),""),"") | Y45: =IF(ISNUMBER(S45),IF(ISNUMBER(S50),IF(S45>S50,1.0,IF(S45=S50,0.5,0.0)),""),"") | Z45: =IF(ISNUMBER(S45),IF(ISNUMBER(S51),IF(S45>S51,1.0,IF(S45=S51,0.5,0.0)),""),"") | AA45: =IF(ISNUMBER(T45),IF(ISNUMBER(T46),IF(T45>T46,1.0,IF(T45=T46,0.5,0.0)),""),"") | AB45: =IF(ISNUMBER(T45),IF(ISNUMBER(T47),IF(T45>T47,1.0,IF(T45=T47,0.5,0.0)),""),"") | AC45: =IF(ISNUMBER(T45),IF(ISNUMBER(T48),IF(T45>T48,1.0,IF(T45=T48,0.5,0.0)),""),"") | AD45: =IF(ISNUMBER(T45),IF(ISNUMBER(T49),IF(T45>T49,1.0,IF(T45=T49,0.5,0.0)),""),"") | AE45: =IF(ISNUMBER(T45),IF(ISNUMBER(T50),IF(T45>T50,1.0,IF(T45=T50,0.5,0.0)),""),"") | AF45: =IF(ISNUMBER(T45),IF(ISNUMBER(T51),IF(T45>T51,1.0,IF(T45=T51,0.5,0.0)),""),"") | AG45: =IF(AND(ISNUMBER(S45),ISNUMBER(S46)),VLOOKUP(ABS(S45-S46),'IMP Table'!$A$2:$C$26,3)*SIGN(S45-S46),0) | AH45: =IF(AND(ISNUMBER(S45),ISNUMBER(S47)),VLOOKUP(ABS(S45-S47),'IMP Table'!$A$2:$C$26,3)*SIGN(S45-S47),0) | AI45: =IF(AND(ISNUMBER(S45),ISNUMBER(S48)),VLOOKUP(ABS(S45-S48),'IMP Table'!$A$2:$C$26,3)*SIGN(S45-S48),0) | AJ45: =IF(AND(ISNUMBER(S45),ISNUMBER(S49)),VLOOKUP(ABS(S45-S49),'IMP Table'!$A$2:$C$26,3)*SIGN(S45-S49),0) | AK45: =IF(AND(ISNUMBER(S45),ISNUMBER(S50)),VLOOKUP(ABS(S45-S50),'IMP Table'!$A$2:$C$26,3)*SIGN(S45-S50),0) | AL45: =IF(AND(ISNUMBER(S45),ISNUMBER(S51)),VLOOKUP(ABS(S45-S51),'IMP Table'!$A$2:$C$26,3)*SIGN(S45-S51),0) | AM45: =IF(AND(ISNUMBER(T45),ISNUMBER(T46)),VLOOKUP(ABS(T45-T46),'IMP Table'!$A$2:$C$26,3)*SIGN(T45-T46),0) | AN45: =IF(AND(ISNUMBER(T45),ISNUMBER(T47)),VLOOKUP(ABS(T45-T47),'IMP Table'!$A$2:$C$26,3)*SIGN(T45-T47),0) | AO45: =IF(AND(ISNUMBER(T45),ISNUMBER(T48)),VLOOKUP(ABS(T45-T48),'IMP Table'!$A$2:$C$26,3)*SIGN(T45-T48),0) | AP45: =IF(AND(ISNUMBER(T45),ISNUMBER(T49)),VLOOKUP(ABS(T45-T49),'IMP Table'!$A$2:$C$26,3)*SIGN(T45-T49),0) | AQ45: =IF(AND(ISNUMBER(T45),ISNUMBER(T50)),VLOOKUP(ABS(T45-T50),'IMP Table'!$A$2:$C$26,3)*SIGN(T45-T50),0) | AR45: =IF(AND(ISNUMBER(T45),ISNUMBER(T51)),VLOOKUP(ABS(T45-T51),'IMP Table'!$A$2:$C$26,3)*SIGN(T45-T51),0)
B46: ='By Round'!A3 | C46: ='By Round'!B7 | D46: ='By Round'!C7 | E46: ='By Round'!D7 | F46: =IF(ISBLANK('By Round'!F7),"",'By Round'!F7) | G46: =IF(ISBLANK('By Round'!G7),"",'By Round'!G7) | H46: =IF(ISBLANK('By Round'!H7),"",'By Round'!H7) | I46: =IF(ISBLANK('By Round'!I7),"",'By Round'!I7) | J46: =IF(ISBLANK('By Round'!J7),"",'By Round'!J7) | K46: =IF(ISBLANK('By Round'!K7),"",'By Round'!K7) | L46: =IF(ISBLANK('By Round'!L7),"",'By Round'!L7) | M46: =AVERAGE(AG46:AL46) | N46: =AVERAGE(AM46:AR46) | O46: =IF(COUNT(U46:Z46)>0,Q46/COUNT(U46:Z46),0.5) | P46: =IF(COUNT(AA46:AF46)>0,R46/COUNT(AA46:AF46),0.5) | Q46: =SUM(U46:Z46) | R46: =SUM(AA46:AF46) | S46: =IF(ISNUMBER(K46),K46,IF(ISNUMBER(L46),-L46,"")) | T46: =IF(ISNUMBER(L46),L46,IF(ISNUMBER(K46),-K46,"")) | U46: =IF(ISNUMBER(S46),IF(ISNUMBER(S45),IF(S46>S45,1.0,IF(S46=S45,0.5,0.0)),""),"") | V46: =IF(ISNUMBER(S46),IF(ISNUMBER(S47),IF(S46>S47,1.0,IF(S46=S47,0.5,0.0)),""),"") | W46: =IF(ISNUMBER(S46),IF(ISNUMBER(S48),IF(S46>S48,1.0,IF(S46=S48,0.5,0.0)),""),"") | X46: =IF(ISNUMBER(S46),IF(ISNUMBER(S49),IF(S46>S49,1.0,IF(S46=S49,0.5,0.0)),""),"") | Y46: =IF(ISNUMBER(S46),IF(ISNUMBER(S50),IF(S46>S50,1.0,IF(S46=S50,0.5,0.0)),""),"") | Z46: =IF(ISNUMBER(S46),IF(ISNUMBER(S51),IF(S46>S51,1.0,IF(S46=S51,0.5,0.0)),""),"") | AA46: =IF(ISNUMBER(T46),IF(ISNUMBER(T45),IF(T46>T45,1.0,IF(T46=T45,0.5,0.0)),""),"") | AB46: =IF(ISNUMBER(T46),IF(ISNUMBER(T47),IF(T46>T47,1.0,IF(T46=T47,0.5,0.0)),""),"") | AC46: =IF(ISNUMBER(T46),IF(ISNUMBER(T48),IF(T46>T48,1.0,IF(T46=T48,0.5,0.0)),""),"") | AD46: =IF(ISNUMBER(T46),IF(ISNUMBER(T49),IF(T46>T49,1.0,IF(T46=T49,0.5,0.0)),""),"") | AE46: =IF(ISNUMBER(T46),IF(ISNUMBER(T50),IF(T46>T50,1.0,IF(T46=T50,0.5,0.0)),""),"") | AF46: =IF(ISNUMBER(T46),IF(ISNUMBER(T51),IF(T46>T51,1.0,IF(T46=T51,0.5,0.0)),""),"") | AG46: =IF(AND(ISNUMBER(S46),ISNUMBER(S45)),VLOOKUP(ABS(S46-S45),'IMP Table'!$A$2:$C$26,3)*SIGN(S46-S45),0) | AH46: =IF(AND(ISNUMBER(S46),ISNUMBER(S47)),VLOOKUP(ABS(S46-S47),'IMP Table'!$A$2:$C$26,3)*SIGN(S46-S47),0) | AI46: =IF(AND(ISNUMBER(S46),ISNUMBER(S48)),VLOOKUP(ABS(S46-S48),'IMP Table'!$A$2:$C$26,3)*SIGN(S46-S48),0) | AJ46: =IF(AND(ISNUMBER(S46),ISNUMBER(S49)),VLOOKUP(ABS(S46-S49),'IMP Table'!$A$2:$C$26,3)*SIGN(S46-S49),0) | AK46: =IF(AND(ISNUMBER(S46),ISNUMBER(S50)),VLOOKUP(ABS(S46-S50),'IMP Table'!$A$2:$C$26,3)*SIGN(S46-S50),0) | AL46: =IF(AND(ISNUMBER(S46),ISNUMBER(S51)),VLOOKUP(ABS(S46-S51),'IMP Table'!$A$2:$C$26,3)*SIGN(S46-S51),0) | AM46: =IF(AND(ISNUMBER(T46),ISNUMBER(T45)),VLOOKUP(ABS(T46-T45),'IMP Table'!$A$2:$C$26,3)*SIGN(T46-T45),0) | AN46: =IF(AND(ISNUMBER(T46),ISNUMBER(T47)),VLOOKUP(ABS(T46-T47),'IMP Table'!$A$2:$C$26,3)*SIGN(T46-T47),0) | AO46: =IF(AND(ISNUMBER(T46),ISNUMBER(T48)),VLOOKUP(ABS(T46-T48),'IMP Table'!$A$2:$C$26,3)*SIGN(T46-T48),0) | AP46: =IF(AND(ISNUMBER(T46),ISNUMBER(T49)),VLOOKUP(ABS(T46-T49),'IMP Table'!$A$2:$C$26,3)*SIGN(T46-T49),0) | AQ46: =IF(AND(ISNUMBER(T46),ISNUMBER(T50)),VLOOKUP(ABS(T46-T50),'IMP Table'!$A$2:$C$26,3)*SIGN(T46-T50),0) | AR46: =IF(AND(ISNUMBER(T46),ISNUMBER(T51)),VLOOKUP(ABS(T46-T51),'IMP Table'!$A$2:$C$26,3)*SIGN(T46-T51),0)
B47: ='By Round'!A17 | C47: ='By Round'!B19 | D47: ='By Round'!C19 | E47: ='By Round'!D19 | F47: =IF(ISBLANK('By Round'!F19),"",'By Round'!F19) | G47: =IF(ISBLANK('By Round'!G19),"",'By Round'!G19) | H47: =IF(ISBLANK('By Round'!H19),"",'By Round'!H19) | I47: =IF(ISBLANK('By Round'!I19),"",'By Round'!I19) | J47: =IF(ISBLANK('By Round'!J19),"",'By Round'!J19) | K47: =IF(ISBLANK('By Round'!K19),"",'By Round'!K19) | L47: =IF(ISBLANK('By Round'!L19),"",'By Round'!L19) | M47: =AVERAGE(AG47:AL47) | N47: =AVERAGE(AM47:AR47) | O47: =IF(COUNT(U47:Z47)>0,Q47/COUNT(U47:Z47),0.5) | P47: =IF(COUNT(AA47:AF47)>0,R47/COUNT(AA47:AF47),0.5) | Q47: =SUM(U47:Z47) | R47: =SUM(AA47:AF47) | S47: =IF(ISNUMBER(K47),K47,IF(ISNUMBER(L47),-L47,"")) | T47: =IF(ISNUMBER(L47),L47,IF(ISNUMBER(K47),-K47,"")) | U47: =IF(ISNUMBER(S47),IF(ISNUMBER(S45),IF(S47>S45,1.0,IF(S47=S45,0.5,0.0)),""),"") | V47: =IF(ISNUMBER(S47),IF(ISNUMBER(S46),IF(S47>S46,1.0,IF(S47=S46,0.5,0.0)),""),"") | W47: =IF(ISNUMBER(S47),IF(ISNUMBER(S48),IF(S47>S48,1.0,IF(S47=S48,0.5,0.0)),""),"") | X47: =IF(ISNUMBER(S47),IF(ISNUMBER(S49),IF(S47>S49,1.0,IF(S47=S49,0.5,0.0)),""),"") | Y47: =IF(ISNUMBER(S47),IF(ISNUMBER(S50),IF(S47>S50,1.0,IF(S47=S50,0.5,0.0)),""),"") | Z47: =IF(ISNUMBER(S47),IF(ISNUMBER(S51),IF(S47>S51,1.0,IF(S47=S51,0.5,0.0)),""),"") | AA47: =IF(ISNUMBER(T47),IF(ISNUMBER(T45),IF(T47>T45,1.0,IF(T47=T45,0.5,0.0)),""),"") | AB47: =IF(ISNUMBER(T47),IF(ISNUMBER(T46),IF(T47>T46,1.0,IF(T47=T46,0.5,0.0)),""),"") | AC47: =IF(ISNUMBER(T47),IF(ISNUMBER(T48),IF(T47>T48,1.0,IF(T47=T48,0.5,0.0)),""),"") | AD47: =IF(ISNUMBER(T47),IF(ISNUMBER(T49),IF(T47>T49,1.0,IF(T47=T49,0.5,0.0)),""),"") | AE47: =IF(ISNUMBER(T47),IF(ISNUMBER(T50),IF(T47>T50,1.0,IF(T47=T50,0.5,0.0)),""),"") | AF47: =IF(ISNUMBER(T47),IF(ISNUMBER(T51),IF(T47>T51,1.0,IF(T47=T51,0.5,0.0)),""),"") | AG47: =IF(AND(ISNUMBER(S47),ISNUMBER(S45)),VLOOKUP(ABS(S47-S45),'IMP Table'!$A$2:$C$26,3)*SIGN(S47-S45),0) | AH47: =IF(AND(ISNUMBER(S47),ISNUMBER(S46)),VLOOKUP(ABS(S47-S46),'IMP Table'!$A$2:$C$26,3)*SIGN(S47-S46),0) | AI47: =IF(AND(ISNUMBER(S47),ISNUMBER(S48)),VLOOKUP(ABS(S47-S48),'IMP Table'!$A$2:$C$26,3)*SIGN(S47-S48),0) | AJ47: =IF(AND(ISNUMBER(S47),ISNUMBER(S49)),VLOOKUP(ABS(S47-S49),'IMP Table'!$A$2:$C$26,3)*SIGN(S47-S49),0) | AK47: =IF(AND(ISNUMBER(S47),ISNUMBER(S50)),VLOOKUP(ABS(S47-S50),'IMP Table'!$A$2:$C$26,3)*SIGN(S47-S50),0) | AL47: =IF(AND(ISNUMBER(S47),ISNUMBER(S51)),VLOOKUP(ABS(S47-S51),'IMP Table'!$A$2:$C$26,3)*SIGN(S47-S51),0) | AM47: =IF(AND(ISNUMBER(T47),ISNUMBER(T45)),VLOOKUP(ABS(T47-T45),'IMP Table'!$A$2:$C$26,3)*SIGN(T47-T45),0) | AN47: =IF(AND(ISNUMBER(T47),ISNUMBER(T46)),VLOOKUP(ABS(T47-T46),'IMP Table'!$A$2:$C$26,3)*SIGN(T47-T46),0) | AO47: =IF(AND(ISNUMBER(T47),ISNUMBER(T48)),VLOOKUP(ABS(T47-T48),'IMP Table'!$A$2:$C$26,3)*SIGN(T47-T48),0) | AP47: =IF(AND(ISNUMBER(T47),ISNUMBER(T49)),VLOOKUP(ABS(T47-T49),'IMP Table'!$A$2:$C$26,3)*SIGN(T47-T49),0) | AQ47: =IF(AND(ISNUMBER(T47),ISNUMBER(T50)),VLOOKUP(ABS(T47-T50),'IMP Table'!$A$2:$C$26,3)*SIGN(T47-T50),0) | AR47: =IF(AND(ISNUMBER(T47),ISNUMBER(T51)),VLOOKUP(ABS(T47-T51),'IMP Table'!$A$2:$C$26,3)*SIGN(T47-T51),0)
B48: ='By Round'!A171 | C48: ='By Round'!B177 | D48: ='By Round'!C177 | E48: ='By Round'!D177 | F48: =IF(ISBLANK('By Round'!F177),"",'By Round'!F177) | G48: =IF(ISBLANK('By Round'!G177),"",'By Round'!G177) | H48: =IF(ISBLANK('By Round'!H177),"",'By Round'!H177) | I48: =IF(ISBLANK('By Round'!I177),"",'By Round'!I177) | J48: =IF(ISBLANK('By Round'!J177),"",'By Round'!J177) | K48: =IF(ISBLANK('By Round'!K177),"",'By Round'!K177) | L48: =IF(ISBLANK('By Round'!L177),"",'By Round'!L177) | M48: =AVERAGE(AG48:AL48) | N48: =AVERAGE(AM48:AR48) | O48: =IF(COUNT(U48:Z48)>0,Q48/COUNT(U48:Z48),0.5) | P48: =IF(COUNT(AA48:AF48)>0,R48/COUNT(AA48:AF48),0.5) | Q48: =SUM(U48:Z48) | R48: =SUM(AA48:AF48) | S48: =IF(ISNUMBER(K48),K48,IF(ISNUMBER(L48),-L48,"")) | T48: =IF(ISNUMBER(L48),L48,IF(ISNUMBER(K48),-K48,"")) | U48: =IF(ISNUMBER(S48),IF(ISNUMBER(S45),IF(S48>S45,1.0,IF(S48=S45,0.5,0.0)),""),"") | V48: =IF(ISNUMBER(S48),IF(ISNUMBER(S46),IF(S48>S46,1.0,IF(S48=S46,0.5,0.0)),""),"") | W48: =IF(ISNUMBER(S48),IF(ISNUMBER(S47),IF(S48>S47,1.0,IF(S48=S47,0.5,0.0)),""),"") | X48: =IF(ISNUMBER(S48),IF(ISNUMBER(S49),IF(S48>S49,1.0,IF(S48=S49,0.5,0.0)),""),"") | Y48: =IF(ISNUMBER(S48),IF(ISNUMBER(S50),IF(S48>S50,1.0,IF(S48=S50,0.5,0.0)),""),"") | Z48: =IF(ISNUMBER(S48),IF(ISNUMBER(S51),IF(S48>S51,1.0,IF(S48=S51,0.5,0.0)),""),"") | AA48: =IF(ISNUMBER(T48),IF(ISNUMBER(T45),IF(T48>T45,1.0,IF(T48=T45,0.5,0.0)),""),"") | AB48: =IF(ISNUMBER(T48),IF(ISNUMBER(T46),IF(T48>T46,1.0,IF(T48=T46,0.5,0.0)),""),"") | AC48: =IF(ISNUMBER(T48),IF(ISNUMBER(T47),IF(T48>T47,1.0,IF(T48=T47,0.5,0.0)),""),"") | AD48: =IF(ISNUMBER(T48),IF(ISNUMBER(T49),IF(T48>T49,1.0,IF(T48=T49,0.5,0.0)),""),"") | AE48: =IF(ISNUMBER(T48),IF(ISNUMBER(T50),IF(T48>T50,1.0,IF(T48=T50,0.5,0.0)),""),"") | AF48: =IF(ISNUMBER(T48),IF(ISNUMBER(T51),IF(T48>T51,1.0,IF(T48=T51,0.5,0.0)),""),"") | AG48: =IF(AND(ISNUMBER(S48),ISNUMBER(S45)),VLOOKUP(ABS(S48-S45),'IMP Table'!$A$2:$C$26,3)*SIGN(S48-S45),0) | AH48: =IF(AND(ISNUMBER(S48),ISNUMBER(S46)),VLOOKUP(ABS(S48-S46),'IMP Table'!$A$2:$C$26,3)*SIGN(S48-S46),0) | AI48: =IF(AND(ISNUMBER(S48),ISNUMBER(S47)),VLOOKUP(ABS(S48-S47),'IMP Table'!$A$2:$C$26,3)*SIGN(S48-S47),0) | AJ48: =IF(AND(ISNUMBER(S48),ISNUMBER(S49)),VLOOKUP(ABS(S48-S49),'IMP Table'!$A$2:$C$26,3)*SIGN(S48-S49),0) | AK48: =IF(AND(ISNUMBER(S48),ISNUMBER(S50)),VLOOKUP(ABS(S48-S50),'IMP Table'!$A$2:$C$26,3)*SIGN(S48-S50),0) | AL48: =IF(AND(ISNUMBER(S48),ISNUMBER(S51)),VLOOKUP(ABS(S48-S51),'IMP Table'!$A$2:$C$26,3)*SIGN(S48-S51),0) | AM48: =IF(AND(ISNUMBER(T48),ISNUMBER(T45)),VLOOKUP(ABS(T48-T45),'IMP Table'!$A$2:$C$26,3)*SIGN(T48-T45),0) | AN48: =IF(AND(ISNUMBER(T48),ISNUMBER(T46)),VLOOKUP(ABS(T48-T46),'IMP Table'!$A$2:$C$26,3)*SIGN(T48-T46),0) | AO48: =IF(AND(ISNUMBER(T48),ISNUMBER(T47)),VLOOKUP(ABS(T48-T47),'IMP Table'!$A$2:$C$26,3)*SIGN(T48-T47),0) | AP48: =IF(AND(ISNUMBER(T48),ISNUMBER(T49)),VLOOKUP(ABS(T48-T49),'IMP Table'!$A$2:$C$26,3)*SIGN(T48-T49),0) | AQ48: =IF(AND(ISNUMBER(T48),ISNUMBER(T50)),VLOOKUP(ABS(T48-T50),'IMP Table'!$A$2:$C$26,3)*SIGN(T48-T50),0) | AR48: =IF(AND(ISNUMBER(T48),ISNUMBER(T51)),VLOOKUP(ABS(T48-T51),'IMP Table'!$A$2:$C$26,3)*SIGN(T48-T51),0)
B49: ='By Round'!A73 | C49: ='By Round'!B85 | D49: ='By Round'!C85 | E49: ='By Round'!D85 | F49: =IF(ISBLANK('By Round'!F85),"",'By Round'!F85) | G49: =IF(ISBLANK('By Round'!G85),"",'By Round'!G85) | H49: =IF(ISBLANK('By Round'!H85),"",'By Round'!H85) | I49: =IF(ISBLANK('By Round'!I85),"",'By Round'!I85) | J49: =IF(ISBLANK('By Round'!J85),"",'By Round'!J85) | K49: =IF(ISBLANK('By Round'!K85),"",'By Round'!K85) | L49: =IF(ISBLANK('By Round'!L85),"",'By Round'!L85) | M49: =AVERAGE(AG49:AL49) | N49: =AVERAGE(AM49:AR49) | O49: =IF(COUNT(U49:Z49)>0,Q49/COUNT(U49:Z49),0.5) | P49: =IF(COUNT(AA49:AF49)>0,R49/COUNT(AA49:AF49),0.5) | Q49: =SUM(U49:Z49) | R49: =SUM(AA49:AF49) | S49: =IF(ISNUMBER(K49),K49,IF(ISNUMBER(L49),-L49,"")) | T49: =IF(ISNUMBER(L49),L49,IF(ISNUMBER(K49),-K49,"")) | U49: =IF(ISNUMBER(S49),IF(ISNUMBER(S45),IF(S49>S45,1.0,IF(S49=S45,0.5,0.0)),""),"") | V49: =IF(ISNUMBER(S49),IF(ISNUMBER(S46),IF(S49>S46,1.0,IF(S49=S46,0.5,0.0)),""),"") | W49: =IF(ISNUMBER(S49),IF(ISNUMBER(S47),IF(S49>S47,1.0,IF(S49=S47,0.5,0.0)),""),"") | X49: =IF(ISNUMBER(S49),IF(ISNUMBER(S48),IF(S49>S48,1.0,IF(S49=S48,0.5,0.0)),""),"") | Y49: =IF(ISNUMBER(S49),IF(ISNUMBER(S50),IF(S49>S50,1.0,IF(S49=S50,0.5,0.0)),""),"") | Z49: =IF(ISNUMBER(S49),IF(ISNUMBER(S51),IF(S49>S51,1.0,IF(S49=S51,0.5,0.0)),""),"") | AA49: =IF(ISNUMBER(T49),IF(ISNUMBER(T45),IF(T49>T45,1.0,IF(T49=T45,0.5,0.0)),""),"") | AB49: =IF(ISNUMBER(T49),IF(ISNUMBER(T46),IF(T49>T46,1.0,IF(T49=T46,0.5,0.0)),""),"") | AC49: =IF(ISNUMBER(T49),IF(ISNUMBER(T47),IF(T49>T47,1.0,IF(T49=T47,0.5,0.0)),""),"") | AD49: =IF(ISNUMBER(T49),IF(ISNUMBER(T48),IF(T49>T48,1.0,IF(T49=T48,0.5,0.0)),""),"") | AE49: =IF(ISNUMBER(T49),IF(ISNUMBER(T50),IF(T49>T50,1.0,IF(T49=T50,0.5,0.0)),""),"") | AF49: =IF(ISNUMBER(T49),IF(ISNUMBER(T51),IF(T49>T51,1.0,IF(T49=T51,0.5,0.0)),""),"") | AG49: =IF(AND(ISNUMBER(S49),ISNUMBER(S45)),VLOOKUP(ABS(S49-S45),'IMP Table'!$A$2:$C$26,3)*SIGN(S49-S45),0) | AH49: =IF(AND(ISNUMBER(S49),ISNUMBER(S46)),VLOOKUP(ABS(S49-S46),'IMP Table'!$A$2:$C$26,3)*SIGN(S49-S46),0) | AI49: =IF(AND(ISNUMBER(S49),ISNUMBER(S47)),VLOOKUP(ABS(S49-S47),'IMP Table'!$A$2:$C$26,3)*SIGN(S49-S47),0) | AJ49: =IF(AND(ISNUMBER(S49),ISNUMBER(S48)),VLOOKUP(ABS(S49-S48),'IMP Table'!$A$2:$C$26,3)*SIGN(S49-S48),0) | AK49: =IF(AND(ISNUMBER(S49),ISNUMBER(S50)),VLOOKUP(ABS(S49-S50),'IMP Table'!$A$2:$C$26,3)*SIGN(S49-S50),0) | AL49: =IF(AND(ISNUMBER(S49),ISNUMBER(S51)),VLOOKUP(ABS(S49-S51),'IMP Table'!$A$2:$C$26,3)*SIGN(S49-S51),0) | AM49: =IF(AND(ISNUMBER(T49),ISNUMBER(T45)),VLOOKUP(ABS(T49-T45),'IMP Table'!$A$2:$C$26,3)*SIGN(T49-T45),0) | AN49: =IF(AND(ISNUMBER(T49),ISNUMBER(T46)),VLOOKUP(ABS(T49-T46),'IMP Table'!$A$2:$C$26,3)*SIGN(T49-T46),0) | AO49: =IF(AND(ISNUMBER(T49),ISNUMBER(T47)),VLOOKUP(ABS(T49-T47),'IMP Table'!$A$2:$C$26,3)*SIGN(T49-T47),0) | AP49: =IF(AND(ISNUMBER(T49),ISNUMBER(T48)),VLOOKUP(ABS(T49-T48),'IMP Table'!$A$2:$C$26,3)*SIGN(T49-T48),0) | AQ49: =IF(AND(ISNUMBER(T49),ISNUMBER(T50)),VLOOKUP(ABS(T49-T50),'IMP Table'!$A$2:$C$26,3)*SIGN(T49-T50),0) | AR49: =IF(AND(ISNUMBER(T49),ISNUMBER(T51)),VLOOKUP(ABS(T49-T51),'IMP Table'!$A$2:$C$26,3)*SIGN(T49-T51),0)
B50: ='By Round'!A101 | C50: ='By Round'!B109 | D50: ='By Round'!C109 | E50: ='By Round'!D109 | F50: =IF(ISBLANK('By Round'!F109),"",'By Round'!F109) | G50: =IF(ISBLANK('By Round'!G109),"",'By Round'!G109) | H50: =IF(ISBLANK('By Round'!H109),"",'By Round'!H109) | I50: =IF(ISBLANK('By Round'!I109),"",'By Round'!I109) | J50: =IF(ISBLANK('By Round'!J109),"",'By Round'!J109) | K50: =IF(ISBLANK('By Round'!K109),"",'By Round'!K109) | L50: =IF(ISBLANK('By Round'!L109),"",'By Round'!L109) | M50: =AVERAGE(AG50:AL50) | N50: =AVERAGE(AM50:AR50) | O50: =IF(COUNT(U50:Z50)>0,Q50/COUNT(U50:Z50),0.5) | P50: =IF(COUNT(AA50:AF50)>0,R50/COUNT(AA50:AF50),0.5) | Q50: =SUM(U50:Z50) | R50: =SUM(AA50:AF50) | S50: =IF(ISNUMBER(K50),K50,IF(ISNUMBER(L50),-L50,"")) | T50: =IF(ISNUMBER(L50),L50,IF(ISNUMBER(K50),-K50,"")) | U50: =IF(ISNUMBER(S50),IF(ISNUMBER(S45),IF(S50>S45,1.0,IF(S50=S45,0.5,0.0)),""),"") | V50: =IF(ISNUMBER(S50),IF(ISNUMBER(S46),IF(S50>S46,1.0,IF(S50=S46,0.5,0.0)),""),"") | W50: =IF(ISNUMBER(S50),IF(ISNUMBER(S47),IF(S50>S47,1.0,IF(S50=S47,0.5,0.0)),""),"") | X50: =IF(ISNUMBER(S50),IF(ISNUMBER(S48),IF(S50>S48,1.0,IF(S50=S48,0.5,0.0)),""),"") | Y50: =IF(ISNUMBER(S50),IF(ISNUMBER(S49),IF(S50>S49,1.0,IF(S50=S49,0.5,0.0)),""),"") | Z50: =IF(ISNUMBER(S50),IF(ISNUMBER(S51),IF(S50>S51,1.0,IF(S50=S51,0.5,0.0)),""),"") | AA50: =IF(ISNUMBER(T50),IF(ISNUMBER(T45),IF(T50>T45,1.0,IF(T50=T45,0.5,0.0)),""),"") | AB50: =IF(ISNUMBER(T50),IF(ISNUMBER(T46),IF(T50>T46,1.0,IF(T50=T46,0.5,0.0)),""),"") | AC50: =IF(ISNUMBER(T50),IF(ISNUMBER(T47),IF(T50>T47,1.0,IF(T50=T47,0.5,0.0)),""),"") | AD50: =IF(ISNUMBER(T50),IF(ISNUMBER(T48),IF(T50>T48,1.0,IF(T50=T48,0.5,0.0)),""),"") | AE50: =IF(ISNUMBER(T50),IF(ISNUMBER(T49),IF(T50>T49,1.0,IF(T50=T49,0.5,0.0)),""),"") | AF50: =IF(ISNUMBER(T50),IF(ISNUMBER(T51),IF(T50>T51,1.0,IF(T50=T51,0.5,0.0)),""),"") | AG50: =IF(AND(ISNUMBER(S50),ISNUMBER(S45)),VLOOKUP(ABS(S50-S45),'IMP Table'!$A$2:$C$26,3)*SIGN(S50-S45),0) | AH50: =IF(AND(ISNUMBER(S50),ISNUMBER(S46)),VLOOKUP(ABS(S50-S46),'IMP Table'!$A$2:$C$26,3)*SIGN(S50-S46),0) | AI50: =IF(AND(ISNUMBER(S50),ISNUMBER(S47)),VLOOKUP(ABS(S50-S47),'IMP Table'!$A$2:$C$26,3)*SIGN(S50-S47),0) | AJ50: =IF(AND(ISNUMBER(S50),ISNUMBER(S48)),VLOOKUP(ABS(S50-S48),'IMP Table'!$A$2:$C$26,3)*SIGN(S50-S48),0) | AK50: =IF(AND(ISNUMBER(S50),ISNUMBER(S49)),VLOOKUP(ABS(S50-S49),'IMP Table'!$A$2:$C$26,3)*SIGN(S50-S49),0) | AL50: =IF(AND(ISNUMBER(S50),ISNUMBER(S51)),VLOOKUP(ABS(S50-S51),'IMP Table'!$A$2:$C$26,3)*SIGN(S50-S51),0) | AM50: =IF(AND(ISNUMBER(T50),ISNUMBER(T45)),VLOOKUP(ABS(T50-T45),'IMP Table'!$A$2:$C$26,3)*SIGN(T50-T45),0) | AN50: =IF(AND(ISNUMBER(T50),ISNUMBER(T46)),VLOOKUP(ABS(T50-T46),'IMP Table'!$A$2:$C$26,3)*SIGN(T50-T46),0) | AO50: =IF(AND(ISNUMBER(T50),ISNUMBER(T47)),VLOOKUP(ABS(T50-T47),'IMP Table'!$A$2:$C$26,3)*SIGN(T50-T47),0) | AP50: =IF(AND(ISNUMBER(T50),ISNUMBER(T48)),VLOOKUP(ABS(T50-T48),'IMP Table'!$A$2:$C$26,3)*SIGN(T50-T48),0) | AQ50: =IF(AND(ISNUMBER(T50),ISNUMBER(T49)),VLOOKUP(ABS(T50-T49),'IMP Table'!$A$2:$C$26,3)*SIGN(T50-T49),0) | AR50: =IF(AND(ISNUMBER(T50),ISNUMBER(T51)),VLOOKUP(ABS(T50-T51),'IMP Table'!$A$2:$C$26,3)*SIGN(T50-T51),0)
B51: ='By Round'!A45 | C51: ='By Round'!B45 | D51: ='By Round'!C45 | E51: ='By Round'!D45 | F51: =IF(ISBLANK('By Round'!F45),"",'By Round'!F45) | G51: =IF(ISBLANK('By Round'!G45),"",'By Round'!G45) | H51: =IF(ISBLANK('By Round'!H45),"",'By Round'!H45) | I51: =IF(ISBLANK('By Round'!I45),"",'By Round'!I45) | J51: =IF(ISBLANK('By Round'!J45),"",'By Round'!J45) | K51: =IF(ISBLANK('By Round'!K45),"",'By Round'!K45) | L51: =IF(ISBLANK('By Round'!L45),"",'By Round'!L45) | M51: =AVERAGE(AG51:AL51) | N51: =AVERAGE(AM51:AR51) | O51: =IF(COUNT(U51:Z51)>0,Q51/COUNT(U51:Z51),0.5) | P51: =IF(COUNT(AA51:AF51)>0,R51/COUNT(AA51:AF51),0.5) | Q51: =SUM(U51:Z51) | R51: =SUM(AA51:AF51) | S51: =IF(ISNUMBER(K51),K51,IF(ISNUMBER(L51),-L51,"")) | T51: =IF(ISNUMBER(L51),L51,IF(ISNUMBER(K51),-K51,"")) | U51: =IF(ISNUMBER(S51),IF(ISNUMBER(S45),IF(S51>S45,1.0,IF(S51=S45,0.5,0.0)),""),"") | V51: =IF(ISNUMBER(S51),IF(ISNUMBER(S46),IF(S51>S46,1.0,IF(S51=S46,0.5,0.0)),""),"") | W51: =IF(ISNUMBER(S51),IF(ISNUMBER(S47),IF(S51>S47,1.0,IF(S51=S47,0.5,0.0)),""),"") | X51: =IF(ISNUMBER(S51),IF(ISNUMBER(S48),IF(S51>S48,1.0,IF(S51=S48,0.5,0.0)),""),"") | Y51: =IF(ISNUMBER(S51),IF(ISNUMBER(S49),IF(S51>S49,1.0,IF(S51=S49,0.5,0.0)),""),"") | Z51: =IF(ISNUMBER(S51),IF(ISNUMBER(S50),IF(S51>S50,1.0,IF(S51=S50,0.5,0.0)),""),"") | AA51: =IF(ISNUMBER(T51),IF(ISNUMBER(T45),IF(T51>T45,1.0,IF(T51=T45,0.5,0.0)),""),"") | AB51: =IF(ISNUMBER(T51),IF(ISNUMBER(T46),IF(T51>T46,1.0,IF(T51=T46,0.5,0.0)),""),"") | AC51: =IF(ISNUMBER(T51),IF(ISNUMBER(T47),IF(T51>T47,1.0,IF(T51=T47,0.5,0.0)),""),"") | AD51: =IF(ISNUMBER(T51),IF(ISNUMBER(T48),IF(T51>T48,1.0,IF(T51=T48,0.5,0.0)),""),"") | AE51: =IF(ISNUMBER(T51),IF(ISNUMBER(T49),IF(T51>T49,1.0,IF(T51=T49,0.5,0.0)),""),"") | AF51: =IF(ISNUMBER(T51),IF(ISNUMBER(T50),IF(T51>T50,1.0,IF(T51=T50,0.5,0.0)),""),"") | AG51: =IF(AND(ISNUMBER(S51),ISNUMBER(S45)),VLOOKUP(ABS(S51-S45),'IMP Table'!$A$2:$C$26,3)*SIGN(S51-S45),0) | AH51: =IF(AND(ISNUMBER(S51),ISNUMBER(S46)),VLOOKUP(ABS(S51-S46),'IMP Table'!$A$2:$C$26,3)*SIGN(S51-S46),0) | AI51: =IF(AND(ISNUMBER(S51),ISNUMBER(S47)),VLOOKUP(ABS(S51-S47),'IMP Table'!$A$2:$C$26,3)*SIGN(S51-S47),0) | AJ51: =IF(AND(ISNUMBER(S51),ISNUMBER(S48)),VLOOKUP(ABS(S51-S48),'IMP Table'!$A$2:$C$26,3)*SIGN(S51-S48),0) | AK51: =IF(AND(ISNUMBER(S51),ISNUMBER(S49)),VLOOKUP(ABS(S51-S49),'IMP Table'!$A$2:$C$26,3)*SIGN(S51-S49),0) | AL51: =IF(AND(ISNUMBER(S51),ISNUMBER(S50)),VLOOKUP(ABS(S51-S50),'IMP Table'!$A$2:$C$26,3)*SIGN(S51-S50),0) | AM51: =IF(AND(ISNUMBER(T51),ISNUMBER(T45)),VLOOKUP(ABS(T51-T45),'IMP Table'!$A$2:$C$26,3)*SIGN(T51-T45),0) | AN51: =IF(AND(ISNUMBER(T51),ISNUMBER(T46)),VLOOKUP(ABS(T51-T46),'IMP Table'!$A$2:$C$26,3)*SIGN(T51-T46),0) | AO51: =IF(AND(ISNUMBER(T51),ISNUMBER(T47)),VLOOKUP(ABS(T51-T47),'IMP Table'!$A$2:$C$26,3)*SIGN(T51-T47),0) | AP51: =IF(AND(ISNUMBER(T51),ISNUMBER(T48)),VLOOKUP(ABS(T51-T48),'IMP Table'!$A$2:$C$26,3)*SIGN(T51-T48),0) | AQ51: =IF(AND(ISNUMBER(T51),ISNUMBER(T49)),VLOOKUP(ABS(T51-T49),'IMP Table'!$A$2:$C$26,3)*SIGN(T51-T49),0) | AR51: =IF(AND(ISNUMBER(T51),ISNUMBER(T50)),VLOOKUP(ABS(T51-T50),'IMP Table'!$A$2:$C$26,3)*SIGN(T51-T50),0)
A52: 8 | B52: ='By Round'!A87 | C52: ='By Round'!B97 | D52: ='By Round'!C97 | E52: ='By Round'!D97 | F52: =IF(ISBLANK('By Round'!F98),"",'By Round'!F98) | G52: =IF(ISBLANK('By Round'!G98),"",'By Round'!G98) | H52: =IF(ISBLANK('By Round'!H98),"",'By Round'!H98) | I52: =IF(ISBLANK('By Round'!I98),"",'By Round'!I98) | J52: =IF(ISBLANK('By Round'!J98),"",'By Round'!J98) | K52: =IF(ISBLANK('By Round'!K98),"",'By Round'!K98) | L52: =IF(ISBLANK('By Round'!L98),"",'By Round'!L98) | M52: =AVERAGE(AG52:AL52) | N52: =AVERAGE(AM52:AR52) | O52: =IF(COUNT(U52:Z52)>0,Q52/COUNT(U52:Z52),0.5) | P52: =IF(COUNT(AA52:AF52)>0,R52/COUNT(AA52:AF52),0.5) | Q52: =SUM(U52:Z52) | R52: =SUM(AA52:AF52) | S52: =IF(ISNUMBER(K52),K52,IF(ISNUMBER(L52),-L52,"")) | T52: =IF(ISNUMBER(L52),L52,IF(ISNUMBER(K52),-K52,"")) | U52: =IF(ISNUMBER(S52),IF(ISNUMBER(S53),IF(S52>S53,1.0,IF(S52=S53,0.5,0.0)),""),"") | V52: =IF(ISNUMBER(S52),IF(ISNUMBER(S54),IF(S52>S54,1.0,IF(S52=S54,0.5,0.0)),""),"") | W52: =IF(ISNUMBER(S52),IF(ISNUMBER(S55),IF(S52>S55,1.0,IF(S52=S55,0.5,0.0)),""),"") | X52: =IF(ISNUMBER(S52),IF(ISNUMBER(S56),IF(S52>S56,1.0,IF(S52=S56,0.5,0.0)),""),"") | Y52: =IF(ISNUMBER(S52),IF(ISNUMBER(S57),IF(S52>S57,1.0,IF(S52=S57,0.5,0.0)),""),"") | Z52: =IF(ISNUMBER(S52),IF(ISNUMBER(S58),IF(S52>S58,1.0,IF(S52=S58,0.5,0.0)),""),"") | AA52: =IF(ISNUMBER(T52),IF(ISNUMBER(T53),IF(T52>T53,1.0,IF(T52=T53,0.5,0.0)),""),"") | AB52: =IF(ISNUMBER(T52),IF(ISNUMBER(T54),IF(T52>T54,1.0,IF(T52=T54,0.5,0.0)),""),"") | AC52: =IF(ISNUMBER(T52),IF(ISNUMBER(T55),IF(T52>T55,1.0,IF(T52=T55,0.5,0.0)),""),"") | AD52: =IF(ISNUMBER(T52),IF(ISNUMBER(T56),IF(T52>T56,1.0,IF(T52=T56,0.5,0.0)),""),"") | AE52: =IF(ISNUMBER(T52),IF(ISNUMBER(T57),IF(T52>T57,1.0,IF(T52=T57,0.5,0.0)),""),"") | AF52: =IF(ISNUMBER(T52),IF(ISNUMBER(T58),IF(T52>T58,1.0,IF(T52=T58,0.5,0.0)),""),"") | AG52: =IF(AND(ISNUMBER(S52),ISNUMBER(S53)),VLOOKUP(ABS(S52-S53),'IMP Table'!$A$2:$C$26,3)*SIGN(S52-S53),0) | AH52: =IF(AND(ISNUMBER(S52),ISNUMBER(S54)),VLOOKUP(ABS(S52-S54),'IMP Table'!$A$2:$C$26,3)*SIGN(S52-S54),0) | AI52: =IF(AND(ISNUMBER(S52),ISNUMBER(S55)),VLOOKUP(ABS(S52-S55),'IMP Table'!$A$2:$C$26,3)*SIGN(S52-S55),0) | AJ52: =IF(AND(ISNUMBER(S52),ISNUMBER(S56)),VLOOKUP(ABS(S52-S56),'IMP Table'!$A$2:$C$26,3)*SIGN(S52-S56),0) | AK52: =IF(AND(ISNUMBER(S52),ISNUMBER(S57)),VLOOKUP(ABS(S52-S57),'IMP Table'!$A$2:$C$26,3)*SIGN(S52-S57),0) | AL52: =IF(AND(ISNUMBER(S52),ISNUMBER(S58)),VLOOKUP(ABS(S52-S58),'IMP Table'!$A$2:$C$26,3)*SIGN(S52-S58),0) | AM52: =IF(AND(ISNUMBER(T52),ISNUMBER(T53)),VLOOKUP(ABS(T52-T53),'IMP Table'!$A$2:$C$26,3)*SIGN(T52-T53),0) | AN52: =IF(AND(ISNUMBER(T52),ISNUMBER(T54)),VLOOKUP(ABS(T52-T54),'IMP Table'!$A$2:$C$26,3)*SIGN(T52-T54),0) | AO52: =IF(AND(ISNUMBER(T52),ISNUMBER(T55)),VLOOKUP(ABS(T52-T55),'IMP Table'!$A$2:$C$26,3)*SIGN(T52-T55),0) | AP52: =IF(AND(ISNUMBER(T52),ISNUMBER(T56)),VLOOKUP(ABS(T52-T56),'IMP Table'!$A$2:$C$26,3)*SIGN(T52-T56),0) | AQ52: =IF(AND(ISNUMBER(T52),ISNUMBER(T57)),VLOOKUP(ABS(T52-T57),'IMP Table'!$A$2:$C$26,3)*SIGN(T52-T57),0) | AR52: =IF(AND(ISNUMBER(T52),ISNUMBER(T58)),VLOOKUP(ABS(T52-T58),'IMP Table'!$A$2:$C$26,3)*SIGN(T52-T58),0)
B53: ='By Round'!A3 | C53: ='By Round'!B7 | D53: ='By Round'!C7 | E53: ='By Round'!D7 | F53: =IF(ISBLANK('By Round'!F8),"",'By Round'!F8) | G53: =IF(ISBLANK('By Round'!G8),"",'By Round'!G8) | H53: =IF(ISBLANK('By Round'!H8),"",'By Round'!H8) | I53: =IF(ISBLANK('By Round'!I8),"",'By Round'!I8) | J53: =IF(ISBLANK('By Round'!J8),"",'By Round'!J8) | K53: =IF(ISBLANK('By Round'!K8),"",'By Round'!K8) | L53: =IF(ISBLANK('By Round'!L8),"",'By Round'!L8) | M53: =AVERAGE(AG53:AL53) | N53: =AVERAGE(AM53:AR53) | O53: =IF(COUNT(U53:Z53)>0,Q53/COUNT(U53:Z53),0.5) | P53: =IF(COUNT(AA53:AF53)>0,R53/COUNT(AA53:AF53),0.5) | Q53: =SUM(U53:Z53) | R53: =SUM(AA53:AF53) | S53: =IF(ISNUMBER(K53),K53,IF(ISNUMBER(L53),-L53,"")) | T53: =IF(ISNUMBER(L53),L53,IF(ISNUMBER(K53),-K53,"")) | U53: =IF(ISNUMBER(S53),IF(ISNUMBER(S52),IF(S53>S52,1.0,IF(S53=S52,0.5,0.0)),""),"") | V53: =IF(ISNUMBER(S53),IF(ISNUMBER(S54),IF(S53>S54,1.0,IF(S53=S54,0.5,0.0)),""),"") | W53: =IF(ISNUMBER(S53),IF(ISNUMBER(S55),IF(S53>S55,1.0,IF(S53=S55,0.5,0.0)),""),"") | X53: =IF(ISNUMBER(S53),IF(ISNUMBER(S56),IF(S53>S56,1.0,IF(S53=S56,0.5,0.0)),""),"") | Y53: =IF(ISNUMBER(S53),IF(ISNUMBER(S57),IF(S53>S57,1.0,IF(S53=S57,0.5,0.0)),""),"") | Z53: =IF(ISNUMBER(S53),IF(ISNUMBER(S58),IF(S53>S58,1.0,IF(S53=S58,0.5,0.0)),""),"") | AA53: =IF(ISNUMBER(T53),IF(ISNUMBER(T52),IF(T53>T52,1.0,IF(T53=T52,0.5,0.0)),""),"") | AB53: =IF(ISNUMBER(T53),IF(ISNUMBER(T54),IF(T53>T54,1.0,IF(T53=T54,0.5,0.0)),""),"") | AC53: =IF(ISNUMBER(T53),IF(ISNUMBER(T55),IF(T53>T55,1.0,IF(T53=T55,0.5,0.0)),""),"") | AD53: =IF(ISNUMBER(T53),IF(ISNUMBER(T56),IF(T53>T56,1.0,IF(T53=T56,0.5,0.0)),""),"") | AE53: =IF(ISNUMBER(T53),IF(ISNUMBER(T57),IF(T53>T57,1.0,IF(T53=T57,0.5,0.0)),""),"") | AF53: =IF(ISNUMBER(T53),IF(ISNUMBER(T58),IF(T53>T58,1.0,IF(T53=T58,0.5,0.0)),""),"") | AG53: =IF(AND(ISNUMBER(S53),ISNUMBER(S52)),VLOOKUP(ABS(S53-S52),'IMP Table'!$A$2:$C$26,3)*SIGN(S53-S52),0) | AH53: =IF(AND(ISNUMBER(S53),ISNUMBER(S54)),VLOOKUP(ABS(S53-S54),'IMP Table'!$A$2:$C$26,3)*SIGN(S53-S54),0) | AI53: =IF(AND(ISNUMBER(S53),ISNUMBER(S55)),VLOOKUP(ABS(S53-S55),'IMP Table'!$A$2:$C$26,3)*SIGN(S53-S55),0) | AJ53: =IF(AND(ISNUMBER(S53),ISNUMBER(S56)),VLOOKUP(ABS(S53-S56),'IMP Table'!$A$2:$C$26,3)*SIGN(S53-S56),0) | AK53: =IF(AND(ISNUMBER(S53),ISNUMBER(S57)),VLOOKUP(ABS(S53-S57),'IMP Table'!$A$2:$C$26,3)*SIGN(S53-S57),0) | AL53: =IF(AND(ISNUMBER(S53),ISNUMBER(S58)),VLOOKUP(ABS(S53-S58),'IMP Table'!$A$2:$C$26,3)*SIGN(S53-S58),0) | AM53: =IF(AND(ISNUMBER(T53),ISNUMBER(T52)),VLOOKUP(ABS(T53-T52),'IMP Table'!$A$2:$C$26,3)*SIGN(T53-T52),0) | AN53: =IF(AND(ISNUMBER(T53),ISNUMBER(T54)),VLOOKUP(ABS(T53-T54),'IMP Table'!$A$2:$C$26,3)*SIGN(T53-T54),0) | AO53: =IF(AND(ISNUMBER(T53),ISNUMBER(T55)),VLOOKUP(ABS(T53-T55),'IMP Table'!$A$2:$C$26,3)*SIGN(T53-T55),0) | AP53: =IF(AND(ISNUMBER(T53),ISNUMBER(T56)),VLOOKUP(ABS(T53-T56),'IMP Table'!$A$2:$C$26,3)*SIGN(T53-T56),0) | AQ53: =IF(AND(ISNUMBER(T53),ISNUMBER(T57)),VLOOKUP(ABS(T53-T57),'IMP Table'!$A$2:$C$26,3)*SIGN(T53-T57),0) | AR53: =IF(AND(ISNUMBER(T53),ISNUMBER(T58)),VLOOKUP(ABS(T53-T58),'IMP Table'!$A$2:$C$26,3)*SIGN(T53-T58),0)
B54: ='By Round'!A17 | C54: ='By Round'!B19 | D54: ='By Round'!C19 | E54: ='By Round'!D19 | F54: =IF(ISBLANK('By Round'!F20),"",'By Round'!F20) | G54: =IF(ISBLANK('By Round'!G20),"",'By Round'!G20) | H54: =IF(ISBLANK('By Round'!H20),"",'By Round'!H20) | I54: =IF(ISBLANK('By Round'!I20),"",'By Round'!I20) | J54: =IF(ISBLANK('By Round'!J20),"",'By Round'!J20) | K54: =IF(ISBLANK('By Round'!K20),"",'By Round'!K20) | L54: =IF(ISBLANK('By Round'!L20),"",'By Round'!L20) | M54: =AVERAGE(AG54:AL54) | N54: =AVERAGE(AM54:AR54) | O54: =IF(COUNT(U54:Z54)>0,Q54/COUNT(U54:Z54),0.5) | P54: =IF(COUNT(AA54:AF54)>0,R54/COUNT(AA54:AF54),0.5) | Q54: =SUM(U54:Z54) | R54: =SUM(AA54:AF54) | S54: =IF(ISNUMBER(K54),K54,IF(ISNUMBER(L54),-L54,"")) | T54: =IF(ISNUMBER(L54),L54,IF(ISNUMBER(K54),-K54,"")) | U54: =IF(ISNUMBER(S54),IF(ISNUMBER(S52),IF(S54>S52,1.0,IF(S54=S52,0.5,0.0)),""),"") | V54: =IF(ISNUMBER(S54),IF(ISNUMBER(S53),IF(S54>S53,1.0,IF(S54=S53,0.5,0.0)),""),"") | W54: =IF(ISNUMBER(S54),IF(ISNUMBER(S55),IF(S54>S55,1.0,IF(S54=S55,0.5,0.0)),""),"") | X54: =IF(ISNUMBER(S54),IF(ISNUMBER(S56),IF(S54>S56,1.0,IF(S54=S56,0.5,0.0)),""),"") | Y54: =IF(ISNUMBER(S54),IF(ISNUMBER(S57),IF(S54>S57,1.0,IF(S54=S57,0.5,0.0)),""),"") | Z54: =IF(ISNUMBER(S54),IF(ISNUMBER(S58),IF(S54>S58,1.0,IF(S54=S58,0.5,0.0)),""),"") | AA54: =IF(ISNUMBER(T54),IF(ISNUMBER(T52),IF(T54>T52,1.0,IF(T54=T52,0.5,0.0)),""),"") | AB54: =IF(ISNUMBER(T54),IF(ISNUMBER(T53),IF(T54>T53,1.0,IF(T54=T53,0.5,0.0)),""),"") | AC54: =IF(ISNUMBER(T54),IF(ISNUMBER(T55),IF(T54>T55,1.0,IF(T54=T55,0.5,0.0)),""),"") | AD54: =IF(ISNUMBER(T54),IF(ISNUMBER(T56),IF(T54>T56,1.0,IF(T54=T56,0.5,0.0)),""),"") | AE54: =IF(ISNUMBER(T54),IF(ISNUMBER(T57),IF(T54>T57,1.0,IF(T54=T57,0.5,0.0)),""),"") | AF54: =IF(ISNUMBER(T54),IF(ISNUMBER(T58),IF(T54>T58,1.0,IF(T54=T58,0.5,0.0)),""),"") | AG54: =IF(AND(ISNUMBER(S54),ISNUMBER(S52)),VLOOKUP(ABS(S54-S52),'IMP Table'!$A$2:$C$26,3)*SIGN(S54-S52),0) | AH54: =IF(AND(ISNUMBER(S54),ISNUMBER(S53)),VLOOKUP(ABS(S54-S53),'IMP Table'!$A$2:$C$26,3)*SIGN(S54-S53),0) | AI54: =IF(AND(ISNUMBER(S54),ISNUMBER(S55)),VLOOKUP(ABS(S54-S55),'IMP Table'!$A$2:$C$26,3)*SIGN(S54-S55),0) | AJ54: =IF(AND(ISNUMBER(S54),ISNUMBER(S56)),VLOOKUP(ABS(S54-S56),'IMP Table'!$A$2:$C$26,3)*SIGN(S54-S56),0) | AK54: =IF(AND(ISNUMBER(S54),ISNUMBER(S57)),VLOOKUP(ABS(S54-S57),'IMP Table'!$A$2:$C$26,3)*SIGN(S54-S57),0) | AL54: =IF(AND(ISNUMBER(S54),ISNUMBER(S58)),VLOOKUP(ABS(S54-S58),'IMP Table'!$A$2:$C$26,3)*SIGN(S54-S58),0) | AM54: =IF(AND(ISNUMBER(T54),ISNUMBER(T52)),VLOOKUP(ABS(T54-T52),'IMP Table'!$A$2:$C$26,3)*SIGN(T54-T52),0) | AN54: =IF(AND(ISNUMBER(T54),ISNUMBER(T53)),VLOOKUP(ABS(T54-T53),'IMP Table'!$A$2:$C$26,3)*SIGN(T54-T53),0) | AO54: =IF(AND(ISNUMBER(T54),ISNUMBER(T55)),VLOOKUP(ABS(T54-T55),'IMP Table'!$A$2:$C$26,3)*SIGN(T54-T55),0) | AP54: =IF(AND(ISNUMBER(T54),ISNUMBER(T56)),VLOOKUP(ABS(T54-T56),'IMP Table'!$A$2:$C$26,3)*SIGN(T54-T56),0) | AQ54: =IF(AND(ISNUMBER(T54),ISNUMBER(T57)),VLOOKUP(ABS(T54-T57),'IMP Table'!$A$2:$C$26,3)*SIGN(T54-T57),0) | AR54: =IF(AND(ISNUMBER(T54),ISNUMBER(T58)),VLOOKUP(ABS(T54-T58),'IMP Table'!$A$2:$C$26,3)*SIGN(T54-T58),0)
B55: ='By Round'!A171 | C55: ='By Round'!B177 | D55: ='By Round'!C177 | E55: ='By Round'!D177 | F55: =IF(ISBLANK('By Round'!F178),"",'By Round'!F178) | G55: =IF(ISBLANK('By Round'!G178),"",'By Round'!G178) | H55: =IF(ISBLANK('By Round'!H178),"",'By Round'!H178) | I55: =IF(ISBLANK('By Round'!I178),"",'By Round'!I178) | J55: =IF(ISBLANK('By Round'!J178),"",'By Round'!J178) | K55: =IF(ISBLANK('By Round'!K178),"",'By Round'!K178) | L55: =IF(ISBLANK('By Round'!L178),"",'By Round'!L178) | M55: =AVERAGE(AG55:AL55) | N55: =AVERAGE(AM55:AR55) | O55: =IF(COUNT(U55:Z55)>0,Q55/COUNT(U55:Z55),0.5) | P55: =IF(COUNT(AA55:AF55)>0,R55/COUNT(AA55:AF55),0.5) | Q55: =SUM(U55:Z55) | R55: =SUM(AA55:AF55) | S55: =IF(ISNUMBER(K55),K55,IF(ISNUMBER(L55),-L55,"")) | T55: =IF(ISNUMBER(L55),L55,IF(ISNUMBER(K55),-K55,"")) | U55: =IF(ISNUMBER(S55),IF(ISNUMBER(S52),IF(S55>S52,1.0,IF(S55=S52,0.5,0.0)),""),"") | V55: =IF(ISNUMBER(S55),IF(ISNUMBER(S53),IF(S55>S53,1.0,IF(S55=S53,0.5,0.0)),""),"") | W55: =IF(ISNUMBER(S55),IF(ISNUMBER(S54),IF(S55>S54,1.0,IF(S55=S54,0.5,0.0)),""),"") | X55: =IF(ISNUMBER(S55),IF(ISNUMBER(S56),IF(S55>S56,1.0,IF(S55=S56,0.5,0.0)),""),"") | Y55: =IF(ISNUMBER(S55),IF(ISNUMBER(S57),IF(S55>S57,1.0,IF(S55=S57,0.5,0.0)),""),"") | Z55: =IF(ISNUMBER(S55),IF(ISNUMBER(S58),IF(S55>S58,1.0,IF(S55=S58,0.5,0.0)),""),"") | AA55: =IF(ISNUMBER(T55),IF(ISNUMBER(T52),IF(T55>T52,1.0,IF(T55=T52,0.5,0.0)),""),"") | AB55: =IF(ISNUMBER(T55),IF(ISNUMBER(T53),IF(T55>T53,1.0,IF(T55=T53,0.5,0.0)),""),"") | AC55: =IF(ISNUMBER(T55),IF(ISNUMBER(T54),IF(T55>T54,1.0,IF(T55=T54,0.5,0.0)),""),"") | AD55: =IF(ISNUMBER(T55),IF(ISNUMBER(T56),IF(T55>T56,1.0,IF(T55=T56,0.5,0.0)),""),"") | AE55: =IF(ISNUMBER(T55),IF(ISNUMBER(T57),IF(T55>T57,1.0,IF(T55=T57,0.5,0.0)),""),"") | AF55: =IF(ISNUMBER(T55),IF(ISNUMBER(T58),IF(T55>T58,1.0,IF(T55=T58,0.5,0.0)),""),"") | AG55: =IF(AND(ISNUMBER(S55),ISNUMBER(S52)),VLOOKUP(ABS(S55-S52),'IMP Table'!$A$2:$C$26,3)*SIGN(S55-S52),0) | AH55: =IF(AND(ISNUMBER(S55),ISNUMBER(S53)),VLOOKUP(ABS(S55-S53),'IMP Table'!$A$2:$C$26,3)*SIGN(S55-S53),0) | AI55: =IF(AND(ISNUMBER(S55),ISNUMBER(S54)),VLOOKUP(ABS(S55-S54),'IMP Table'!$A$2:$C$26,3)*SIGN(S55-S54),0) | AJ55: =IF(AND(ISNUMBER(S55),ISNUMBER(S56)),VLOOKUP(ABS(S55-S56),'IMP Table'!$A$2:$C$26,3)*SIGN(S55-S56),0) | AK55: =IF(AND(ISNUMBER(S55),ISNUMBER(S57)),VLOOKUP(ABS(S55-S57),'IMP Table'!$A$2:$C$26,3)*SIGN(S55-S57),0) | AL55: =IF(AND(ISNUMBER(S55),ISNUMBER(S58)),VLOOKUP(ABS(S55-S58),'IMP Table'!$A$2:$C$26,3)*SIGN(S55-S58),0) | AM55: =IF(AND(ISNUMBER(T55),ISNUMBER(T52)),VLOOKUP(ABS(T55-T52),'IMP Table'!$A$2:$C$26,3)*SIGN(T55-T52),0) | AN55: =IF(AND(ISNUMBER(T55),ISNUMBER(T53)),VLOOKUP(ABS(T55-T53),'IMP Table'!$A$2:$C$26,3)*SIGN(T55-T53),0) | AO55: =IF(AND(ISNUMBER(T55),ISNUMBER(T54)),VLOOKUP(ABS(T55-T54),'IMP Table'!$A$2:$C$26,3)*SIGN(T55-T54),0) | AP55: =IF(AND(ISNUMBER(T55),ISNUMBER(T56)),VLOOKUP(ABS(T55-T56),'IMP Table'!$A$2:$C$26,3)*SIGN(T55-T56),0) | AQ55: =IF(AND(ISNUMBER(T55),ISNUMBER(T57)),VLOOKUP(ABS(T55-T57),'IMP Table'!$A$2:$C$26,3)*SIGN(T55-T57),0) | AR55: =IF(AND(ISNUMBER(T55),ISNUMBER(T58)),VLOOKUP(ABS(T55-T58),'IMP Table'!$A$2:$C$26,3)*SIGN(T55-T58),0)
B56: ='By Round'!A73 | C56: ='By Round'!B85 | D56: ='By Round'!C85 | E56: ='By Round'!D85 | F56: =IF(ISBLANK('By Round'!F86),"",'By Round'!F86) | G56: =IF(ISBLANK('By Round'!G86),"",'By Round'!G86) | H56: =IF(ISBLANK('By Round'!H86),"",'By Round'!H86) | I56: =IF(ISBLANK('By Round'!I86),"",'By Round'!I86) | J56: =IF(ISBLANK('By Round'!J86),"",'By Round'!J86) | K56: =IF(ISBLANK('By Round'!K86),"",'By Round'!K86) | L56: =IF(ISBLANK('By Round'!L86),"",'By Round'!L86) | M56: =AVERAGE(AG56:AL56) | N56: =AVERAGE(AM56:AR56) | O56: =IF(COUNT(U56:Z56)>0,Q56/COUNT(U56:Z56),0.5) | P56: =IF(COUNT(AA56:AF56)>0,R56/COUNT(AA56:AF56),0.5) | Q56: =SUM(U56:Z56) | R56: =SUM(AA56:AF56) | S56: =IF(ISNUMBER(K56),K56,IF(ISNUMBER(L56),-L56,"")) | T56: =IF(ISNUMBER(L56),L56,IF(ISNUMBER(K56),-K56,"")) | U56: =IF(ISNUMBER(S56),IF(ISNUMBER(S52),IF(S56>S52,1.0,IF(S56=S52,0.5,0.0)),""),"") | V56: =IF(ISNUMBER(S56),IF(ISNUMBER(S53),IF(S56>S53,1.0,IF(S56=S53,0.5,0.0)),""),"") | W56: =IF(ISNUMBER(S56),IF(ISNUMBER(S54),IF(S56>S54,1.0,IF(S56=S54,0.5,0.0)),""),"") | X56: =IF(ISNUMBER(S56),IF(ISNUMBER(S55),IF(S56>S55,1.0,IF(S56=S55,0.5,0.0)),""),"") | Y56: =IF(ISNUMBER(S56),IF(ISNUMBER(S57),IF(S56>S57,1.0,IF(S56=S57,0.5,0.0)),""),"") | Z56: =IF(ISNUMBER(S56),IF(ISNUMBER(S58),IF(S56>S58,1.0,IF(S56=S58,0.5,0.0)),""),"") | AA56: =IF(ISNUMBER(T56),IF(ISNUMBER(T52),IF(T56>T52,1.0,IF(T56=T52,0.5,0.0)),""),"") | AB56: =IF(ISNUMBER(T56),IF(ISNUMBER(T53),IF(T56>T53,1.0,IF(T56=T53,0.5,0.0)),""),"") | AC56: =IF(ISNUMBER(T56),IF(ISNUMBER(T54),IF(T56>T54,1.0,IF(T56=T54,0.5,0.0)),""),"") | AD56: =IF(ISNUMBER(T56),IF(ISNUMBER(T55),IF(T56>T55,1.0,IF(T56=T55,0.5,0.0)),""),"") | AE56: =IF(ISNUMBER(T56),IF(ISNUMBER(T57),IF(T56>T57,1.0,IF(T56=T57,0.5,0.0)),""),"") | AF56: =IF(ISNUMBER(T56),IF(ISNUMBER(T58),IF(T56>T58,1.0,IF(T56=T58,0.5,0.0)),""),"") | AG56: =IF(AND(ISNUMBER(S56),ISNUMBER(S52)),VLOOKUP(ABS(S56-S52),'IMP Table'!$A$2:$C$26,3)*SIGN(S56-S52),0) | AH56: =IF(AND(ISNUMBER(S56),ISNUMBER(S53)),VLOOKUP(ABS(S56-S53),'IMP Table'!$A$2:$C$26,3)*SIGN(S56-S53),0) | AI56: =IF(AND(ISNUMBER(S56),ISNUMBER(S54)),VLOOKUP(ABS(S56-S54),'IMP Table'!$A$2:$C$26,3)*SIGN(S56-S54),0) | AJ56: =IF(AND(ISNUMBER(S56),ISNUMBER(S55)),VLOOKUP(ABS(S56-S55),'IMP Table'!$A$2:$C$26,3)*SIGN(S56-S55),0) | AK56: =IF(AND(ISNUMBER(S56),ISNUMBER(S57)),VLOOKUP(ABS(S56-S57),'IMP Table'!$A$2:$C$26,3)*SIGN(S56-S57),0) | AL56: =IF(AND(ISNUMBER(S56),ISNUMBER(S58)),VLOOKUP(ABS(S56-S58),'IMP Table'!$A$2:$C$26,3)*SIGN(S56-S58),0) | AM56: =IF(AND(ISNUMBER(T56),ISNUMBER(T52)),VLOOKUP(ABS(T56-T52),'IMP Table'!$A$2:$C$26,3)*SIGN(T56-T52),0) | AN56: =IF(AND(ISNUMBER(T56),ISNUMBER(T53)),VLOOKUP(ABS(T56-T53),'IMP Table'!$A$2:$C$26,3)*SIGN(T56-T53),0) | AO56: =IF(AND(ISNUMBER(T56),ISNUMBER(T54)),VLOOKUP(ABS(T56-T54),'IMP Table'!$A$2:$C$26,3)*SIGN(T56-T54),0) | AP56: =IF(AND(ISNUMBER(T56),ISNUMBER(T55)),VLOOKUP(ABS(T56-T55),'IMP Table'!$A$2:$C$26,3)*SIGN(T56-T55),0) | AQ56: =IF(AND(ISNUMBER(T56),ISNUMBER(T57)),VLOOKUP(ABS(T56-T57),'IMP Table'!$A$2:$C$26,3)*SIGN(T56-T57),0) | AR56: =IF(AND(ISNUMBER(T56),ISNUMBER(T58)),VLOOKUP(ABS(T56-T58),'IMP Table'!$A$2:$C$26,3)*SIGN(T56-T58),0)
B57: ='By Round'!A101 | C57: ='By Round'!B109 | D57: ='By Round'!C109 | E57: ='By Round'!D109 | F57: =IF(ISBLANK('By Round'!F110),"",'By Round'!F110) | G57: =IF(ISBLANK('By Round'!G110),"",'By Round'!G110) | H57: =IF(ISBLANK('By Round'!H110),"",'By Round'!H110) | I57: =IF(ISBLANK('By Round'!I110),"",'By Round'!I110) | J57: =IF(ISBLANK('By Round'!J110),"",'By Round'!J110) | K57: =IF(ISBLANK('By Round'!K110),"",'By Round'!K110) | L57: =IF(ISBLANK('By Round'!L110),"",'By Round'!L110) | M57: =AVERAGE(AG57:AL57) | N57: =AVERAGE(AM57:AR57) | O57: =IF(COUNT(U57:Z57)>0,Q57/COUNT(U57:Z57),0.5) | P57: =IF(COUNT(AA57:AF57)>0,R57/COUNT(AA57:AF57),0.5) | Q57: =SUM(U57:Z57) | R57: =SUM(AA57:AF57) | S57: =IF(ISNUMBER(K57),K57,IF(ISNUMBER(L57),-L57,"")) | T57: =IF(ISNUMBER(L57),L57,IF(ISNUMBER(K57),-K57,"")) | U57: =IF(ISNUMBER(S57),IF(ISNUMBER(S52),IF(S57>S52,1.0,IF(S57=S52,0.5,0.0)),""),"") | V57: =IF(ISNUMBER(S57),IF(ISNUMBER(S53),IF(S57>S53,1.0,IF(S57=S53,0.5,0.0)),""),"") | W57: =IF(ISNUMBER(S57),IF(ISNUMBER(S54),IF(S57>S54,1.0,IF(S57=S54,0.5,0.0)),""),"") | X57: =IF(ISNUMBER(S57),IF(ISNUMBER(S55),IF(S57>S55,1.0,IF(S57=S55,0.5,0.0)),""),"") | Y57: =IF(ISNUMBER(S57),IF(ISNUMBER(S56),IF(S57>S56,1.0,IF(S57=S56,0.5,0.0)),""),"") | Z57: =IF(ISNUMBER(S57),IF(ISNUMBER(S58),IF(S57>S58,1.0,IF(S57=S58,0.5,0.0)),""),"") | AA57: =IF(ISNUMBER(T57),IF(ISNUMBER(T52),IF(T57>T52,1.0,IF(T57=T52,0.5,0.0)),""),"") | AB57: =IF(ISNUMBER(T57),IF(ISNUMBER(T53),IF(T57>T53,1.0,IF(T57=T53,0.5,0.0)),""),"") | AC57: =IF(ISNUMBER(T57),IF(ISNUMBER(T54),IF(T57>T54,1.0,IF(T57=T54,0.5,0.0)),""),"") | AD57: =IF(ISNUMBER(T57),IF(ISNUMBER(T55),IF(T57>T55,1.0,IF(T57=T55,0.5,0.0)),""),"") | AE57: =IF(ISNUMBER(T57),IF(ISNUMBER(T56),IF(T57>T56,1.0,IF(T57=T56,0.5,0.0)),""),"") | AF57: =IF(ISNUMBER(T57),IF(ISNUMBER(T58),IF(T57>T58,1.0,IF(T57=T58,0.5,0.0)),""),"") | AG57: =IF(AND(ISNUMBER(S57),ISNUMBER(S52)),VLOOKUP(ABS(S57-S52),'IMP Table'!$A$2:$C$26,3)*SIGN(S57-S52),0) | AH57: =IF(AND(ISNUMBER(S57),ISNUMBER(S53)),VLOOKUP(ABS(S57-S53),'IMP Table'!$A$2:$C$26,3)*SIGN(S57-S53),0) | AI57: =IF(AND(ISNUMBER(S57),ISNUMBER(S54)),VLOOKUP(ABS(S57-S54),'IMP Table'!$A$2:$C$26,3)*SIGN(S57-S54),0) | AJ57: =IF(AND(ISNUMBER(S57),ISNUMBER(S55)),VLOOKUP(ABS(S57-S55),'IMP Table'!$A$2:$C$26,3)*SIGN(S57-S55),0) | AK57: =IF(AND(ISNUMBER(S57),ISNUMBER(S56)),VLOOKUP(ABS(S57-S56),'IMP Table'!$A$2:$C$26,3)*SIGN(S57-S56),0) | AL57: =IF(AND(ISNUMBER(S57),ISNUMBER(S58)),VLOOKUP(ABS(S57-S58),'IMP Table'!$A$2:$C$26,3)*SIGN(S57-S58),0) | AM57: =IF(AND(ISNUMBER(T57),ISNUMBER(T52)),VLOOKUP(ABS(T57-T52),'IMP Table'!$A$2:$C$26,3)*SIGN(T57-T52),0) | AN57: =IF(AND(ISNUMBER(T57),ISNUMBER(T53)),VLOOKUP(ABS(T57-T53),'IMP Table'!$A$2:$C$26,3)*SIGN(T57-T53),0) | AO57: =IF(AND(ISNUMBER(T57),ISNUMBER(T54)),VLOOKUP(ABS(T57-T54),'IMP Table'!$A$2:$C$26,3)*SIGN(T57-T54),0) | AP57: =IF(AND(ISNUMBER(T57),ISNUMBER(T55)),VLOOKUP(ABS(T57-T55),'IMP Table'!$A$2:$C$26,3)*SIGN(T57-T55),0) | AQ57: =IF(AND(ISNUMBER(T57),ISNUMBER(T56)),VLOOKUP(ABS(T57-T56),'IMP Table'!$A$2:$C$26,3)*SIGN(T57-T56),0) | AR57: =IF(AND(ISNUMBER(T57),ISNUMBER(T58)),VLOOKUP(ABS(T57-T58),'IMP Table'!$A$2:$C$26,3)*SIGN(T57-T58),0)
B58: ='By Round'!A45 | C58: ='By Round'!B45 | D58: ='By Round'!C45 | E58: ='By Round'!D45 | F58: =IF(ISBLANK('By Round'!F46),"",'By Round'!F46) | G58: =IF(ISBLANK('By Round'!G46),"",'By Round'!G46) | H58: =IF(ISBLANK('By Round'!H46),"",'By Round'!H46) | I58: =IF(ISBLANK('By Round'!I46),"",'By Round'!I46) | J58: =IF(ISBLANK('By Round'!J46),"",'By Round'!J46) | K58: =IF(ISBLANK('By Round'!K46),"",'By Round'!K46) | L58: =IF(ISBLANK('By Round'!L46),"",'By Round'!L46) | M58: =AVERAGE(AG58:AL58) | N58: =AVERAGE(AM58:AR58) | O58: =IF(COUNT(U58:Z58)>0,Q58/COUNT(U58:Z58),0.5) | P58: =IF(COUNT(AA58:AF58)>0,R58/COUNT(AA58:AF58),0.5) | Q58: =SUM(U58:Z58) | R58: =SUM(AA58:AF58) | S58: =IF(ISNUMBER(K58),K58,IF(ISNUMBER(L58),-L58,"")) | T58: =IF(ISNUMBER(L58),L58,IF(ISNUMBER(K58),-K58,"")) | U58: =IF(ISNUMBER(S58),IF(ISNUMBER(S52),IF(S58>S52,1.0,IF(S58=S52,0.5,0.0)),""),"") | V58: =IF(ISNUMBER(S58),IF(ISNUMBER(S53),IF(S58>S53,1.0,IF(S58=S53,0.5,0.0)),""),"") | W58: =IF(ISNUMBER(S58),IF(ISNUMBER(S54),IF(S58>S54,1.0,IF(S58=S54,0.5,0.0)),""),"") | X58: =IF(ISNUMBER(S58),IF(ISNUMBER(S55),IF(S58>S55,1.0,IF(S58=S55,0.5,0.0)),""),"") | Y58: =IF(ISNUMBER(S58),IF(ISNUMBER(S56),IF(S58>S56,1.0,IF(S58=S56,0.5,0.0)),""),"") | Z58: =IF(ISNUMBER(S58),IF(ISNUMBER(S57),IF(S58>S57,1.0,IF(S58=S57,0.5,0.0)),""),"") | AA58: =IF(ISNUMBER(T58),IF(ISNUMBER(T52),IF(T58>T52,1.0,IF(T58=T52,0.5,0.0)),""),"") | AB58: =IF(ISNUMBER(T58),IF(ISNUMBER(T53),IF(T58>T53,1.0,IF(T58=T53,0.5,0.0)),""),"") | AC58: =IF(ISNUMBER(T58),IF(ISNUMBER(T54),IF(T58>T54,1.0,IF(T58=T54,0.5,0.0)),""),"") | AD58: =IF(ISNUMBER(T58),IF(ISNUMBER(T55),IF(T58>T55,1.0,IF(T58=T55,0.5,0.0)),""),"") | AE58: =IF(ISNUMBER(T58),IF(ISNUMBER(T56),IF(T58>T56,1.0,IF(T58=T56,0.5,0.0)),""),"") | AF58: =IF(ISNUMBER(T58),IF(ISNUMBER(T57),IF(T58>T57,1.0,IF(T58=T57,0.5,0.0)),""),"") | AG58: =IF(AND(ISNUMBER(S58),ISNUMBER(S52)),VLOOKUP(ABS(S58-S52),'IMP Table'!$A$2:$C$26,3)*SIGN(S58-S52),0) | AH58: =IF(AND(ISNUMBER(S58),ISNUMBER(S53)),VLOOKUP(ABS(S58-S53),'IMP Table'!$A$2:$C$26,3)*SIGN(S58-S53),0) | AI58: =IF(AND(ISNUMBER(S58),ISNUMBER(S54)),VLOOKUP(ABS(S58-S54),'IMP Table'!$A$2:$C$26,3)*SIGN(S58-S54),0) | AJ58: =IF(AND(ISNUMBER(S58),ISNUMBER(S55)),VLOOKUP(ABS(S58-S55),'IMP Table'!$A$2:$C$26,3)*SIGN(S58-S55),0) | AK58: =IF(AND(ISNUMBER(S58),ISNUMBER(S56)),VLOOKUP(ABS(S58-S56),'IMP Table'!$A$2:$C$26,3)*SIGN(S58-S56),0) | AL58: =IF(AND(ISNUMBER(S58),ISNUMBER(S57)),VLOOKUP(ABS(S58-S57),'IMP Table'!$A$2:$C$26,3)*SIGN(S58-S57),0) | AM58: =IF(AND(ISNUMBER(T58),ISNUMBER(T52)),VLOOKUP(ABS(T58-T52),'IMP Table'!$A$2:$C$26,3)*SIGN(T58-T52),0) | AN58: =IF(AND(ISNUMBER(T58),ISNUMBER(T53)),VLOOKUP(ABS(T58-T53),'IMP Table'!$A$2:$C$26,3)*SIGN(T58-T53),0) | AO58: =IF(AND(ISNUMBER(T58),ISNUMBER(T54)),VLOOKUP(ABS(T58-T54),'IMP Table'!$A$2:$C$26,3)*SIGN(T58-T54),0) | AP58: =IF(AND(ISNUMBER(T58),ISNUMBER(T55)),VLOOKUP(ABS(T58-T55),'IMP Table'!$A$2:$C$26,3)*SIGN(T58-T55),0) | AQ58: =IF(AND(ISNUMBER(T58),ISNUMBER(T56)),VLOOKUP(ABS(T58-T56),'IMP Table'!$A$2:$C$26,3)*SIGN(T58-T56),0) | AR58: =IF(AND(ISNUMBER(T58),ISNUMBER(T57)),VLOOKUP(ABS(T58-T57),'IMP Table'!$A$2:$C$26,3)*SIGN(T58-T57),0)
A59: 9 | B59: ='By Round'!A115 | C59: ='By Round'!B123 | D59: ='By Round'!C123 | E59: ='By Round'!D123 | F59: =IF(ISBLANK('By Round'!F123),"",'By Round'!F123) | G59: =IF(ISBLANK('By Round'!G123),"",'By Round'!G123) | H59: =IF(ISBLANK('By Round'!H123),"",'By Round'!H123) | I59: =IF(ISBLANK('By Round'!I123),"",'By Round'!I123) | J59: =IF(ISBLANK('By Round'!J123),"",'By Round'!J123) | K59: =IF(ISBLANK('By Round'!K123),"",'By Round'!K123) | L59: =IF(ISBLANK('By Round'!L123),"",'By Round'!L123) | M59: =AVERAGE(AG59:AL59) | N59: =AVERAGE(AM59:AR59) | O59: =IF(COUNT(U59:Z59)>0,Q59/COUNT(U59:Z59),0.5) | P59: =IF(COUNT(AA59:AF59)>0,R59/COUNT(AA59:AF59),0.5) | Q59: =SUM(U59:Z59) | R59: =SUM(AA59:AF59) | S59: =IF(ISNUMBER(K59),K59,IF(ISNUMBER(L59),-L59,"")) | T59: =IF(ISNUMBER(L59),L59,IF(ISNUMBER(K59),-K59,"")) | U59: =IF(ISNUMBER(S59),IF(ISNUMBER(S60),IF(S59>S60,1.0,IF(S59=S60,0.5,0.0)),""),"") | V59: =IF(ISNUMBER(S59),IF(ISNUMBER(S61),IF(S59>S61,1.0,IF(S59=S61,0.5,0.0)),""),"") | W59: =IF(ISNUMBER(S59),IF(ISNUMBER(S62),IF(S59>S62,1.0,IF(S59=S62,0.5,0.0)),""),"") | X59: =IF(ISNUMBER(S59),IF(ISNUMBER(S63),IF(S59>S63,1.0,IF(S59=S63,0.5,0.0)),""),"") | Y59: =IF(ISNUMBER(S59),IF(ISNUMBER(S64),IF(S59>S64,1.0,IF(S59=S64,0.5,0.0)),""),"") | Z59: =IF(ISNUMBER(S59),IF(ISNUMBER(S65),IF(S59>S65,1.0,IF(S59=S65,0.5,0.0)),""),"") | AA59: =IF(ISNUMBER(T59),IF(ISNUMBER(T60),IF(T59>T60,1.0,IF(T59=T60,0.5,0.0)),""),"") | AB59: =IF(ISNUMBER(T59),IF(ISNUMBER(T61),IF(T59>T61,1.0,IF(T59=T61,0.5,0.0)),""),"") | AC59: =IF(ISNUMBER(T59),IF(ISNUMBER(T62),IF(T59>T62,1.0,IF(T59=T62,0.5,0.0)),""),"") | AD59: =IF(ISNUMBER(T59),IF(ISNUMBER(T63),IF(T59>T63,1.0,IF(T59=T63,0.5,0.0)),""),"") | AE59: =IF(ISNUMBER(T59),IF(ISNUMBER(T64),IF(T59>T64,1.0,IF(T59=T64,0.5,0.0)),""),"") | AF59: =IF(ISNUMBER(T59),IF(ISNUMBER(T65),IF(T59>T65,1.0,IF(T59=T65,0.5,0.0)),""),"") | AG59: =IF(AND(ISNUMBER(S59),ISNUMBER(S60)),VLOOKUP(ABS(S59-S60),'IMP Table'!$A$2:$C$26,3)*SIGN(S59-S60),0) | AH59: =IF(AND(ISNUMBER(S59),ISNUMBER(S61)),VLOOKUP(ABS(S59-S61),'IMP Table'!$A$2:$C$26,3)*SIGN(S59-S61),0) | AI59: =IF(AND(ISNUMBER(S59),ISNUMBER(S62)),VLOOKUP(ABS(S59-S62),'IMP Table'!$A$2:$C$26,3)*SIGN(S59-S62),0) | AJ59: =IF(AND(ISNUMBER(S59),ISNUMBER(S63)),VLOOKUP(ABS(S59-S63),'IMP Table'!$A$2:$C$26,3)*SIGN(S59-S63),0) | AK59: =IF(AND(ISNUMBER(S59),ISNUMBER(S64)),VLOOKUP(ABS(S59-S64),'IMP Table'!$A$2:$C$26,3)*SIGN(S59-S64),0) | AL59: =IF(AND(ISNUMBER(S59),ISNUMBER(S65)),VLOOKUP(ABS(S59-S65),'IMP Table'!$A$2:$C$26,3)*SIGN(S59-S65),0) | AM59: =IF(AND(ISNUMBER(T59),ISNUMBER(T60)),VLOOKUP(ABS(T59-T60),'IMP Table'!$A$2:$C$26,3)*SIGN(T59-T60),0) | AN59: =IF(AND(ISNUMBER(T59),ISNUMBER(T61)),VLOOKUP(ABS(T59-T61),'IMP Table'!$A$2:$C$26,3)*SIGN(T59-T61),0) | AO59: =IF(AND(ISNUMBER(T59),ISNUMBER(T62)),VLOOKUP(ABS(T59-T62),'IMP Table'!$A$2:$C$26,3)*SIGN(T59-T62),0) | AP59: =IF(AND(ISNUMBER(T59),ISNUMBER(T63)),VLOOKUP(ABS(T59-T63),'IMP Table'!$A$2:$C$26,3)*SIGN(T59-T63),0) | AQ59: =IF(AND(ISNUMBER(T59),ISNUMBER(T64)),VLOOKUP(ABS(T59-T64),'IMP Table'!$A$2:$C$26,3)*SIGN(T59-T64),0) | AR59: =IF(AND(ISNUMBER(T59),ISNUMBER(T65)),VLOOKUP(ABS(T59-T65),'IMP Table'!$A$2:$C$26,3)*SIGN(T59-T65),0)
B60: ='By Round'!A101 | C60: ='By Round'!B111 | D60: ='By Round'!C111 | E60: ='By Round'!D111 | F60: =IF(ISBLANK('By Round'!F111),"",'By Round'!F111) | G60: =IF(ISBLANK('By Round'!G111),"",'By Round'!G111) | H60: =IF(ISBLANK('By Round'!H111),"",'By Round'!H111) | I60: =IF(ISBLANK('By Round'!I111),"",'By Round'!I111) | J60: =IF(ISBLANK('By Round'!J111),"",'By Round'!J111) | K60: =IF(ISBLANK('By Round'!K111),"",'By Round'!K111) | L60: =IF(ISBLANK('By Round'!L111),"",'By Round'!L111) | M60: =AVERAGE(AG60:AL60) | N60: =AVERAGE(AM60:AR60) | O60: =IF(COUNT(U60:Z60)>0,Q60/COUNT(U60:Z60),0.5) | P60: =IF(COUNT(AA60:AF60)>0,R60/COUNT(AA60:AF60),0.5) | Q60: =SUM(U60:Z60) | R60: =SUM(AA60:AF60) | S60: =IF(ISNUMBER(K60),K60,IF(ISNUMBER(L60),-L60,"")) | T60: =IF(ISNUMBER(L60),L60,IF(ISNUMBER(K60),-K60,"")) | U60: =IF(ISNUMBER(S60),IF(ISNUMBER(S59),IF(S60>S59,1.0,IF(S60=S59,0.5,0.0)),""),"") | V60: =IF(ISNUMBER(S60),IF(ISNUMBER(S61),IF(S60>S61,1.0,IF(S60=S61,0.5,0.0)),""),"") | W60: =IF(ISNUMBER(S60),IF(ISNUMBER(S62),IF(S60>S62,1.0,IF(S60=S62,0.5,0.0)),""),"") | X60: =IF(ISNUMBER(S60),IF(ISNUMBER(S63),IF(S60>S63,1.0,IF(S60=S63,0.5,0.0)),""),"") | Y60: =IF(ISNUMBER(S60),IF(ISNUMBER(S64),IF(S60>S64,1.0,IF(S60=S64,0.5,0.0)),""),"") | Z60: =IF(ISNUMBER(S60),IF(ISNUMBER(S65),IF(S60>S65,1.0,IF(S60=S65,0.5,0.0)),""),"") | AA60: =IF(ISNUMBER(T60),IF(ISNUMBER(T59),IF(T60>T59,1.0,IF(T60=T59,0.5,0.0)),""),"") | AB60: =IF(ISNUMBER(T60),IF(ISNUMBER(T61),IF(T60>T61,1.0,IF(T60=T61,0.5,0.0)),""),"") | AC60: =IF(ISNUMBER(T60),IF(ISNUMBER(T62),IF(T60>T62,1.0,IF(T60=T62,0.5,0.0)),""),"") | AD60: =IF(ISNUMBER(T60),IF(ISNUMBER(T63),IF(T60>T63,1.0,IF(T60=T63,0.5,0.0)),""),"") | AE60: =IF(ISNUMBER(T60),IF(ISNUMBER(T64),IF(T60>T64,1.0,IF(T60=T64,0.5,0.0)),""),"") | AF60: =IF(ISNUMBER(T60),IF(ISNUMBER(T65),IF(T60>T65,1.0,IF(T60=T65,0.5,0.0)),""),"") | AG60: =IF(AND(ISNUMBER(S60),ISNUMBER(S59)),VLOOKUP(ABS(S60-S59),'IMP Table'!$A$2:$C$26,3)*SIGN(S60-S59),0) | AH60: =IF(AND(ISNUMBER(S60),ISNUMBER(S61)),VLOOKUP(ABS(S60-S61),'IMP Table'!$A$2:$C$26,3)*SIGN(S60-S61),0) | AI60: =IF(AND(ISNUMBER(S60),ISNUMBER(S62)),VLOOKUP(ABS(S60-S62),'IMP Table'!$A$2:$C$26,3)*SIGN(S60-S62),0) | AJ60: =IF(AND(ISNUMBER(S60),ISNUMBER(S63)),VLOOKUP(ABS(S60-S63),'IMP Table'!$A$2:$C$26,3)*SIGN(S60-S63),0) | AK60: =IF(AND(ISNUMBER(S60),ISNUMBER(S64)),VLOOKUP(ABS(S60-S64),'IMP Table'!$A$2:$C$26,3)*SIGN(S60-S64),0) | AL60: =IF(AND(ISNUMBER(S60),ISNUMBER(S65)),VLOOKUP(ABS(S60-S65),'IMP Table'!$A$2:$C$26,3)*SIGN(S60-S65),0) | AM60: =IF(AND(ISNUMBER(T60),ISNUMBER(T59)),VLOOKUP(ABS(T60-T59),'IMP Table'!$A$2:$C$26,3)*SIGN(T60-T59),0) | AN60: =IF(AND(ISNUMBER(T60),ISNUMBER(T61)),VLOOKUP(ABS(T60-T61),'IMP Table'!$A$2:$C$26,3)*SIGN(T60-T61),0) | AO60: =IF(AND(ISNUMBER(T60),ISNUMBER(T62)),VLOOKUP(ABS(T60-T62),'IMP Table'!$A$2:$C$26,3)*SIGN(T60-T62),0) | AP60: =IF(AND(ISNUMBER(T60),ISNUMBER(T63)),VLOOKUP(ABS(T60-T63),'IMP Table'!$A$2:$C$26,3)*SIGN(T60-T63),0) | AQ60: =IF(AND(ISNUMBER(T60),ISNUMBER(T64)),VLOOKUP(ABS(T60-T64),'IMP Table'!$A$2:$C$26,3)*SIGN(T60-T64),0) | AR60: =IF(AND(ISNUMBER(T60),ISNUMBER(T65)),VLOOKUP(ABS(T60-T65),'IMP Table'!$A$2:$C$26,3)*SIGN(T60-T65),0)
B61: ='By Round'!A17 | C61: ='By Round'!B21 | D61: ='By Round'!C21 | E61: ='By Round'!D21 | F61: =IF(ISBLANK('By Round'!F21),"",'By Round'!F21) | G61: =IF(ISBLANK('By Round'!G21),"",'By Round'!G21) | H61: =IF(ISBLANK('By Round'!H21),"",'By Round'!H21) | I61: =IF(ISBLANK('By Round'!I21),"",'By Round'!I21) | J61: =IF(ISBLANK('By Round'!J21),"",'By Round'!J21) | K61: =IF(ISBLANK('By Round'!K21),"",'By Round'!K21) | L61: =IF(ISBLANK('By Round'!L21),"",'By Round'!L21) | M61: =AVERAGE(AG61:AL61) | N61: =AVERAGE(AM61:AR61) | O61: =IF(COUNT(U61:Z61)>0,Q61/COUNT(U61:Z61),0.5) | P61: =IF(COUNT(AA61:AF61)>0,R61/COUNT(AA61:AF61),0.5) | Q61: =SUM(U61:Z61) | R61: =SUM(AA61:AF61) | S61: =IF(ISNUMBER(K61),K61,IF(ISNUMBER(L61),-L61,"")) | T61: =IF(ISNUMBER(L61),L61,IF(ISNUMBER(K61),-K61,"")) | U61: =IF(ISNUMBER(S61),IF(ISNUMBER(S59),IF(S61>S59,1.0,IF(S61=S59,0.5,0.0)),""),"") | V61: =IF(ISNUMBER(S61),IF(ISNUMBER(S60),IF(S61>S60,1.0,IF(S61=S60,0.5,0.0)),""),"") | W61: =IF(ISNUMBER(S61),IF(ISNUMBER(S62),IF(S61>S62,1.0,IF(S61=S62,0.5,0.0)),""),"") | X61: =IF(ISNUMBER(S61),IF(ISNUMBER(S63),IF(S61>S63,1.0,IF(S61=S63,0.5,0.0)),""),"") | Y61: =IF(ISNUMBER(S61),IF(ISNUMBER(S64),IF(S61>S64,1.0,IF(S61=S64,0.5,0.0)),""),"") | Z61: =IF(ISNUMBER(S61),IF(ISNUMBER(S65),IF(S61>S65,1.0,IF(S61=S65,0.5,0.0)),""),"") | AA61: =IF(ISNUMBER(T61),IF(ISNUMBER(T59),IF(T61>T59,1.0,IF(T61=T59,0.5,0.0)),""),"") | AB61: =IF(ISNUMBER(T61),IF(ISNUMBER(T60),IF(T61>T60,1.0,IF(T61=T60,0.5,0.0)),""),"") | AC61: =IF(ISNUMBER(T61),IF(ISNUMBER(T62),IF(T61>T62,1.0,IF(T61=T62,0.5,0.0)),""),"") | AD61: =IF(ISNUMBER(T61),IF(ISNUMBER(T63),IF(T61>T63,1.0,IF(T61=T63,0.5,0.0)),""),"") | AE61: =IF(ISNUMBER(T61),IF(ISNUMBER(T64),IF(T61>T64,1.0,IF(T61=T64,0.5,0.0)),""),"") | AF61: =IF(ISNUMBER(T61),IF(ISNUMBER(T65),IF(T61>T65,1.0,IF(T61=T65,0.5,0.0)),""),"") | AG61: =IF(AND(ISNUMBER(S61),ISNUMBER(S59)),VLOOKUP(ABS(S61-S59),'IMP Table'!$A$2:$C$26,3)*SIGN(S61-S59),0) | AH61: =IF(AND(ISNUMBER(S61),ISNUMBER(S60)),VLOOKUP(ABS(S61-S60),'IMP Table'!$A$2:$C$26,3)*SIGN(S61-S60),0) | AI61: =IF(AND(ISNUMBER(S61),ISNUMBER(S62)),VLOOKUP(ABS(S61-S62),'IMP Table'!$A$2:$C$26,3)*SIGN(S61-S62),0) | AJ61: =IF(AND(ISNUMBER(S61),ISNUMBER(S63)),VLOOKUP(ABS(S61-S63),'IMP Table'!$A$2:$C$26,3)*SIGN(S61-S63),0) | AK61: =IF(AND(ISNUMBER(S61),ISNUMBER(S64)),VLOOKUP(ABS(S61-S64),'IMP Table'!$A$2:$C$26,3)*SIGN(S61-S64),0) | AL61: =IF(AND(ISNUMBER(S61),ISNUMBER(S65)),VLOOKUP(ABS(S61-S65),'IMP Table'!$A$2:$C$26,3)*SIGN(S61-S65),0) | AM61: =IF(AND(ISNUMBER(T61),ISNUMBER(T59)),VLOOKUP(ABS(T61-T59),'IMP Table'!$A$2:$C$26,3)*SIGN(T61-T59),0) | AN61: =IF(AND(ISNUMBER(T61),ISNUMBER(T60)),VLOOKUP(ABS(T61-T60),'IMP Table'!$A$2:$C$26,3)*SIGN(T61-T60),0) | AO61: =IF(AND(ISNUMBER(T61),ISNUMBER(T62)),VLOOKUP(ABS(T61-T62),'IMP Table'!$A$2:$C$26,3)*SIGN(T61-T62),0) | AP61: =IF(AND(ISNUMBER(T61),ISNUMBER(T63)),VLOOKUP(ABS(T61-T63),'IMP Table'!$A$2:$C$26,3)*SIGN(T61-T63),0) | AQ61: =IF(AND(ISNUMBER(T61),ISNUMBER(T64)),VLOOKUP(ABS(T61-T64),'IMP Table'!$A$2:$C$26,3)*SIGN(T61-T64),0) | AR61: =IF(AND(ISNUMBER(T61),ISNUMBER(T65)),VLOOKUP(ABS(T61-T65),'IMP Table'!$A$2:$C$26,3)*SIGN(T61-T65),0)
B62: ='By Round'!A31 | C62: ='By Round'!B33 | D62: ='By Round'!C33 | E62: ='By Round'!D33 | F62: =IF(ISBLANK('By Round'!F33),"",'By Round'!F33) | G62: =IF(ISBLANK('By Round'!G33),"",'By Round'!G33) | H62: =IF(ISBLANK('By Round'!H33),"",'By Round'!H33) | I62: =IF(ISBLANK('By Round'!I33),"",'By Round'!I33) | J62: =IF(ISBLANK('By Round'!J33),"",'By Round'!J33) | K62: =IF(ISBLANK('By Round'!K33),"",'By Round'!K33) | L62: =IF(ISBLANK('By Round'!L33),"",'By Round'!L33) | M62: =AVERAGE(AG62:AL62) | N62: =AVERAGE(AM62:AR62) | O62: =IF(COUNT(U62:Z62)>0,Q62/COUNT(U62:Z62),0.5) | P62: =IF(COUNT(AA62:AF62)>0,R62/COUNT(AA62:AF62),0.5) | Q62: =SUM(U62:Z62) | R62: =SUM(AA62:AF62) | S62: =IF(ISNUMBER(K62),K62,IF(ISNUMBER(L62),-L62,"")) | T62: =IF(ISNUMBER(L62),L62,IF(ISNUMBER(K62),-K62,"")) | U62: =IF(ISNUMBER(S62),IF(ISNUMBER(S59),IF(S62>S59,1.0,IF(S62=S59,0.5,0.0)),""),"") | V62: =IF(ISNUMBER(S62),IF(ISNUMBER(S60),IF(S62>S60,1.0,IF(S62=S60,0.5,0.0)),""),"") | W62: =IF(ISNUMBER(S62),IF(ISNUMBER(S61),IF(S62>S61,1.0,IF(S62=S61,0.5,0.0)),""),"") | X62: =IF(ISNUMBER(S62),IF(ISNUMBER(S63),IF(S62>S63,1.0,IF(S62=S63,0.5,0.0)),""),"") | Y62: =IF(ISNUMBER(S62),IF(ISNUMBER(S64),IF(S62>S64,1.0,IF(S62=S64,0.5,0.0)),""),"") | Z62: =IF(ISNUMBER(S62),IF(ISNUMBER(S65),IF(S62>S65,1.0,IF(S62=S65,0.5,0.0)),""),"") | AA62: =IF(ISNUMBER(T62),IF(ISNUMBER(T59),IF(T62>T59,1.0,IF(T62=T59,0.5,0.0)),""),"") | AB62: =IF(ISNUMBER(T62),IF(ISNUMBER(T60),IF(T62>T60,1.0,IF(T62=T60,0.5,0.0)),""),"") | AC62: =IF(ISNUMBER(T62),IF(ISNUMBER(T61),IF(T62>T61,1.0,IF(T62=T61,0.5,0.0)),""),"") | AD62: =IF(ISNUMBER(T62),IF(ISNUMBER(T63),IF(T62>T63,1.0,IF(T62=T63,0.5,0.0)),""),"") | AE62: =IF(ISNUMBER(T62),IF(ISNUMBER(T64),IF(T62>T64,1.0,IF(T62=T64,0.5,0.0)),""),"") | AF62: =IF(ISNUMBER(T62),IF(ISNUMBER(T65),IF(T62>T65,1.0,IF(T62=T65,0.5,0.0)),""),"") | AG62: =IF(AND(ISNUMBER(S62),ISNUMBER(S59)),VLOOKUP(ABS(S62-S59),'IMP Table'!$A$2:$C$26,3)*SIGN(S62-S59),0) | AH62: =IF(AND(ISNUMBER(S62),ISNUMBER(S60)),VLOOKUP(ABS(S62-S60),'IMP Table'!$A$2:$C$26,3)*SIGN(S62-S60),0) | AI62: =IF(AND(ISNUMBER(S62),ISNUMBER(S61)),VLOOKUP(ABS(S62-S61),'IMP Table'!$A$2:$C$26,3)*SIGN(S62-S61),0) | AJ62: =IF(AND(ISNUMBER(S62),ISNUMBER(S63)),VLOOKUP(ABS(S62-S63),'IMP Table'!$A$2:$C$26,3)*SIGN(S62-S63),0) | AK62: =IF(AND(ISNUMBER(S62),ISNUMBER(S64)),VLOOKUP(ABS(S62-S64),'IMP Table'!$A$2:$C$26,3)*SIGN(S62-S64),0) | AL62: =IF(AND(ISNUMBER(S62),ISNUMBER(S65)),VLOOKUP(ABS(S62-S65),'IMP Table'!$A$2:$C$26,3)*SIGN(S62-S65),0) | AM62: =IF(AND(ISNUMBER(T62),ISNUMBER(T59)),VLOOKUP(ABS(T62-T59),'IMP Table'!$A$2:$C$26,3)*SIGN(T62-T59),0) | AN62: =IF(AND(ISNUMBER(T62),ISNUMBER(T60)),VLOOKUP(ABS(T62-T60),'IMP Table'!$A$2:$C$26,3)*SIGN(T62-T60),0) | AO62: =IF(AND(ISNUMBER(T62),ISNUMBER(T61)),VLOOKUP(ABS(T62-T61),'IMP Table'!$A$2:$C$26,3)*SIGN(T62-T61),0) | AP62: =IF(AND(ISNUMBER(T62),ISNUMBER(T63)),VLOOKUP(ABS(T62-T63),'IMP Table'!$A$2:$C$26,3)*SIGN(T62-T63),0) | AQ62: =IF(AND(ISNUMBER(T62),ISNUMBER(T64)),VLOOKUP(ABS(T62-T64),'IMP Table'!$A$2:$C$26,3)*SIGN(T62-T64),0) | AR62: =IF(AND(ISNUMBER(T62),ISNUMBER(T65)),VLOOKUP(ABS(T62-T65),'IMP Table'!$A$2:$C$26,3)*SIGN(T62-T65),0)
B63: ='By Round'!A3 | C63: ='By Round'!B9 | D63: ='By Round'!C9 | E63: ='By Round'!D9 | F63: =IF(ISBLANK('By Round'!F9),"",'By Round'!F9) | G63: =IF(ISBLANK('By Round'!G9),"",'By Round'!G9) | H63: =IF(ISBLANK('By Round'!H9),"",'By Round'!H9) | I63: =IF(ISBLANK('By Round'!I9),"",'By Round'!I9) | J63: =IF(ISBLANK('By Round'!J9),"",'By Round'!J9) | K63: =IF(ISBLANK('By Round'!K9),"",'By Round'!K9) | L63: =IF(ISBLANK('By Round'!L9),"",'By Round'!L9) | M63: =AVERAGE(AG63:AL63) | N63: =AVERAGE(AM63:AR63) | O63: =IF(COUNT(U63:Z63)>0,Q63/COUNT(U63:Z63),0.5) | P63: =IF(COUNT(AA63:AF63)>0,R63/COUNT(AA63:AF63),0.5) | Q63: =SUM(U63:Z63) | R63: =SUM(AA63:AF63) | S63: =IF(ISNUMBER(K63),K63,IF(ISNUMBER(L63),-L63,"")) | T63: =IF(ISNUMBER(L63),L63,IF(ISNUMBER(K63),-K63,"")) | U63: =IF(ISNUMBER(S63),IF(ISNUMBER(S59),IF(S63>S59,1.0,IF(S63=S59,0.5,0.0)),""),"") | V63: =IF(ISNUMBER(S63),IF(ISNUMBER(S60),IF(S63>S60,1.0,IF(S63=S60,0.5,0.0)),""),"") | W63: =IF(ISNUMBER(S63),IF(ISNUMBER(S61),IF(S63>S61,1.0,IF(S63=S61,0.5,0.0)),""),"") | X63: =IF(ISNUMBER(S63),IF(ISNUMBER(S62),IF(S63>S62,1.0,IF(S63=S62,0.5,0.0)),""),"") | Y63: =IF(ISNUMBER(S63),IF(ISNUMBER(S64),IF(S63>S64,1.0,IF(S63=S64,0.5,0.0)),""),"") | Z63: =IF(ISNUMBER(S63),IF(ISNUMBER(S65),IF(S63>S65,1.0,IF(S63=S65,0.5,0.0)),""),"") | AA63: =IF(ISNUMBER(T63),IF(ISNUMBER(T59),IF(T63>T59,1.0,IF(T63=T59,0.5,0.0)),""),"") | AB63: =IF(ISNUMBER(T63),IF(ISNUMBER(T60),IF(T63>T60,1.0,IF(T63=T60,0.5,0.0)),""),"") | AC63: =IF(ISNUMBER(T63),IF(ISNUMBER(T61),IF(T63>T61,1.0,IF(T63=T61,0.5,0.0)),""),"") | AD63: =IF(ISNUMBER(T63),IF(ISNUMBER(T62),IF(T63>T62,1.0,IF(T63=T62,0.5,0.0)),""),"") | AE63: =IF(ISNUMBER(T63),IF(ISNUMBER(T64),IF(T63>T64,1.0,IF(T63=T64,0.5,0.0)),""),"") | AF63: =IF(ISNUMBER(T63),IF(ISNUMBER(T65),IF(T63>T65,1.0,IF(T63=T65,0.5,0.0)),""),"") | AG63: =IF(AND(ISNUMBER(S63),ISNUMBER(S59)),VLOOKUP(ABS(S63-S59),'IMP Table'!$A$2:$C$26,3)*SIGN(S63-S59),0) | AH63: =IF(AND(ISNUMBER(S63),ISNUMBER(S60)),VLOOKUP(ABS(S63-S60),'IMP Table'!$A$2:$C$26,3)*SIGN(S63-S60),0) | AI63: =IF(AND(ISNUMBER(S63),ISNUMBER(S61)),VLOOKUP(ABS(S63-S61),'IMP Table'!$A$2:$C$26,3)*SIGN(S63-S61),0) | AJ63: =IF(AND(ISNUMBER(S63),ISNUMBER(S62)),VLOOKUP(ABS(S63-S62),'IMP Table'!$A$2:$C$26,3)*SIGN(S63-S62),0) | AK63: =IF(AND(ISNUMBER(S63),ISNUMBER(S64)),VLOOKUP(ABS(S63-S64),'IMP Table'!$A$2:$C$26,3)*SIGN(S63-S64),0) | AL63: =IF(AND(ISNUMBER(S63),ISNUMBER(S65)),VLOOKUP(ABS(S63-S65),'IMP Table'!$A$2:$C$26,3)*SIGN(S63-S65),0) | AM63: =IF(AND(ISNUMBER(T63),ISNUMBER(T59)),VLOOKUP(ABS(T63-T59),'IMP Table'!$A$2:$C$26,3)*SIGN(T63-T59),0) | AN63: =IF(AND(ISNUMBER(T63),ISNUMBER(T60)),VLOOKUP(ABS(T63-T60),'IMP Table'!$A$2:$C$26,3)*SIGN(T63-T60),0) | AO63: =IF(AND(ISNUMBER(T63),ISNUMBER(T61)),VLOOKUP(ABS(T63-T61),'IMP Table'!$A$2:$C$26,3)*SIGN(T63-T61),0) | AP63: =IF(AND(ISNUMBER(T63),ISNUMBER(T62)),VLOOKUP(ABS(T63-T62),'IMP Table'!$A$2:$C$26,3)*SIGN(T63-T62),0) | AQ63: =IF(AND(ISNUMBER(T63),ISNUMBER(T64)),VLOOKUP(ABS(T63-T64),'IMP Table'!$A$2:$C$26,3)*SIGN(T63-T64),0) | AR63: =IF(AND(ISNUMBER(T63),ISNUMBER(T65)),VLOOKUP(ABS(T63-T65),'IMP Table'!$A$2:$C$26,3)*SIGN(T63-T65),0)
B64: ='By Round'!A87 | C64: ='By Round'!B99 | D64: ='By Round'!C99 | E64: ='By Round'!D99 | F64: =IF(ISBLANK('By Round'!F99),"",'By Round'!F99) | G64: =IF(ISBLANK('By Round'!G99),"",'By Round'!G99) | H64: =IF(ISBLANK('By Round'!H99),"",'By Round'!H99) | I64: =IF(ISBLANK('By Round'!I99),"",'By Round'!I99) | J64: =IF(ISBLANK('By Round'!J99),"",'By Round'!J99) | K64: =IF(ISBLANK('By Round'!K99),"",'By Round'!K99) | L64: =IF(ISBLANK('By Round'!L99),"",'By Round'!L99) | M64: =AVERAGE(AG64:AL64) | N64: =AVERAGE(AM64:AR64) | O64: =IF(COUNT(U64:Z64)>0,Q64/COUNT(U64:Z64),0.5) | P64: =IF(COUNT(AA64:AF64)>0,R64/COUNT(AA64:AF64),0.5) | Q64: =SUM(U64:Z64) | R64: =SUM(AA64:AF64) | S64: =IF(ISNUMBER(K64),K64,IF(ISNUMBER(L64),-L64,"")) | T64: =IF(ISNUMBER(L64),L64,IF(ISNUMBER(K64),-K64,"")) | U64: =IF(ISNUMBER(S64),IF(ISNUMBER(S59),IF(S64>S59,1.0,IF(S64=S59,0.5,0.0)),""),"") | V64: =IF(ISNUMBER(S64),IF(ISNUMBER(S60),IF(S64>S60,1.0,IF(S64=S60,0.5,0.0)),""),"") | W64: =IF(ISNUMBER(S64),IF(ISNUMBER(S61),IF(S64>S61,1.0,IF(S64=S61,0.5,0.0)),""),"") | X64: =IF(ISNUMBER(S64),IF(ISNUMBER(S62),IF(S64>S62,1.0,IF(S64=S62,0.5,0.0)),""),"") | Y64: =IF(ISNUMBER(S64),IF(ISNUMBER(S63),IF(S64>S63,1.0,IF(S64=S63,0.5,0.0)),""),"") | Z64: =IF(ISNUMBER(S64),IF(ISNUMBER(S65),IF(S64>S65,1.0,IF(S64=S65,0.5,0.0)),""),"") | AA64: =IF(ISNUMBER(T64),IF(ISNUMBER(T59),IF(T64>T59,1.0,IF(T64=T59,0.5,0.0)),""),"") | AB64: =IF(ISNUMBER(T64),IF(ISNUMBER(T60),IF(T64>T60,1.0,IF(T64=T60,0.5,0.0)),""),"") | AC64: =IF(ISNUMBER(T64),IF(ISNUMBER(T61),IF(T64>T61,1.0,IF(T64=T61,0.5,0.0)),""),"") | AD64: =IF(ISNUMBER(T64),IF(ISNUMBER(T62),IF(T64>T62,1.0,IF(T64=T62,0.5,0.0)),""),"") | AE64: =IF(ISNUMBER(T64),IF(ISNUMBER(T63),IF(T64>T63,1.0,IF(T64=T63,0.5,0.0)),""),"") | AF64: =IF(ISNUMBER(T64),IF(ISNUMBER(T65),IF(T64>T65,1.0,IF(T64=T65,0.5,0.0)),""),"") | AG64: =IF(AND(ISNUMBER(S64),ISNUMBER(S59)),VLOOKUP(ABS(S64-S59),'IMP Table'!$A$2:$C$26,3)*SIGN(S64-S59),0) | AH64: =IF(AND(ISNUMBER(S64),ISNUMBER(S60)),VLOOKUP(ABS(S64-S60),'IMP Table'!$A$2:$C$26,3)*SIGN(S64-S60),0) | AI64: =IF(AND(ISNUMBER(S64),ISNUMBER(S61)),VLOOKUP(ABS(S64-S61),'IMP Table'!$A$2:$C$26,3)*SIGN(S64-S61),0) | AJ64: =IF(AND(ISNUMBER(S64),ISNUMBER(S62)),VLOOKUP(ABS(S64-S62),'IMP Table'!$A$2:$C$26,3)*SIGN(S64-S62),0) | AK64: =IF(AND(ISNUMBER(S64),ISNUMBER(S63)),VLOOKUP(ABS(S64-S63),'IMP Table'!$A$2:$C$26,3)*SIGN(S64-S63),0) | AL64: =IF(AND(ISNUMBER(S64),ISNUMBER(S65)),VLOOKUP(ABS(S64-S65),'IMP Table'!$A$2:$C$26,3)*SIGN(S64-S65),0) | AM64: =IF(AND(ISNUMBER(T64),ISNUMBER(T59)),VLOOKUP(ABS(T64-T59),'IMP Table'!$A$2:$C$26,3)*SIGN(T64-T59),0) | AN64: =IF(AND(ISNUMBER(T64),ISNUMBER(T60)),VLOOKUP(ABS(T64-T60),'IMP Table'!$A$2:$C$26,3)*SIGN(T64-T60),0) | AO64: =IF(AND(ISNUMBER(T64),ISNUMBER(T61)),VLOOKUP(ABS(T64-T61),'IMP Table'!$A$2:$C$26,3)*SIGN(T64-T61),0) | AP64: =IF(AND(ISNUMBER(T64),ISNUMBER(T62)),VLOOKUP(ABS(T64-T62),'IMP Table'!$A$2:$C$26,3)*SIGN(T64-T62),0) | AQ64: =IF(AND(ISNUMBER(T64),ISNUMBER(T63)),VLOOKUP(ABS(T64-T63),'IMP Table'!$A$2:$C$26,3)*SIGN(T64-T63),0) | AR64: =IF(AND(ISNUMBER(T64),ISNUMBER(T65)),VLOOKUP(ABS(T64-T65),'IMP Table'!$A$2:$C$26,3)*SIGN(T64-T65),0)
