Workbook

Sheet Roster
A1: For public domain. No rights reserved. Generated on Mar 08, 2026.
A2: Howell Tournament
A3: Pairs | C3: 9
A4: Tables | C4: 5
A5: Rounds | C5: 9
A6: Boards per round | C6: 2
A7: Total Boards to play | C7: 18
A9: Pairs | D9: MP | E9: IMP
A10: 1 | B10: Name 15 | C10: Name 76 | D10: =SUMIF('By Board'!$D$3:$D$82,"=1",'By Board'!$O$3:$O$82)/16+SUMIF('By Board'!$E$3:$E$82,"=1",'By Board'!$P$3:$P$82)/16 | E10: =SUMIF('By Board'!$D$3:$D$82,"=1",'By Board'!$M$3:$M$82)+SUMIF('By Board'!$E$3:$E$82,"=1",'By Board'!$N$3:$N$82)
A11: 2 | B11: Name 80 | C11: Name 21 | D11: =SUMIF('By Board'!$D$3:$D$82,"=2",'By Board'!$O$3:$O$82)/16+SUMIF('By Board'!$E$3:$E$82,"=2",'By Board'!$P$3:$P$82)/16 | E11: =SUMIF('By Board'!$D$3:$D$82,"=2",'By Board'!$M$3:$M$82)+SUMIF('By Board'!$E$3:$E$82,"=2",'By Board'!$N$3:$N$82)
A12: 3 | B12: Name 85 | C12: Name 36 | D12: =SUMIF('By Board'!$D$3:$D$82,"=3",'By Board'!$O$3:$O$82)/16+SUMIF('By Board'!$E$3:$E$82,"=3",'By Board'!$P$3:$P$82)/16 | E12: =SUMIF('By Board'!$D$3:$D$82,"=3",'By Board'!$M$3:$M$82)+SUMIF('By Board'!$E$3:$E$82,"=3",'By Board'!$N$3:$N$82)
A13: 4 | B13: Name 13 | C13: Name 43 | D13: =SUMIF('By Board'!$D$3:$D$82,"=4",'By Board'!$O$3:$O$82)/16+SUMIF('By Board'!$E$3:$E$82,"=4",'By Board'!$P$3:$P$82)/16 | E13: =SUMIF('By Board'!$D$3:$D$82,"=4",'By Board'!$M$3:$M$82)+SUMIF('By Board'!$E$3:$E$82,"=4",'By Board'!$N$3:$N$82)
A14: 5 | B14: Name 20 | C14: Name 66 | D14: =SUMIF('By Board'!$D$3:$D$82,"=5",'By Board'!$O$3:$O$82)/16+SUMIF('By Board'!$E$3:$E$82,"=5",'By Board'!$P$3:$P$82)/16 | E14: =SUMIF('By Board'!$D$3:$D$82,"=5",'By Board'!$M$3:$M$82)+SUMIF('By Board'!$E$3:$E$82,"=5",'By Board'!$N$3:$N$82)
A15: 6 | B15: Name 65 | C15: Name 64 | D15: =SUMIF('By Board'!$D$3:$D$82,"=6",'By Board'!$O$3:$O$82)/16+SUMIF('By Board'!$E$3:$E$82,"=6",'By Board'!$P$3:$P$82)/16 | E15: =SUMIF('By Board'!$D$3:$D$82,"=6",'By Board'!$M$3:$M$82)+SUMIF('By Board'!$E$3:$E$82,"=6",'By Board'!$N$3:$N$82)
A16: 7 | B16: Name 53 | C16: Name 29 | D16: =SUMIF('By Board'!$D$3:$D$82,"=7",'By Board'!$O$3:$O$82)/16+SUMIF('By Board'!$E$3:$E$82,"=7",'By Board'!$P$3:$P$82)/16 | E16: =SUMIF('By Board'!$D$3:$D$82,"=7",'By Board'!$M$3:$M$82)+SUMIF('By Board'!$E$3:$E$82,"=7",'By Board'!$N$3:$N$82)
A17: 8 | B17: Name 69 | C17: Name 17 | D17: =SUMIF('By Board'!$D$3:$D$82,"=8",'By Board'!$O$3:$O$82)/16+SUMIF('By Board'!$E$3:$E$82,"=8",'By Board'!$P$3:$P$82)/16 | E17: =SUMIF('By Board'!$D$3:$D$82,"=8",'By Board'!$M$3:$M$82)+SUMIF('By Board'!$E$3:$E$82,"=8",'By Board'!$N$3:$N$82)
A18: 9 | B18: Name 79 | C18: Name 55 | D18: =SUMIF('By Board'!$D$3:$D$82,"=9",'By Board'!$O$3:$O$82)/16+SUMIF('By Board'!$E$3:$E$82,"=9",'By Board'!$P$3:$P$82)/16 | E18: =SUMIF('By Board'!$D$3:$D$82,"=9",'By Board'!$M$3:$M$82)+SUMIF('By Board'!$E$3:$E$82,"=9",'By Board'!$N$3:$N$82)
D19: =AVERAGE(D10:D18) | E19: =SUM(E10:E18)

Sheet By Board
I1: Result | K1: Score | M1: IMP | O1: MP % | Q1: MP Pts | S1: Net | U1: MP Calculation | AC1: IMP Calculation
A2: Board | B2: Round | C2: Table | D2: NS | E2: EW | F2: Vul | G2: Contract | H2: By | I2: Made | J2: Down | K2: NS | L2: EW | M2: NS | N2: EW | O2: NS | P2: EW | Q2: NS | R2: EW | S2: NS | T2: EW | U2: NS MP Scores | Y2: EW MP Scores | AC2: NS IMP Pair-wise | AG2: EW IMP Pair-wise
A3: 1 | B3: ='By Round'!A3 | C3: ='By Round'!B3 | D3: ='By Round'!C3 | E3: ='By Round'!D3 | F3: =IF(ISBLANK('By Round'!F3),"",'By Round'!F3) | G3: =IF(ISBLANK('By Round'!G3),"",'By Round'!G3) | H3: =IF(ISBLANK('By Round'!H3),"",'By Round'!H3) | I3: =IF(ISBLANK('By Round'!I3),"",'By Round'!I3) | J3: =IF(ISBLANK('By Round'!J3),"",'By Round'!J3) | K3: =IF(ISBLANK('By Round'!K3),"",'By Round'!K3) | L3: =IF(ISBLANK('By Round'!L3),"",'By Round'!L3) | M3: =AVERAGE(AC3:AF3) | N3: =AVERAGE(AG3:AJ3) | O3: =IF(COUNT(U3:X3)>0,Q3/COUNT(U3:X3),0.5) | P3: =IF(COUNT(Y3:AB3)>0,R3/COUNT(Y3:AB3),0.5) | Q3: =SUM(U3:X3) | R3: =SUM(Y3:AB3) | S3: =IF(ISNUMBER(K3),K3,IF(ISNUMBER(L3),-L3,"")) | T3: =IF(ISNUMBER(L3),L3,IF(ISNUMBER(K3),-K3,"")) | U3: =IF(ISNUMBER(S3),IF(ISNUMBER(S4),IF(S3>S4,1.0,IF(S3=S4,0.5,0.0)),""),"") | V3: =IF(ISNUMBER(S3),IF(ISNUMBER(S5),IF(S3>S5,1.0,IF(S3=S5,0.5,0.0)),""),"") | W3: =IF(ISNUMBER(S3),IF(ISNUMBER(S6),IF(S3>S6,1.0,IF(S3=S6,0.5,0.0)),""),"") | X3: =IF(ISNUMBER(S3),IF(ISNUMBER(S7),IF(S3>S7,1.0,IF(S3=S7,0.5,0.0)),""),"") | Y3: =IF(ISNUMBER(T3),IF(ISNUMBER(T4),IF(T3>T4,1.0,IF(T3=T4,0.5,0.0)),""),"") | Z3: =IF(ISNUMBER(T3),IF(ISNUMBER(T5),IF(T3>T5,1.0,IF(T3=T5,0.5,0.0)),""),"") | AA3: =IF(ISNUMBER(T3),IF(ISNUMBER(T6),IF(T3>T6,1.0,IF(T3=T6,0.5,0.0)),""),"") | AB3: =IF(ISNUMBER(T3),IF(ISNUMBER(T7),IF(T3>T7,1.0,IF(T3=T7,0.5,0.0)),""),"") | AC3: =IF(AND(ISNUMBER(S3),ISNUMBER(S4)),VLOOKUP(ABS(S3-S4),'IMP Table'!$A$2:$C$26,3)*SIGN(S3-S4),0) | AD3: =IF(AND(ISNUMBER(S3),ISNUMBER(S5)),VLOOKUP(ABS(S3-S5),'IMP Table'!$A$2:$C$26,3)*SIGN(S3-S5),0) | AE3: =IF(AND(ISNUMBER(S3),ISNUMBER(S6)),VLOOKUP(ABS(S3-S6),'IMP Table'!$A$2:$C$26,3)*SIGN(S3-S6),0) | AF3: =IF(AND(ISNUMBER(S3),ISNUMBER(S7)),VLOOKUP(ABS(S3-S7),'IMP Table'!$A$2:$C$26,3)*SIGN(S3-S7),0) | AG3: =IF(AND(ISNUMBER(T3),ISNUMBER(T4)),VLOOKUP(ABS(T3-T4),'IMP Table'!$A$2:$C$26,3)*SIGN(T3-T4),0) | AH3: =IF(AND(ISNUMBER(T3),ISNUMBER(T5)),VLOOKUP(ABS(T3-T5),'IMP Table'!$A$2:$C$26,3)*SIGN(T3-T5),0) | AI3: =IF(AND(ISNUMBER(T3),ISNUMBER(T6)),VLOOKUP(ABS(T3-T6),'IMP Table'!$A$2:$C$26,3)*SIGN(T3-T6),0) | AJ3: =IF(AND(ISNUMBER(T3),ISNUMBER(T7)),VLOOKUP(ABS(T3-T7),'IMP Table'!$A$2:$C$26,3)*SIGN(T3-T7),0)
B4: ='By Round'!A73 | C4: ='By Round'!B77 | D4: ='By Round'!C77 | E4: ='By Round'!D77 | F4: =IF(ISBLANK('By Round'!F77),"",'By Round'!F77) | G4: =IF(ISBLANK('By Round'!G77),"",'By Round'!G77) | H4: =IF(ISBLANK('By Round'!H77),"",'By Round'!H77) | I4: =IF(ISBLANK('By Round'!I77),"",'By Round'!I77) | J4: =IF(ISBLANK('By Round'!J77),"",'By Round'!J77) | K4: =IF(ISBLANK('By Round'!K77),"",'By Round'!K77) | L4: =IF(ISBLANK('By Round'!L77),"",'By Round'!L77) | M4: =AVERAGE(AC4:AF4) | N4: =AVERAGE(AG4:AJ4) | O4: =IF(COUNT(U4:X4)>0,Q4/COUNT(U4:X4),0.5) | P4: =IF(COUNT(Y4:AB4)>0,R4/COUNT(Y4:AB4),0.5) | Q4: =SUM(U4:X4) | R4: =SUM(Y4:AB4) | S4: =IF(ISNUMBER(K4),K4,IF(ISNUMBER(L4),-L4,"")) | T4: =IF(ISNUMBER(L4),L4,IF(ISNUMBER(K4),-K4,"")) | U4: =IF(ISNUMBER(S4),IF(ISNUMBER(S3),IF(S4>S3,1.0,IF(S4=S3,0.5,0.0)),""),"") | V4: =IF(ISNUMBER(S4),IF(ISNUMBER(S5),IF(S4>S5,1.0,IF(S4=S5,0.5,0.0)),""),"") | W4: =IF(ISNUMBER(S4),IF(ISNUMBER(S6),IF(S4>S6,1.0,IF(S4=S6,0.5,0.0)),""),"") | X4: =IF(ISNUMBER(S4),IF(ISNUMBER(S7),IF(S4>S7,1.0,IF(S4=S7,0.5,0.0)),""),"") | Y4: =IF(ISNUMBER(T4),IF(ISNUMBER(T3),IF(T4>T3,1.0,IF(T4=T3,0.5,0.0)),""),"") | Z4: =IF(ISNUMBER(T4),IF(ISNUMBER(T5),IF(T4>T5,1.0,IF(T4=T5,0.5,0.0)),""),"") | AA4: =IF(ISNUMBER(T4),IF(ISNUMBER(T6),IF(T4>T6,1.0,IF(T4=T6,0.5,0.0)),""),"") | AB4: =IF(ISNUMBER(T4),IF(ISNUMBER(T7),IF(T4>T7,1.0,IF(T4=T7,0.5,0.0)),""),"") | AC4: =IF(AND(ISNUMBER(S4),ISNUMBER(S3)),VLOOKUP(ABS(S4-S3),'IMP Table'!$A$2:$C$26,3)*SIGN(S4-S3),0) | AD4: =IF(AND(ISNUMBER(S4),ISNUMBER(S5)),VLOOKUP(ABS(S4-S5),'IMP Table'!$A$2:$C$26,3)*SIGN(S4-S5),0) | AE4: =IF(AND(ISNUMBER(S4),ISNUMBER(S6)),VLOOKUP(ABS(S4-S6),'IMP Table'!$A$2:$C$26,3)*SIGN(S4-S6),0) | AF4: =IF(AND(ISNUMBER(S4),ISNUMBER(S7)),VLOOKUP(ABS(S4-S7),'IMP Table'!$A$2:$C$26,3)*SIGN(S4-S7),0) | AG4: =IF(AND(ISNUMBER(T4),ISNUMBER(T3)),VLOOKUP(ABS(T4-T3),'IMP Table'!$A$2:$C$26,3)*SIGN(T4-T3),0) | AH4: =IF(AND(ISNUMBER(T4),ISNUMBER(T5)),VLOOKUP(ABS(T4-T5),'IMP Table'!$A$2:$C$26,3)*SIGN(T4-T5),0) | AI4: =IF(AND(ISNUMBER(T4),ISNUMBER(T6)),VLOOKUP(ABS(T4-T6),'IMP Table'!$A$2:$C$26,3)*SIGN(T4-T6),0) | AJ4: =IF(AND(ISNUMBER(T4),ISNUMBER(T7)),VLOOKUP(ABS(T4-T7),'IMP Table'!$A$2:$C$26,3)*SIGN(T4-T7),0)
B5: ='By Round'!A23 | C5: ='By Round'!B29 | D5: ='By Round'!C29 | E5: ='By Round'!D29 | F5: =IF(ISBLANK('By Round'!F29),"",'By Round'!F29) | G5: =IF(ISBLANK('By Round'!G29),"",'By Round'!G29) | H5: =IF(ISBLANK('By Round'!H29),"",'By Round'!H29) | I5: =IF(ISBLANK('By Round'!I29),"",'By Round'!I29) | J5: =IF(ISBLANK('By Round'!J29),"",'By Round'!J29) | K5: =IF(ISBLANK('By Round'!K29),"",'By Round'!K29) | L5: =IF(ISBLANK('By Round'!L29),"",'By Round'!L29) | M5: =AVERAGE(AC5:AF5) | N5: =AVERAGE(AG5:AJ5) | O5: =IF(COUNT(U5:X5)>0,Q5/COUNT(U5:X5),0.5) | P5: =IF(COUNT(Y5:AB5)>0,R5/COUNT(Y5:AB5),0.5) | Q5: =SUM(U5:X5) | R5: =SUM(Y5:AB5) | S5: =IF(ISNUMBER(K5),K5,IF(ISNUMBER(L5),-L5,"")) | T5: =IF(ISNUMBER(L5),L5,IF(ISNUMBER(K5),-K5,"")) | U5: =IF(ISNUMBER(S5),IF(ISNUMBER(S3),IF(S5>S3,1.0,IF(S5=S3,0.5,0.0)),""),"") | V5: =IF(ISNUMBER(S5),IF(ISNUMBER(S4),IF(S5>S4,1.0,IF(S5=S4,0.5,0.0)),""),"") | W5: =IF(ISNUMBER(S5),IF(ISNUMBER(S6),IF(S5>S6,1.0,IF(S5=S6,0.5,0.0)),""),"") | X5: =IF(ISNUMBER(S5),IF(ISNUMBER(S7),IF(S5>S7,1.0,IF(S5=S7,0.5,0.0)),""),"") | Y5: =IF(ISNUMBER(T5),IF(ISNUMBER(T3),IF(T5>T3,1.0,IF(T5=T3,0.5,0.0)),""),"") | Z5: =IF(ISNUMBER(T5),IF(ISNUMBER(T4),IF(T5>T4,1.0,IF(T5=T4,0.5,0.0)),""),"") | AA5: =IF(ISNUMBER(T5),IF(ISNUMBER(T6),IF(T5>T6,1.0,IF(T5=T6,0.5,0.0)),""),"") | AB5: =IF(ISNUMBER(T5),IF(ISNUMBER(T7),IF(T5>T7,1.0,IF(T5=T7,0.5,0.0)),""),"") | AC5: =IF(AND(ISNUMBER(S5),ISNUMBER(S3)),VLOOKUP(ABS(S5-S3),'IMP Table'!$A$2:$C$26,3)*SIGN(S5-S3),0) | AD5: =IF(AND(ISNUMBER(S5),ISNUMBER(S4)),VLOOKUP(ABS(S5-S4),'IMP Table'!$A$2:$C$26,3)*SIGN(S5-S4),0) | AE5: =IF(AND(ISNUMBER(S5),ISNUMBER(S6)),VLOOKUP(ABS(S5-S6),'IMP Table'!$A$2:$C$26,3)*SIGN(S5-S6),0) | AF5: =IF(AND(ISNUMBER(S5),ISNUMBER(S7)),VLOOKUP(ABS(S5-S7),'IMP Table'!$A$2:$C$26,3)*SIGN(S5-S7),0) | AG5: =IF(AND(ISNUMBER(T5),ISNUMBER(T3)),VLOOKUP(ABS(T5-T3),'IMP Table'!$A$2:$C$26,3)*SIGN(T5-T3),0) | AH5: =IF(AND(ISNUMBER(T5),ISNUMBER(T4)),VLOOKUP(ABS(T5-T4),'IMP Table'!$A$2:$C$26,3)*SIGN(T5-T4),0) | AI5: =IF(AND(ISNUMBER(T5),ISNUMBER(T6)),VLOOKUP(ABS(T5-T6),'IMP Table'!$A$2:$C$26,3)*SIGN(T5-T6),0) | AJ5: =IF(AND(ISNUMBER(T5),ISNUMBER(T7)),VLOOKUP(ABS(T5-T7),'IMP Table'!$A$2:$C$26,3)*SIGN(T5-T7),0)
B6: ='By Round'!A13 | C6: ='By Round'!B21 | D6: ='By Round'!C21 | E6: ='By Round'!D21 | F6: =IF(ISBLANK('By Round'!F21),"",'By Round'!F21) | G6: =IF(ISBLANK('By Round'!G21),"",'By Round'!G21) | H6: =IF(ISBLANK('By Round'!H21),"",'By Round'!H21) | I6: =IF(ISBLANK('By Round'!I21),"",'By Round'!I21) | J6: =IF(ISBLANK('By Round'!J21),"",'By Round'!J21) | K6: =IF(ISBLANK('By Round'!K21),"",'By Round'!K21) | L6: =IF(ISBLANK('By Round'!L21),"",'By Round'!L21) | M6: =AVERAGE(AC6:AF6) | N6: =AVERAGE(AG6:AJ6) | O6: =IF(COUNT(U6:X6)>0,Q6/COUNT(U6:X6),0.5) | P6: =IF(COUNT(Y6:AB6)>0,R6/COUNT(Y6:AB6),0.5) | Q6: =SUM(U6:X6) | R6: =SUM(Y6:AB6) | S6: =IF(ISNUMBER(K6),K6,IF(ISNUMBER(L6),-L6,"")) | T6: =IF(ISNUMBER(L6),L6,IF(ISNUMBER(K6),-K6,"")) | U6: =IF(ISNUMBER(S6),IF(ISNUMBER(S3),IF(S6>S3,1.0,IF(S6=S3,0.5,0.0)),""),"") | V6: =IF(ISNUMBER(S6),IF(ISNUMBER(S4),IF(S6>S4,1.0,IF(S6=S4,0.5,0.0)),""),"") | W6: =IF(ISNUMBER(S6),IF(ISNUMBER(S5),IF(S6>S5,1.0,IF(S6=S5,0.5,0.0)),""),"") | X6: =IF(ISNUMBER(S6),IF(ISNUMBER(S7),IF(S6>S7,1.0,IF(S6=S7,0.5,0.0)),""),"") | Y6: =IF(ISNUMBER(T6),IF(ISNUMBER(T3),IF(T6>T3,1.0,IF(T6=T3,0.5,0.0)),""),"") | Z6: =IF(ISNUMBER(T6),IF(ISNUMBER(T4),IF(T6>T4,1.0,IF(T6=T4,0.5,0.0)),""),"") | AA6: =IF(ISNUMBER(T6),IF(ISNUMBER(T5),IF(T6>T5,1.0,IF(T6=T5,0.5,0.0)),""),"") | AB6: =IF(ISNUMBER(T6),IF(ISNUMBER(T7),IF(T6>T7,1.0,IF(T6=T7,0.5,0.0)),""),"") | AC6: =IF(AND(ISNUMBER(S6),ISNUMBER(S3)),VLOOKUP(ABS(S6-S3),'IMP Table'!$A$2:$C$26,3)*SIGN(S6-S3),0) | AD6: =IF(AND(ISNUMBER(S6),ISNUMBER(S4)),VLOOKUP(ABS(S6-S4),'IMP Table'!$A$2:$C$26,3)*SIGN(S6-S4),0) | AE6: =IF(AND(ISNUMBER(S6),ISNUMBER(S5)),VLOOKUP(ABS(S6-S5),'IMP Table'!$A$2:$C$26,3)*SIGN(S6-S5),0) | AF6: =IF(AND(ISNUMBER(S6),ISNUMBER(S7)),VLOOKUP(ABS(S6-S7),'IMP Table'!$A$2:$C$26,3)*SIGN(S6-S7),0) | AG6: =IF(AND(ISNUMBER(T6),ISNUMBER(T3)),VLOOKUP(ABS(T6-T3),'IMP Table'!$A$2:$C$26,3)*SIGN(T6-T3),0) | AH6: =IF(AND(ISNUMBER(T6),ISNUMBER(T4)),VLOOKUP(ABS(T6-T4),'IMP Table'!$A$2:$C$26,3)*SIGN(T6-T4),0) | AI6: =IF(AND(ISNUMBER(T6),ISNUMBER(T5)),VLOOKUP(ABS(T6-T5),'IMP Table'!$A$2:$C$26,3)*SIGN(T6-T5),0) | AJ6: =IF(AND(ISNUMBER(T6),ISNUMBER(T7)),VLOOKUP(ABS(T6-T7),'IMP Table'!$A$2:$C$26,3)*SIGN(T6-T7),0)
B7: ='By Round'!A83 | C7: ='By Round'!B85 | D7: ='By Round'!C85 | E7: ='By Round'!D85 | F7: =IF(ISBLANK('By Round'!F85),"",'By Round'!F85) | G7: =IF(ISBLANK('By Round'!G85),"",'By Round'!G85) | H7: =IF(ISBLANK('By Round'!H85),"",'By Round'!H85) | I7: =IF(ISBLANK('By Round'!I85),"",'By Round'!I85) | J7: =IF(ISBLANK('By Round'!J85),"",'By Round'!J85) | K7: =IF(ISBLANK('By Round'!K85),"",'By Round'!K85) | L7: =IF(ISBLANK('By Round'!L85),"",'By Round'!L85) | M7: =AVERAGE(AC7:AF7) | N7: =AVERAGE(AG7:AJ7) | O7: =IF(COUNT(U7:X7)>0,Q7/COUNT(U7:X7),0.5) | P7: =IF(COUNT(Y7:AB7)>0,R7/COUNT(Y7:AB7),0.5) | Q7: =SUM(U7:X7) | R7: =SUM(Y7:AB7) | S7: =IF(ISNUMBER(K7),K7,IF(ISNUMBER(L7),-L7,"")) | T7: =IF(ISNUMBER(L7),L7,IF(ISNUMBER(K7),-K7,"")) | U7: =IF(ISNUMBER(S7),IF(ISNUMBER(S3),IF(S7>S3,1.0,IF(S7=S3,0.5,0.0)),""),"") | V7: =IF(ISNUMBER(S7),IF(ISNUMBER(S4),IF(S7>S4,1.0,IF(S7=S4,0.5,0.0)),""),"") | W7: =IF(ISNUMBER(S7),IF(ISNUMBER(S5),IF(S7>S5,1.0,IF(S7=S5,0.5,0.0)),""),"") | X7: =IF(ISNUMBER(S7),IF(ISNUMBER(S6),IF(S7>S6,1.0,IF(S7=S6,0.5,0.0)),""),"") | Y7: =IF(ISNUMBER(T7),IF(ISNUMBER(T3),IF(T7>T3,1.0,IF(T7=T3,0.5,0.0)),""),"") | Z7: =IF(ISNUMBER(T7),IF(ISNUMBER(T4),IF(T7>T4,1.0,IF(T7=T4,0.5,0.0)),""),"") | AA7: =IF(ISNUMBER(T7),IF(ISNUMBER(T5),IF(T7>T5,1.0,IF(T7=T5,0.5,0.0)),""),"") | AB7: =IF(ISNUMBER(T7),IF(ISNUMBER(T6),IF(T7>T6,1.0,IF(T7=T6,0.5,0.0)),""),"") | AC7: =IF(AND(ISNUMBER(S7),ISNUMBER(S3)),VLOOKUP(ABS(S7-S3),'IMP Table'!$A$2:$C$26,3)*SIGN(S7-S3),0) | AD7: =IF(AND(ISNUMBER(S7),ISNUMBER(S4)),VLOOKUP(ABS(S7-S4),'IMP Table'!$A$2:$C$26,3)*SIGN(S7-S4),0) | AE7: =IF(AND(ISNUMBER(S7),ISNUMBER(S5)),VLOOKUP(ABS(S7-S5),'IMP Table'!$A$2:$C$26,3)*SIGN(S7-S5),0) | AF7: =IF(AND(ISNUMBER(S7),ISNUMBER(S6)),VLOOKUP(ABS(S7-S6),'IMP Table'!$A$2:$C$26,3)*SIGN(S7-S6),0) | AG7: =IF(AND(ISNUMBER(T7),ISNUMBER(T3)),VLOOKUP(ABS(T7-T3),'IMP Table'!$A$2:$C$26,3)*SIGN(T7-T3),0) | AH7: =IF(AND(ISNUMBER(T7),ISNUMBER(T4)),VLOOKUP(ABS(T7-T4),'IMP Table'!$A$2:$C$26,3)*SIGN(T7-T4),0) | AI7: =IF(AND(ISNUMBER(T7),ISNUMBER(T5)),VLOOKUP(ABS(T7-T5),'IMP Table'!$A$2:$C$26,3)*SIGN(T7-T5),0) | AJ7: =IF(AND(ISNUMBER(T7),ISNUMBER(T6)),VLOOKUP(ABS(T7-T6),'IMP Table'!$A$2:$C$26,3)*SIGN(T7-T6),0)
A8: 2 | B8: ='By Round'!A3 | C8: ='By Round'!B3 | D8: ='By Round'!C3 | E8: ='By Round'!D3 | F8: =IF(ISBLANK('By Round'!F4),"",'By Round'!F4) | G8: =IF(ISBLANK('By Round'!G4),"",'By Round'!G4) | H8: =IF(ISBLANK('By Round'!H4),"",'By Round'!H4) | I8: =IF(ISBLANK('By Round'!I4),"",'By Round'!I4) | J8: =IF(ISBLANK('By Round'!J4),"",'By Round'!J4) | K8: =IF(ISBLANK('By Round'!K4),"",'By Round'!K4) | L8: =IF(ISBLANK('By Round'!L4),"",'By Round'!L4) | M8: =AVERAGE(AC8:AF8) | N8: =AVERAGE(AG8:AJ8) | O8: =IF(COUNT(U8:X8)>0,Q8/COUNT(U8:X8),0.5) | P8: =IF(COUNT(Y8:AB8)>0,R8/COUNT(Y8:AB8),0.5) | Q8: =SUM(U8:X8) | R8: =SUM(Y8:AB8) | S8: =IF(ISNUMBER(K8),K8,IF(ISNUMBER(L8),-L8,"")) | T8: =IF(ISNUMBER(L8),L8,IF(ISNUMBER(K8),-K8,"")) | U8: =IF(ISNUMBER(S8),IF(ISNUMBER(S9),IF(S8>S9,1.0,IF(S8=S9,0.5,0.0)),""),"") | V8: =IF(ISNUMBER(S8),IF(ISNUMBER(S10),IF(S8>S10,1.0,IF(S8=S10,0.5,0.0)),""),"") | W8: =IF(ISNUMBER(S8),IF(ISNUMBER(S11),IF(S8>S11,1.0,IF(S8=S11,0.5,0.0)),""),"") | X8: =IF(ISNUMBER(S8),IF(ISNUMBER(S12),IF(S8>S12,1.0,IF(S8=S12,0.5,0.0)),""),"") | Y8: =IF(ISNUMBER(T8),IF(ISNUMBER(T9),IF(T8>T9,1.0,IF(T8=T9,0.5,0.0)),""),"") | Z8: =IF(ISNUMBER(T8),IF(ISNUMBER(T10),IF(T8>T10,1.0,IF(T8=T10,0.5,0.0)),""),"") | AA8: =IF(ISNUMBER(T8),IF(ISNUMBER(T11),IF(T8>T11,1.0,IF(T8=T11,0.5,0.0)),""),"") | AB8: =IF(ISNUMBER(T8),IF(ISNUMBER(T12),IF(T8>T12,1.0,IF(T8=T12,0.5,0.0)),""),"") | AC8: =IF(AND(ISNUMBER(S8),ISNUMBER(S9)),VLOOKUP(ABS(S8-S9),'IMP Table'!$A$2:$C$26,3)*SIGN(S8-S9),0) | AD8: =IF(AND(ISNUMBER(S8),ISNUMBER(S10)),VLOOKUP(ABS(S8-S10),'IMP Table'!$A$2:$C$26,3)*SIGN(S8-S10),0) | AE8: =IF(AND(ISNUMBER(S8),ISNUMBER(S11)),VLOOKUP(ABS(S8-S11),'IMP Table'!$A$2:$C$26,3)*SIGN(S8-S11),0) | AF8: =IF(AND(ISNUMBER(S8),ISNUMBER(S12)),VLOOKUP(ABS(S8-S12),'IMP Table'!$A$2:$C$26,3)*SIGN(S8-S12),0) | AG8: =IF(AND(ISNUMBER(T8),ISNUMBER(T9)),VLOOKUP(ABS(T8-T9),'IMP Table'!$A$2:$C$26,3)*SIGN(T8-T9),0) | AH8: =IF(AND(ISNUMBER(T8),ISNUMBER(T10)),VLOOKUP(ABS(T8-T10),'IMP Table'!$A$2:$C$26,3)*SIGN(T8-T10),0) | AI8: =IF(AND(ISNUMBER(T8),ISNUMBER(T11)),VLOOKUP(ABS(T8-T11),'IMP Table'!$A$2:$C$26,3)*SIGN(T8-T11),0) | AJ8: =IF(AND(ISNUMBER(T8),ISNUMBER(T12)),VLOOKUP(ABS(T8-T12),'IMP Table'!$A$2:$C$26,3)*SIGN(T8-T12),0)
B9: ='By Round'!A73 | C9: ='By Round'!B77 | D9: ='By Round'!C77 | E9: ='By Round'!D77 | F9: =IF(ISBLANK('By Round'!F78),"",'By Round'!F78) | G9: =IF(ISBLANK('By Round'!G78),"",'By Round'!G78) | H9: =IF(ISBLANK('By Round'!H78),"",'By Round'!H78) | I9: =IF(ISBLANK('By Round'!I78),"",'By Round'!I78) | J9: =IF(ISBLANK('By Round'!J78),"",'By Round'!J78) | K9: =IF(ISBLANK('By Round'!K78),"",'By Round'!K78) | L9: =IF(ISBLANK('By Round'!L78),"",'By Round'!L78) | M9: =AVERAGE(AC9:AF9) | N9: =AVERAGE(AG9:AJ9) | O9: =IF(COUNT(U9:X9)>0,Q9/COUNT(U9:X9),0.5) | P9: =IF(COUNT(Y9:AB9)>0,R9/COUNT(Y9:AB9),0.5) | Q9: =SUM(U9:X9) | R9: =SUM(Y9:AB9) | S9: =IF(ISNUMBER(K9),K9,IF(ISNUMBER(L9),-L9,"")) | T9: =IF(ISNUMBER(L9),L9,IF(ISNUMBER(K9),-K9,"")) | U9: =IF(ISNUMBER(S9),IF(ISNUMBER(S8),IF(S9>S8,1.0,IF(S9=S8,0.5,0.0)),""),"") | V9: =IF(ISNUMBER(S9),IF(ISNUMBER(S10),IF(S9>S10,1.0,IF(S9=S10,0.5,0.0)),""),"") | W9: =IF(ISNUMBER(S9),IF(ISNUMBER(S11),IF(S9>S11,1.0,IF(S9=S11,0.5,0.0)),""),"") | X9: =IF(ISNUMBER(S9),IF(ISNUMBER(S12),IF(S9>S12,1.0,IF(S9=S12,0.5,0.0)),""),"") | Y9: =IF(ISNUMBER(T9),IF(ISNUMBER(T8),IF(T9>T8,1.0,IF(T9=T8,0.5,0.0)),""),"") | Z9: =IF(ISNUMBER(T9),IF(ISNUMBER(T10),IF(T9>T10,1.0,IF(T9=T10,0.5,0.0)),""),"") | AA9: =IF(ISNUMBER(T9),IF(ISNUMBER(T11),IF(T9>T11,1.0,IF(T9=T11,0.5,0.0)),""),"") | AB9: =IF(ISNUMBER(T9),IF(ISNUMBER(T12),IF(T9>T12,1.0,IF(T9=T12,0.5,0.0)),""),"") | AC9: =IF(AND(ISNUMBER(S9),ISNUMBER(S8)),VLOOKUP(ABS(S9-S8),'IMP Table'!$A$2:$C$26,3)*SIGN(S9-S8),0) | AD9: =IF(AND(ISNUMBER(S9),ISNUMBER(S10)),VLOOKUP(ABS(S9-S10),'IMP Table'!$A$2:$C$26,3)*SIGN(S9-S10),0) | AE9: =IF(AND(ISNUMBER(S9),ISNUMBER(S11)),VLOOKUP(ABS(S9-S11),'IMP Table'!$A$2:$C$26,3)*SIGN(S9-S11),0) | AF9: =IF(AND(ISNUMBER(S9),ISNUMBER(S12)),VLOOKUP(ABS(S9-S12),'IMP Table'!$A$2:$C$26,3)*SIGN(S9-S12),0) | AG9: =IF(AND(ISNUMBER(T9),ISNUMBER(T8)),VLOOKUP(ABS(T9-T8),'IMP Table'!$A$2:$C$26,3)*SIGN(T9-T8),0) | AH9: =IF(AND(ISNUMBER(T9),ISNUMBER(T10)),VLOOKUP(ABS(T9-T10),'IMP Table'!$A$2:$C$26,3)*SIGN(T9-T10),0) | AI9: =IF(AND(ISNUMBER(T9),ISNUMBER(T11)),VLOOKUP(ABS(T9-T11),'IMP Table'!$A$2:$C$26,3)*SIGN(T9-T11),0) | AJ9: =IF(AND(ISNUMBER(T9),ISNUMBER(T12)),VLOOKUP(ABS(T9-T12),'IMP Table'!$A$2:$C$26,3)*SIGN(T9-T12),0)
B10: ='By Round'!A23 | C10: ='By Round'!B29 | D10: ='By Round'!C29 | E10: ='By Round'!D29 | F10: =IF(ISBLANK('By Round'!F30),"",'By Round'!F30) | G10: =IF(ISBLANK('By Round'!G30),"",'By Round'!G30) | H10: =IF(ISBLANK('By Round'!H30),"",'By Round'!H30) | I10: =IF(ISBLANK('By Round'!I30),"",'By Round'!I30) | J10: =IF(ISBLANK('By Round'!J30),"",'By Round'!J30) | K10: =IF(ISBLANK('By Round'!K30),"",'By Round'!K30) | L10: =IF(ISBLANK('By Round'!L30),"",'By Round'!L30) | M10: =AVERAGE(AC10:AF10) | N10: =AVERAGE(AG10:AJ10) | O10: =IF(COUNT(U10:X10)>0,Q10/COUNT(U10:X10),0.5) | P10: =IF(COUNT(Y10:AB10)>0,R10/COUNT(Y10:AB10),0.5) | Q10: =SUM(U10:X10) | R10: =SUM(Y10:AB10) | S10: =IF(ISNUMBER(K10),K10,IF(ISNUMBER(L10),-L10,"")) | T10: =IF(ISNUMBER(L10),L10,IF(ISNUMBER(K10),-K10,"")) | U10: =IF(ISNUMBER(S10),IF(ISNUMBER(S8),IF(S10>S8,1.0,IF(S10=S8,0.5,0.0)),""),"") | V10: =IF(ISNUMBER(S10),IF(ISNUMBER(S9),IF(S10>S9,1.0,IF(S10=S9,0.5,0.0)),""),"") | W10: =IF(ISNUMBER(S10),IF(ISNUMBER(S11),IF(S10>S11,1.0,IF(S10=S11,0.5,0.0)),""),"") | X10: =IF(ISNUMBER(S10),IF(ISNUMBER(S12),IF(S10>S12,1.0,IF(S10=S12,0.5,0.0)),""),"") | Y10: =IF(ISNUMBER(T10),IF(ISNUMBER(T8),IF(T10>T8,1.0,IF(T10=T8,0.5,0.0)),""),"") | Z10: =IF(ISNUMBER(T10),IF(ISNUMBER(T9),IF(T10>T9,1.0,IF(T10=T9,0.5,0.0)),""),"") | AA10: =IF(ISNUMBER(T10),IF(ISNUMBER(T11),IF(T10>T11,1.0,IF(T10=T11,0.5,0.0)),""),"") | AB10: =IF(ISNUMBER(T10),IF(ISNUMBER(T12),IF(T10>T12,1.0,IF(T10=T12,0.5,0.0)),""),"") | AC10: =IF(AND(ISNUMBER(S10),ISNUMBER(S8)),VLOOKUP(ABS(S10-S8),'IMP Table'!$A$2:$C$26,3)*SIGN(S10-S8),0) | AD10: =IF(AND(ISNUMBER(S10),ISNUMBER(S9)),VLOOKUP(ABS(S10-S9),'IMP Table'!$A$2:$C$26,3)*SIGN(S10-S9),0) | AE10: =IF(AND(ISNUMBER(S10),ISNUMBER(S11)),VLOOKUP(ABS(S10-S11),'IMP Table'!$A$2:$C$26,3)*SIGN(S10-S11),0) | AF10: =IF(AND(ISNUMBER(S10),ISNUMBER(S12)),VLOOKUP(ABS(S10-S12),'IMP Table'!$A$2:$C$26,3)*SIGN(S10-S12),0) | AG10: =IF(AND(ISNUMBER(T10),ISNUMBER(T8)),VLOOKUP(ABS(T10-T8),'IMP Table'!$A$2:$C$26,3)*SIGN(T10-T8),0) | AH10: =IF(AND(ISNUMBER(T10),ISNUMBER(T9)),VLOOKUP(ABS(T10-T9),'IMP Table'!$A$2:$C$26,3)*SIGN(T10-T9),0) | AI10: =IF(AND(ISNUMBER(T10),ISNUMBER(T11)),VLOOKUP(ABS(T10-T11),'IMP Table'!$A$2:$C$26,3)*SIGN(T10-T11),0) | AJ10: =IF(AND(ISNUMBER(T10),ISNUMBER(T12)),VLOOKUP(ABS(T10-T12),'IMP Table'!$A$2:$C$26,3)*SIGN(T10-T12),0)
B11: ='By Round'!A13 | C11: ='By Round'!B21 | D11: ='By Round'!C21 | E11: ='By Round'!D21 | F11: =IF(ISBLANK('By Round'!F22),"",'By Round'!F22) | G11: =IF(ISBLANK('By Round'!G22),"",'By Round'!G22) | H11: =IF(ISBLANK('By Round'!H22),"",'By Round'!H22) | I11: =IF(ISBLANK('By Round'!I22),"",'By Round'!I22) | J11: =IF(ISBLANK('By Round'!J22),"",'By Round'!J22) | K11: =IF(ISBLANK('By Round'!K22),"",'By Round'!K22) | L11: =IF(ISBLANK('By Round'!L22),"",'By Round'!L22) | M11: =AVERAGE(AC11:AF11) | N11: =AVERAGE(AG11:AJ11) | O11: =IF(COUNT(U11:X11)>0,Q11/COUNT(U11:X11),0.5) | P11: =IF(COUNT(Y11:AB11)>0,R11/COUNT(Y11:AB11),0.5) | Q11: =SUM(U11:X11) | R11: =SUM(Y11:AB11) | S11: =IF(ISNUMBER(K11),K11,IF(ISNUMBER(L11),-L11,"")) | T11: =IF(ISNUMBER(L11),L11,IF(ISNUMBER(K11),-K11,"")) | U11: =IF(ISNUMBER(S11),IF(ISNUMBER(S8),IF(S11>S8,1.0,IF(S11=S8,0.5,0.0)),""),"") | V11: =IF(ISNUMBER(S11),IF(ISNUMBER(S9),IF(S11>S9,1.0,IF(S11=S9,0.5,0.0)),""),"") | W11: =IF(ISNUMBER(S11),IF(ISNUMBER(S10),IF(S11>S10,1.0,IF(S11=S10,0.5,0.0)),""),"") | X11: =IF(ISNUMBER(S11),IF(ISNUMBER(S12),IF(S11>S12,1.0,IF(S11=S12,0.5,0.0)),""),"") | Y11: =IF(ISNUMBER(T11),IF(ISNUMBER(T8),IF(T11>T8,1.0,IF(T11=T8,0.5,0.0)),""),"") | Z11: =IF(ISNUMBER(T11),IF(ISNUMBER(T9),IF(T11>T9,1.0,IF(T11=T9,0.5,0.0)),""),"") | AA11: =IF(ISNUMBER(T11),IF(ISNUMBER(T10),IF(T11>T10,1.0,IF(T11=T10,0.5,0.0)),""),"") | AB11: =IF(ISNUMBER(T11),IF(ISNUMBER(T12),IF(T11>T12,1.0,IF(T11=T12,0.5,0.0)),""),"") | AC11: =IF(AND(ISNUMBER(S11),ISNUMBER(S8)),VLOOKUP(ABS(S11-S8),'IMP Table'!$A$2:$C$26,3)*SIGN(S11-S8),0) | AD11: =IF(AND(ISNUMBER(S11),ISNUMBER(S9)),VLOOKUP(ABS(S11-S9),'IMP Table'!$A$2:$C$26,3)*SIGN(S11-S9),0) | AE11: =IF(AND(ISNUMBER(S11),ISNUMBER(S10)),VLOOKUP(ABS(S11-S10),'IMP Table'!$A$2:$C$26,3)*SIGN(S11-S10),0) | AF11: =IF(AND(ISNUMBER(S11),ISNUMBER(S12)),VLOOKUP(ABS(S11-S12),'IMP Table'!$A$2:$C$26,3)*SIGN(S11-S12),0) | AG11: =IF(AND(ISNUMBER(T11),ISNUMBER(T8)),VLOOKUP(ABS(T11-T8),'IMP Table'!$A$2:$C$26,3)*SIGN(T11-T8),0) | AH11: =IF(AND(ISNUMBER(T11),ISNUMBER(T9)),VLOOKUP(ABS(T11-T9),'IMP Table'!$A$2:$C$26,3)*SIGN(T11-T9),0) | AI11: =IF(AND(ISNUMBER(T11),ISNUMBER(T10)),VLOOKUP(ABS(T11-T10),'IMP Table'!$A$2:$C$26,3)*SIGN(T11-T10),0) | AJ11: =IF(AND(ISNUMBER(T11),ISNUMBER(T12)),VLOOKUP(ABS(T11-T12),'IMP Table'!$A$2:$C$26,3)*SIGN(T11-T12),0)
B12: ='By Round'!A83 | C12: ='By Round'!B85 | D12: ='By Round'!C85 | E12: ='By Round'!D85 | F12: =IF(ISBLANK('By Round'!F86),"",'By Round'!F86) | G12: =IF(ISBLANK('By Round'!G86),"",'By Round'!G86) | H12: =IF(ISBLANK('By Round'!H86),"",'By Round'!H86) | I12: =IF(ISBLANK('By Round'!I86),"",'By Round'!I86) | J12: =IF(ISBLANK('By Round'!J86),"",'By Round'!J86) | K12: =IF(ISBLANK('By Round'!K86),"",'By Round'!K86) | L12: =IF(ISBLANK('By Round'!L86),"",'By Round'!L86) | M12: =AVERAGE(AC12:AF12) | N12: =AVERAGE(AG12:AJ12) | O12: =IF(COUNT(U12:X12)>0,Q12/COUNT(U12:X12),0.5) | P12: =IF(COUNT(Y12:AB12)>0,R12/COUNT(Y12:AB12),0.5) | Q12: =SUM(U12:X12) | R12: =SUM(Y12:AB12) | S12: =IF(ISNUMBER(K12),K12,IF(ISNUMBER(L12),-L12,"")) | T12: =IF(ISNUMBER(L12),L12,IF(ISNUMBER(K12),-K12,"")) | U12: =IF(ISNUMBER(S12),IF(ISNUMBER(S8),IF(S12>S8,1.0,IF(S12=S8,0.5,0.0)),""),"") | V12: =IF(ISNUMBER(S12),IF(ISNUMBER(S9),IF(S12>S9,1.0,IF(S12=S9,0.5,0.0)),""),"") | W12: =IF(ISNUMBER(S12),IF(ISNUMBER(S10),IF(S12>S10,1.0,IF(S12=S10,0.5,0.0)),""),"") | X12: =IF(ISNUMBER(S12),IF(ISNUMBER(S11),IF(S12>S11,1.0,IF(S12=S11,0.5,0.0)),""),"") | Y12: =IF(ISNUMBER(T12),IF(ISNUMBER(T8),IF(T12>T8,1.0,IF(T12=T8,0.5,0.0)),""),"") | Z12: =IF(ISNUMBER(T12),IF(ISNUMBER(T9),IF(T12>T9,1.0,IF(T12=T9,0.5,0.0)),""),"") | AA12: =IF(ISNUMBER(T12),IF(ISNUMBER(T10),IF(T12>T10,1.0,IF(T12=T10,0.5,0.0)),""),"") | AB12: =IF(ISNUMBER(T12),IF(ISNUMBER(T11),IF(T12>T11,1.0,IF(T12=T11,0.5,0.0)),""),"") | AC12: =IF(AND(ISNUMBER(S12),ISNUMBER(S8)),VLOOKUP(ABS(S12-S8),'IMP Table'!$A$2:$C$26,3)*SIGN(S12-S8),0) | AD12: =IF(AND(ISNUMBER(S12),ISNUMBER(S9)),VLOOKUP(ABS(S12-S9),'IMP Table'!$A$2:$C$26,3)*SIGN(S12-S9),0) | AE12: =IF(AND(ISNUMBER(S12),ISNUMBER(S10)),VLOOKUP(ABS(S12-S10),'IMP Table'!$A$2:$C$26,3)*SIGN(S12-S10),0) | AF12: =IF(AND(ISNUMBER(S12),ISNUMBER(S11)),VLOOKUP(ABS(S12-S11),'IMP Table'!$A$2:$C$26,3)*SIGN(S12-S11),0) | AG12: =IF(AND(ISNUMBER(T12),ISNUMBER(T8)),VLOOKUP(ABS(T12-T8),'IMP Table'!$A$2:$C$26,3)*SIGN(T12-T8),0) | AH12: =IF(AND(ISNUMBER(T12),ISNUMBER(T9)),VLOOKUP(ABS(T12-T9),'IMP Table'!$A$2:$C$26,3)*SIGN(T12-T9),0) | AI12: =IF(AND(ISNUMBER(T12),ISNUMBER(T10)),VLOOKUP(ABS(T12-T10),'IMP Table'!$A$2:$C$26,3)*SIGN(T12-T10),0) | AJ12: =IF(AND(ISNUMBER(T12),ISNUMBER(T11)),VLOOKUP(ABS(T12-T11),'IMP Table'!$A$2:$C$26,3)*SIGN(T12-T11),0)
A13: 3 | B13: ='By Round'!A13 | C13: ='By Round'!B13 | D13: ='By Round'!C13 | E13: ='By Round'!D13 | F13: =IF(ISBLANK('By Round'!F13),"",'By Round'!F13) | G13: =IF(ISBLANK('By Round'!G13),"",'By Round'!G13) | H13: =IF(ISBLANK('By Round'!H13),"",'By Round'!H13) | I13: =IF(ISBLANK('By Round'!I13),"",'By Round'!I13) | J13: =IF(ISBLANK('By Round'!J13),"",'By Round'!J13) | K13: =IF(ISBLANK('By Round'!K13),"",'By Round'!K13) | L13: =IF(ISBLANK('By Round'!L13),"",'By Round'!L13) | M13: =AVERAGE(AC13:AF13) | N13: =AVERAGE(AG13:AJ13) | O13: =IF(COUNT(U13:X13)>0,Q13/COUNT(U13:X13),0.5) | P13: =IF(COUNT(Y13:AB13)>0,R13/COUNT(Y13:AB13),0.5) | Q13: =SUM(U13:X13) | R13: =SUM(Y13:AB13) | S13: =IF(ISNUMBER(K13),K13,IF(ISNUMBER(L13),-L13,"")) | T13: =IF(ISNUMBER(L13),L13,IF(ISNUMBER(K13),-K13,"")) | U13: =IF(ISNUMBER(S13),IF(ISNUMBER(S14),IF(S13>S14,1.0,IF(S13=S14,0.5,0.0)),""),"") | V13: =IF(ISNUMBER(S13),IF(ISNUMBER(S15),IF(S13>S15,1.0,IF(S13=S15,0.5,0.0)),""),"") | W13: =IF(ISNUMBER(S13),IF(ISNUMBER(S16),IF(S13>S16,1.0,IF(S13=S16,0.5,0.0)),""),"") | X13: =IF(ISNUMBER(S13),IF(ISNUMBER(S17),IF(S13>S17,1.0,IF(S13=S17,0.5,0.0)),""),"") | Y13: =IF(ISNUMBER(T13),IF(ISNUMBER(T14),IF(T13>T14,1.0,IF(T13=T14,0.5,0.0)),""),"") | Z13: =IF(ISNUMBER(T13),IF(ISNUMBER(T15),IF(T13>T15,1.0,IF(T13=T15,0.5,0.0)),""),"") | AA13: =IF(ISNUMBER(T13),IF(ISNUMBER(T16),IF(T13>T16,1.0,IF(T13=T16,0.5,0.0)),""),"") | AB13: =IF(ISNUMBER(T13),IF(ISNUMBER(T17),IF(T13>T17,1.0,IF(T13=T17,0.5,0.0)),""),"") | AC13: =IF(AND(ISNUMBER(S13),ISNUMBER(S14)),VLOOKUP(ABS(S13-S14),'IMP Table'!$A$2:$C$26,3)*SIGN(S13-S14),0) | AD13: =IF(AND(ISNUMBER(S13),ISNUMBER(S15)),VLOOKUP(ABS(S13-S15),'IMP Table'!$A$2:$C$26,3)*SIGN(S13-S15),0) | AE13: =IF(AND(ISNUMBER(S13),ISNUMBER(S16)),VLOOKUP(ABS(S13-S16),'IMP Table'!$A$2:$C$26,3)*SIGN(S13-S16),0) | AF13: =IF(AND(ISNUMBER(S13),ISNUMBER(S17)),VLOOKUP(ABS(S13-S17),'IMP Table'!$A$2:$C$26,3)*SIGN(S13-S17),0) | AG13: =IF(AND(ISNUMBER(T13),ISNUMBER(T14)),VLOOKUP(ABS(T13-T14),'IMP Table'!$A$2:$C$26,3)*SIGN(T13-T14),0) | AH13: =IF(AND(ISNUMBER(T13),ISNUMBER(T15)),VLOOKUP(ABS(T13-T15),'IMP Table'!$A$2:$C$26,3)*SIGN(T13-T15),0) | AI13: =IF(AND(ISNUMBER(T13),ISNUMBER(T16)),VLOOKUP(ABS(T13-T16),'IMP Table'!$A$2:$C$26,3)*SIGN(T13-T16),0) | AJ13: =IF(AND(ISNUMBER(T13),ISNUMBER(T17)),VLOOKUP(ABS(T13-T17),'IMP Table'!$A$2:$C$26,3)*SIGN(T13-T17),0)
B14: ='By Round'!A83 | C14: ='By Round'!B87 | D14: ='By Round'!C87 | E14: ='By Round'!D87 | F14: =IF(ISBLANK('By Round'!F87),"",'By Round'!F87) | G14: =IF(ISBLANK('By Round'!G87),"",'By Round'!G87) | H14: =IF(ISBLANK('By Round'!H87),"",'By Round'!H87) | I14: =IF(ISBLANK('By Round'!I87),"",'By Round'!I87) | J14: =IF(ISBLANK('By Round'!J87),"",'By Round'!J87) | K14: =IF(ISBLANK('By Round'!K87),"",'By Round'!K87) | L14: =IF(ISBLANK('By Round'!L87),"",'By Round'!L87) | M14: =AVERAGE(AC14:AF14) | N14: =AVERAGE(AG14:AJ14) | O14: =IF(COUNT(U14:X14)>0,Q14/COUNT(U14:X14),0.5) | P14: =IF(COUNT(Y14:AB14)>0,R14/COUNT(Y14:AB14),0.5) | Q14: =SUM(U14:X14) | R14: =SUM(Y14:AB14) | S14: =IF(ISNUMBER(K14),K14,IF(ISNUMBER(L14),-L14,"")) | T14: =IF(ISNUMBER(L14),L14,IF(ISNUMBER(K14),-K14,"")) | U14: =IF(ISNUMBER(S14),IF(ISNUMBER(S13),IF(S14>S13,1.0,IF(S14=S13,0.5,0.0)),""),"") | V14: =IF(ISNUMBER(S14),IF(ISNUMBER(S15),IF(S14>S15,1.0,IF(S14=S15,0.5,0.0)),""),"") | W14: =IF(ISNUMBER(S14),IF(ISNUMBER(S16),IF(S14>S16,1.0,IF(S14=S16,0.5,0.0)),""),"") | X14: =IF(ISNUMBER(S14),IF(ISNUMBER(S17),IF(S14>S17,1.0,IF(S14=S17,0.5,0.0)),""),"") | Y14: =IF(ISNUMBER(T14),IF(ISNUMBER(T13),IF(T14>T13,1.0,IF(T14=T13,0.5,0.0)),""),"") | Z14: =IF(ISNUMBER(T14),IF(ISNUMBER(T15),IF(T14>T15,1.0,IF(T14=T15,0.5,0.0)),""),"") | AA14: =IF(ISNUMBER(T14),IF(ISNUMBER(T16),IF(T14>T16,1.0,IF(T14=T16,0.5,0.0)),""),"") | AB14: =IF(ISNUMBER(T14),IF(ISNUMBER(T17),IF(T14>T17,1.0,IF(T14=T17,0.5,0.0)),""),"") | AC14: =IF(AND(ISNUMBER(S14),ISNUMBER(S13)),VLOOKUP(ABS(S14-S13),'IMP Table'!$A$2:$C$26,3)*SIGN(S14-S13),0) | AD14: =IF(AND(ISNUMBER(S14),ISNUMBER(S15)),VLOOKUP(ABS(S14-S15),'IMP Table'!$A$2:$C$26,3)*SIGN(S14-S15),0) | AE14: =IF(AND(ISNUMBER(S14),ISNUMBER(S16)),VLOOKUP(ABS(S14-S16),'IMP Table'!$A$2:$C$26,3)*SIGN(S14-S16),0) | AF14: =IF(AND(ISNUMBER(S14),ISNUMBER(S17)),VLOOKUP(ABS(S14-S17),'IMP Table'!$A$2:$C$26,3)*SIGN(S14-S17),0) | AG14: =IF(AND(ISNUMBER(T14),ISNUMBER(T13)),VLOOKUP(ABS(T14-T13),'IMP Table'!$A$2:$C$26,3)*SIGN(T14-T13),0) | AH14: =IF(AND(ISNUMBER(T14),ISNUMBER(T15)),VLOOKUP(ABS(T14-T15),'IMP Table'!$A$2:$C$26,3)*SIGN(T14-T15),0) | AI14: =IF(AND(ISNUMBER(T14),ISNUMBER(T16)),VLOOKUP(ABS(T14-T16),'IMP Table'!$A$2:$C$26,3)*SIGN(T14-T16),0) | AJ14: =IF(AND(ISNUMBER(T14),ISNUMBER(T17)),VLOOKUP(ABS(T14-T17),'IMP Table'!$A$2:$C$26,3)*SIGN(T14-T17),0)
B15: ='By Round'!A33 | C15: ='By Round'!B39 | D15: ='By Round'!C39 | E15: ='By Round'!D39 | F15: =IF(ISBLANK('By Round'!F39),"",'By Round'!F39) | G15: =IF(ISBLANK('By Round'!G39),"",'By Round'!G39) | H15: =IF(ISBLANK('By Round'!H39),"",'By Round'!H39) | I15: =IF(ISBLANK('By Round'!I39),"",'By Round'!I39) | J15: =IF(ISBLANK('By Round'!J39),"",'By Round'!J39) | K15: =IF(ISBLANK('By Round'!K39),"",'By Round'!K39) | L15: =IF(ISBLANK('By Round'!L39),"",'By Round'!L39) | M15: =AVERAGE(AC15:AF15) | N15: =AVERAGE(AG15:AJ15) | O15: =IF(COUNT(U15:X15)>0,Q15/COUNT(U15:X15),0.5) | P15: =IF(COUNT(Y15:AB15)>0,R15/COUNT(Y15:AB15),0.5) | Q15: =SUM(U15:X15) | R15: =SUM(Y15:AB15) | S15: =IF(ISNUMBER(K15),K15,IF(ISNUMBER(L15),-L15,"")) | T15: =IF(ISNUMBER(L15),L15,IF(ISNUMBER(K15),-K15,"")) | U15: =IF(ISNUMBER(S15),IF(ISNUMBER(S13),IF(S15>S13,1.0,IF(S15=S13,0.5,0.0)),""),"") | V15: =IF(ISNUMBER(S15),IF(ISNUMBER(S14),IF(S15>S14,1.0,IF(S15=S14,0.5,0.0)),""),"") | W15: =IF(ISNUMBER(S15),IF(ISNUMBER(S16),IF(S15>S16,1.0,IF(S15=S16,0.5,0.0)),""),"") | X15: =IF(ISNUMBER(S15),IF(ISNUMBER(S17),IF(S15>S17,1.0,IF(S15=S17,0.5,0.0)),""),"") | Y15: =IF(ISNUMBER(T15),IF(ISNUMBER(T13),IF(T15>T13,1.0,IF(T15=T13,0.5,0.0)),""),"") | Z15: =IF(ISNUMBER(T15),IF(ISNUMBER(T14),IF(T15>T14,1.0,IF(T15=T14,0.5,0.0)),""),"") | AA15: =IF(ISNUMBER(T15),IF(ISNUMBER(T16),IF(T15>T16,1.0,IF(T15=T16,0.5,0.0)),""),"") | AB15: =IF(ISNUMBER(T15),IF(ISNUMBER(T17),IF(T15>T17,1.0,IF(T15=T17,0.5,0.0)),""),"") | AC15: =IF(AND(ISNUMBER(S15),ISNUMBER(S13)),VLOOKUP(ABS(S15-S13),'IMP Table'!$A$2:$C$26,3)*SIGN(S15-S13),0) | AD15: =IF(AND(ISNUMBER(S15),ISNUMBER(S14)),VLOOKUP(ABS(S15-S14),'IMP Table'!$A$2:$C$26,3)*SIGN(S15-S14),0) | AE15: =IF(AND(ISNUMBER(S15),ISNUMBER(S16)),VLOOKUP(ABS(S15-S16),'IMP Table'!$A$2:$C$26,3)*SIGN(S15-S16),0) | AF15: =IF(AND(ISNUMBER(S15),ISNUMBER(S17)),VLOOKUP(ABS(S15-S17),'IMP Table'!$A$2:$C$26,3)*SIGN(S15-S17),0) | AG15: =IF(AND(ISNUMBER(T15),ISNUMBER(T13)),VLOOKUP(ABS(T15-T13),'IMP Table'!$A$2:$C$26,3)*SIGN(T15-T13),0) | AH15: =IF(AND(ISNUMBER(T15),ISNUMBER(T14)),VLOOKUP(ABS(T15-T14),'IMP Table'!$A$2:$C$26,3)*SIGN(T15-T14),0) | AI15: =IF(AND(ISNUMBER(T15),ISNUMBER(T16)),VLOOKUP(ABS(T15-T16),'IMP Table'!$A$2:$C$26,3)*SIGN(T15-T16),0) | AJ15: =IF(AND(ISNUMBER(T15),ISNUMBER(T17)),VLOOKUP(ABS(T15-T17),'IMP Table'!$A$2:$C$26,3)*SIGN(T15-T17),0)
B16: ='By Round'!A23 | C16: ='By Round'!B31 | D16: ='By Round'!C31 | E16: ='By Round'!D31 | F16: =IF(ISBLANK('By Round'!F31),"",'By Round'!F31) | G16: =IF(ISBLANK('By Round'!G31),"",'By Round'!G31) | H16: =IF(ISBLANK('By Round'!H31),"",'By Round'!H31) | I16: =IF(ISBLANK('By Round'!I31),"",'By Round'!I31) | J16: =IF(ISBLANK('By Round'!J31),"",'By Round'!J31) | K16: =IF(ISBLANK('By Round'!K31),"",'By Round'!K31) | L16: =IF(ISBLANK('By Round'!L31),"",'By Round'!L31) | M16: =AVERAGE(AC16:AF16) | N16: =AVERAGE(AG16:AJ16) | O16: =IF(COUNT(U16:X16)>0,Q16/COUNT(U16:X16),0.5) | P16: =IF(COUNT(Y16:AB16)>0,R16/COUNT(Y16:AB16),0.5) | Q16: =SUM(U16:X16) | R16: =SUM(Y16:AB16) | S16: =IF(ISNUMBER(K16),K16,IF(ISNUMBER(L16),-L16,"")) | T16: =IF(ISNUMBER(L16),L16,IF(ISNUMBER(K16),-K16,"")) | U16: =IF(ISNUMBER(S16),IF(ISNUMBER(S13),IF(S16>S13,1.0,IF(S16=S13,0.5,0.0)),""),"") | V16: =IF(ISNUMBER(S16),IF(ISNUMBER(S14),IF(S16>S14,1.0,IF(S16=S14,0.5,0.0)),""),"") | W16: =IF(ISNUMBER(S16),IF(ISNUMBER(S15),IF(S16>S15,1.0,IF(S16=S15,0.5,0.0)),""),"") | X16: =IF(ISNUMBER(S16),IF(ISNUMBER(S17),IF(S16>S17,1.0,IF(S16=S17,0.5,0.0)),""),"") | Y16: =IF(ISNUMBER(T16),IF(ISNUMBER(T13),IF(T16>T13,1.0,IF(T16=T13,0.5,0.0)),""),"") | Z16: =IF(ISNUMBER(T16),IF(ISNUMBER(T14),IF(T16>T14,1.0,IF(T16=T14,0.5,0.0)),""),"") | AA16: =IF(ISNUMBER(T16),IF(ISNUMBER(T15),IF(T16>T15,1.0,IF(T16=T15,0.5,0.0)),""),"") | AB16: =IF(ISNUMBER(T16),IF(ISNUMBER(T17),IF(T16>T17,1.0,IF(T16=T17,0.5,0.0)),""),"") | AC16: =IF(AND(ISNUMBER(S16),ISNUMBER(S13)),VLOOKUP(ABS(S16-S13),'IMP Table'!$A$2:$C$26,3)*SIGN(S16-S13),0) | AD16: =IF(AND(ISNUMBER(S16),ISNUMBER(S14)),VLOOKUP(ABS(S16-S14),'IMP Table'!$A$2:$C$26,3)*SIGN(S16-S14),0) | AE16: =IF(AND(ISNUMBER(S16),ISNUMBER(S15)),VLOOKUP(ABS(S16-S15),'IMP Table'!$A$2:$C$26,3)*SIGN(S16-S15),0) | AF16: =IF(AND(ISNUMBER(S16),ISNUMBER(S17)),VLOOKUP(ABS(S16-S17),'IMP Table'!$A$2:$C$26,3)*SIGN(S16-S17),0) | AG16: =IF(AND(ISNUMBER(T16),ISNUMBER(T13)),VLOOKUP(ABS(T16-T13),'IMP Table'!$A$2:$C$26,3)*SIGN(T16-T13),0) | AH16: =IF(AND(ISNUMBER(T16),ISNUMBER(T14)),VLOOKUP(ABS(T16-T14),'IMP Table'!$A$2:$C$26,3)*SIGN(T16-T14),0) | AI16: =IF(AND(ISNUMBER(T16),ISNUMBER(T15)),VLOOKUP(ABS(T16-T15),'IMP Table'!$A$2:$C$26,3)*SIGN(T16-T15),0) | AJ16: =IF(AND(ISNUMBER(T16),ISNUMBER(T17)),VLOOKUP(ABS(T16-T17),'IMP Table'!$A$2:$C$26,3)*SIGN(T16-T17),0)
B17: ='By Round'!A3 | C17: ='By Round'!B5 | D17: ='By Round'!C5 | E17: ='By Round'!D5 | F17: =IF(ISBLANK('By Round'!F5),"",'By Round'!F5) | G17: =IF(ISBLANK('By Round'!G5),"",'By Round'!G5) | H17: =IF(ISBLANK('By Round'!H5),"",'By Round'!H5) | I17: =IF(ISBLANK('By Round'!I5),"",'By Round'!I5) | J17: =IF(ISBLANK('By Round'!J5),"",'By Round'!J5) | K17: =IF(ISBLANK('By Round'!K5),"",'By Round'!K5) | L17: =IF(ISBLANK('By Round'!L5),"",'By Round'!L5) | M17: =AVERAGE(AC17:AF17) | N17: =AVERAGE(AG17:AJ17) | O17: =IF(COUNT(U17:X17)>0,Q17/COUNT(U17:X17),0.5) | P17: =IF(COUNT(Y17:AB17)>0,R17/COUNT(Y17:AB17),0.5) | Q17: =SUM(U17:X17) | R17: =SUM(Y17:AB17) | S17: =IF(ISNUMBER(K17),K17,IF(ISNUMBER(L17),-L17,"")) | T17: =IF(ISNUMBER(L17),L17,IF(ISNUMBER(K17),-K17,"")) | U17: =IF(ISNUMBER(S17),IF(ISNUMBER(S13),IF(S17>S13,1.0,IF(S17=S13,0.5,0.0)),""),"") | V17: =IF(ISNUMBER(S17),IF(ISNUMBER(S14),IF(S17>S14,1.0,IF(S17=S14,0.5,0.0)),""),"") | W17: =IF(ISNUMBER(S17),IF(ISNUMBER(S15),IF(S17>S15,1.0,IF(S17=S15,0.5,0.0)),""),"") | X17: =IF(ISNUMBER(S17),IF(ISNUMBER(S16),IF(S17>S16,1.0,IF(S17=S16,0.5,0.0)),""),"") | Y17: =IF(ISNUMBER(T17),IF(ISNUMBER(T13),IF(T17>T13,1.0,IF(T17=T13,0.5,0.0)),""),"") | Z17: =IF(ISNUMBER(T17),IF(ISNUMBER(T14),IF(T17>T14,1.0,IF(T17=T14,0.5,0.0)),""),"") | AA17: =IF(ISNUMBER(T17),IF(ISNUMBER(T15),IF(T17>T15,1.0,IF(T17=T15,0.5,0.0)),""),"") | AB17: =IF(ISNUMBER(T17),IF(ISNUMBER(T16),IF(T17>T16,1.0,IF(T17=T16,0.5,0.0)),""),"") | AC17: =IF(AND(ISNUMBER(S17),ISNUMBER(S13)),VLOOKUP(ABS(S17-S13),'IMP Table'!$A$2:$C$26,3)*SIGN(S17-S13),0) | AD17: =IF(AND(ISNUMBER(S17),ISNUMBER(S14)),VLOOKUP(ABS(S17-S14),'IMP Table'!$A$2:$C$26,3)*SIGN(S17-S14),0) | AE17: =IF(AND(ISNUMBER(S17),ISNUMBER(S15)),VLOOKUP(ABS(S17-S15),'IMP Table'!$A$2:$C$26,3)*SIGN(S17-S15),0) | AF17: =IF(AND(ISNUMBER(S17),ISNUMBER(S16)),VLOOKUP(ABS(S17-S16),'IMP Table'!$A$2:$C$26,3)*SIGN(S17-S16),0) | AG17: =IF(AND(ISNUMBER(T17),ISNUMBER(T13)),VLOOKUP(ABS(T17-T13),'IMP Table'!$A$2:$C$26,3)*SIGN(T17-T13),0) | AH17: =IF(AND(ISNUMBER(T17),ISNUMBER(T14)),VLOOKUP(ABS(T17-T14),'IMP Table'!$A$2:$C$26,3)*SIGN(T17-T14),0) | AI17: =IF(AND(ISNUMBER(T17),ISNUMBER(T15)),VLOOKUP(ABS(T17-T15),'IMP Table'!$A$2:$C$26,3)*SIGN(T17-T15),0) | AJ17: =IF(AND(ISNUMBER(T17),ISNUMBER(T16)),VLOOKUP(ABS(T17-T16),'IMP Table'!$A$2:$C$26,3)*SIGN(T17-T16),0)
A18: 4 | B18: ='By Round'!A13 | C18: ='By Round'!B13 | D18: ='By Round'!C13 | E18: ='By Round'!D13 | F18: =IF(ISBLANK('By Round'!F14),"",'By Round'!F14) | G18: =IF(ISBLANK('By Round'!G14),"",'By Round'!G14) | H18: =IF(ISBLANK('By Round'!H14),"",'By Round'!H14) | I18: =IF(ISBLANK('By Round'!I14),"",'By Round'!I14) | J18: =IF(ISBLANK('By Round'!J14),"",'By Round'!J14) | K18: =IF(ISBLANK('By Round'!K14),"",'By Round'!K14) | L18: =IF(ISBLANK('By Round'!L14),"",'By Round'!L14) | M18: =AVERAGE(AC18:AF18) | N18: =AVERAGE(AG18:AJ18) | O18: =IF(COUNT(U18:X18)>0,Q18/COUNT(U18:X18),0.5) | P18: =IF(COUNT(Y18:AB18)>0,R18/COUNT(Y18:AB18),0.5) | Q18: =SUM(U18:X18) | R18: =SUM(Y18:AB18) | S18: =IF(ISNUMBER(K18),K18,IF(ISNUMBER(L18),-L18,"")) | T18: =IF(ISNUMBER(L18),L18,IF(ISNUMBER(K18),-K18,"")) | U18: =IF(ISNUMBER(S18),IF(ISNUMBER(S19),IF(S18>S19,1.0,IF(S18=S19,0.5,0.0)),""),"") | V18: =IF(ISNUMBER(S18),IF(ISNUMBER(S20),IF(S18>S20,1.0,IF(S18=S20,0.5,0.0)),""),"") | W18: =IF(ISNUMBER(S18),IF(ISNUMBER(S21),IF(S18>S21,1.0,IF(S18=S21,0.5,0.0)),""),"") | X18: =IF(ISNUMBER(S18),IF(ISNUMBER(S22),IF(S18>S22,1.0,IF(S18=S22,0.5,0.0)),""),"") | Y18: =IF(ISNUMBER(T18),IF(ISNUMBER(T19),IF(T18>T19,1.0,IF(T18=T19,0.5,0.0)),""),"") | Z18: =IF(ISNUMBER(T18),IF(ISNUMBER(T20),IF(T18>T20,1.0,IF(T18=T20,0.5,0.0)),""),"") | AA18: =IF(ISNUMBER(T18),IF(ISNUMBER(T21),IF(T18>T21,1.0,IF(T18=T21,0.5,0.0)),""),"") | AB18: =IF(ISNUMBER(T18),IF(ISNUMBER(T22),IF(T18>T22,1.0,IF(T18=T22,0.5,0.0)),""),"") | AC18: =IF(AND(ISNUMBER(S18),ISNUMBER(S19)),VLOOKUP(ABS(S18-S19),'IMP Table'!$A$2:$C$26,3)*SIGN(S18-S19),0) | AD18: =IF(AND(ISNUMBER(S18),ISNUMBER(S20)),VLOOKUP(ABS(S18-S20),'IMP Table'!$A$2:$C$26,3)*SIGN(S18-S20),0) | AE18: =IF(AND(ISNUMBER(S18),ISNUMBER(S21)),VLOOKUP(ABS(S18-S21),'IMP Table'!$A$2:$C$26,3)*SIGN(S18-S21),0) | AF18: =IF(AND(ISNUMBER(S18),ISNUMBER(S22)),VLOOKUP(ABS(S18-S22),'IMP Table'!$A$2:$C$26,3)*SIGN(S18-S22),0) | AG18: =IF(AND(ISNUMBER(T18),ISNUMBER(T19)),VLOOKUP(ABS(T18-T19),'IMP Table'!$A$2:$C$26,3)*SIGN(T18-T19),0) | AH18: =IF(AND(ISNUMBER(T18),ISNUMBER(T20)),VLOOKUP(ABS(T18-T20),'IMP Table'!$A$2:$C$26,3)*SIGN(T18-T20),0) | AI18: =IF(AND(ISNUMBER(T18),ISNUMBER(T21)),VLOOKUP(ABS(T18-T21),'IMP Table'!$A$2:$C$26,3)*SIGN(T18-T21),0) | AJ18: =IF(AND(ISNUMBER(T18),ISNUMBER(T22)),VLOOKUP(ABS(T18-T22),'IMP Table'!$A$2:$C$26,3)*SIGN(T18-T22),0)
B19: ='By Round'!A83 | C19: ='By Round'!B87 | D19: ='By Round'!C87 | E19: ='By Round'!D87 | F19: =IF(ISBLANK('By Round'!F88),"",'By Round'!F88) | G19: =IF(ISBLANK('By Round'!G88),"",'By Round'!G88) | H19: =IF(ISBLANK('By Round'!H88),"",'By Round'!H88) | I19: =IF(ISBLANK('By Round'!I88),"",'By Round'!I88) | J19: =IF(ISBLANK('By Round'!J88),"",'By Round'!J88) | K19: =IF(ISBLANK('By Round'!K88),"",'By Round'!K88) | L19: =IF(ISBLANK('By Round'!L88),"",'By Round'!L88) | M19: =AVERAGE(AC19:AF19) | N19: =AVERAGE(AG19:AJ19) | O19: =IF(COUNT(U19:X19)>0,Q19/COUNT(U19:X19),0.5) | P19: =IF(COUNT(Y19:AB19)>0,R19/COUNT(Y19:AB19),0.5) | Q19: =SUM(U19:X19) | R19: =SUM(Y19:AB19) | S19: =IF(ISNUMBER(K19),K19,IF(ISNUMBER(L19),-L19,"")) | T19: =IF(ISNUMBER(L19),L19,IF(ISNUMBER(K19),-K19,"")) | U19: =IF(ISNUMBER(S19),IF(ISNUMBER(S18),IF(S19>S18,1.0,IF(S19=S18,0.5,0.0)),""),"") | V19: =IF(ISNUMBER(S19),IF(ISNUMBER(S20),IF(S19>S20,1.0,IF(S19=S20,0.5,0.0)),""),"") | W19: =IF(ISNUMBER(S19),IF(ISNUMBER(S21),IF(S19>S21,1.0,IF(S19=S21,0.5,0.0)),""),"") | X19: =IF(ISNUMBER(S19),IF(ISNUMBER(S22),IF(S19>S22,1.0,IF(S19=S22,0.5,0.0)),""),"") | Y19: =IF(ISNUMBER(T19),IF(ISNUMBER(T18),IF(T19>T18,1.0,IF(T19=T18,0.5,0.0)),""),"") | Z19: =IF(ISNUMBER(T19),IF(ISNUMBER(T20),IF(T19>T20,1.0,IF(T19=T20,0.5,0.0)),""),"") | AA19: =IF(ISNUMBER(T19),IF(ISNUMBER(T21),IF(T19>T21,1.0,IF(T19=T21,0.5,0.0)),""),"") | AB19: =IF(ISNUMBER(T19),IF(ISNUMBER(T22),IF(T19>T22,1.0,IF(T19=T22,0.5,0.0)),""),"") | AC19: =IF(AND(ISNUMBER(S19),ISNUMBER(S18)),VLOOKUP(ABS(S19-S18),'IMP Table'!$A$2:$C$26,3)*SIGN(S19-S18),0) | AD19: =IF(AND(ISNUMBER(S19),ISNUMBER(S20)),VLOOKUP(ABS(S19-S20),'IMP Table'!$A$2:$C$26,3)*SIGN(S19-S20),0) | AE19: =IF(AND(ISNUMBER(S19),ISNUMBER(S21)),VLOOKUP(ABS(S19-S21),'IMP Table'!$A$2:$C$26,3)*SIGN(S19-S21),0) | AF19: =IF(AND(ISNUMBER(S19),ISNUMBER(S22)),VLOOKUP(ABS(S19-S22),'IMP Table'!$A$2:$C$26,3)*SIGN(S19-S22),0) | AG19: =IF(AND(ISNUMBER(T19),ISNUMBER(T18)),VLOOKUP(ABS(T19-T18),'IMP Table'!$A$2:$C$26,3)*SIGN(T19-T18),0) | AH19: =IF(AND(ISNUMBER(T19),ISNUMBER(T20)),VLOOKUP(ABS(T19-T20),'IMP Table'!$A$2:$C$26,3)*SIGN(T19-T20),0) | AI19: =IF(AND(ISNUMBER(T19),ISNUMBER(T21)),VLOOKUP(ABS(T19-T21),'IMP Table'!$A$2:$C$26,3)*SIGN(T19-T21),0) | AJ19: =IF(AND(ISNUMBER(T19),ISNUMBER(T22)),VLOOKUP(ABS(T19-T22),'IMP Table'!$A$2:$C$26,3)*SIGN(T19-T22),0)
B20: ='By Round'!A33 | C20: ='By Round'!B39 | D20: ='By Round'!C39 | E20: ='By Round'!D39 | F20: =IF(ISBLANK('By Round'!F40),"",'By Round'!F40) | G20: =IF(ISBLANK('By Round'!G40),"",'By Round'!G40) | H20: =IF(ISBLANK('By Round'!H40),"",'By Round'!H40) | I20: =IF(ISBLANK('By Round'!I40),"",'By Round'!I40) | J20: =IF(ISBLANK('By Round'!J40),"",'By Round'!J40) | K20: =IF(ISBLANK('By Round'!K40),"",'By Round'!K40) | L20: =IF(ISBLANK('By Round'!L40),"",'By Round'!L40) | M20: =AVERAGE(AC20:AF20) | N20: =AVERAGE(AG20:AJ20) | O20: =IF(COUNT(U20:X20)>0,Q20/COUNT(U20:X20),0.5) | P20: =IF(COUNT(Y20:AB20)>0,R20/COUNT(Y20:AB20),0.5) | Q20: =SUM(U20:X20) | R20: =SUM(Y20:AB20) | S20: =IF(ISNUMBER(K20),K20,IF(ISNUMBER(L20),-L20,"")) | T20: =IF(ISNUMBER(L20),L20,IF(ISNUMBER(K20),-K20,"")) | U20: =IF(ISNUMBER(S20),IF(ISNUMBER(S18),IF(S20>S18,1.0,IF(S20=S18,0.5,0.0)),""),"") | V20: =IF(ISNUMBER(S20),IF(ISNUMBER(S19),IF(S20>S19,1.0,IF(S20=S19,0.5,0.0)),""),"") | W20: =IF(ISNUMBER(S20),IF(ISNUMBER(S21),IF(S20>S21,1.0,IF(S20=S21,0.5,0.0)),""),"") | X20: =IF(ISNUMBER(S20),IF(ISNUMBER(S22),IF(S20>S22,1.0,IF(S20=S22,0.5,0.0)),""),"") | Y20: =IF(ISNUMBER(T20),IF(ISNUMBER(T18),IF(T20>T18,1.0,IF(T20=T18,0.5,0.0)),""),"") | Z20: =IF(ISNUMBER(T20),IF(ISNUMBER(T19),IF(T20>T19,1.0,IF(T20=T19,0.5,0.0)),""),"") | AA20: =IF(ISNUMBER(T20),IF(ISNUMBER(T21),IF(T20>T21,1.0,IF(T20=T21,0.5,0.0)),""),"") | AB20: =IF(ISNUMBER(T20),IF(ISNUMBER(T22),IF(T20>T22,1.0,IF(T20=T22,0.5,0.0)),""),"") | AC20: =IF(AND(ISNUMBER(S20),ISNUMBER(S18)),VLOOKUP(ABS(S20-S18),'IMP Table'!$A$2:$C$26,3)*SIGN(S20-S18),0) | AD20: =IF(AND(ISNUMBER(S20),ISNUMBER(S19)),VLOOKUP(ABS(S20-S19),'IMP Table'!$A$2:$C$26,3)*SIGN(S20-S19),0) | AE20: =IF(AND(ISNUMBER(S20),ISNUMBER(S21)),VLOOKUP(ABS(S20-S21),'IMP Table'!$A$2:$C$26,3)*SIGN(S20-S21),0) | AF20: =IF(AND(ISNUMBER(S20),ISNUMBER(S22)),VLOOKUP(ABS(S20-S22),'IMP Table'!$A$2:$C$26,3)*SIGN(S20-S22),0) | AG20: =IF(AND(ISNUMBER(T20),ISNUMBER(T18)),VLOOKUP(ABS(T20-T18),'IMP Table'!$A$2:$C$26,3)*SIGN(T20-T18),0) | AH20: =IF(AND(ISNUMBER(T20),ISNUMBER(T19)),VLOOKUP(ABS(T20-T19),'IMP Table'!$A$2:$C$26,3)*SIGN(T20-T19),0) | AI20: =IF(AND(ISNUMBER(T20),ISNUMBER(T21)),VLOOKUP(ABS(T20-T21),'IMP Table'!$A$2:$C$26,3)*SIGN(T20-T21),0) | AJ20: =IF(AND(ISNUMBER(T20),ISNUMBER(T22)),VLOOKUP(ABS(T20-T22),'IMP Table'!$A$2:$C$26,3)*SIGN(T20-T22),0)
B21: ='By Round'!A23 | C21: ='By Round'!B31 | D21: ='By Round'!C31 | E21: ='By Round'!D31 | F21: =IF(ISBLANK('By Round'!F32),"",'By Round'!F32) | G21: =IF(ISBLANK('By Round'!G32),"",'By Round'!G32) | H21: =IF(ISBLANK('By Round'!H32),"",'By Round'!H32) | I21: =IF(ISBLANK('By Round'!I32),"",'By Round'!I32) | J21: =IF(ISBLANK('By Round'!J32),"",'By Round'!J32) | K21: =IF(ISBLANK('By Round'!K32),"",'By Round'!K32) | L21: =IF(ISBLANK('By Round'!L32),"",'By Round'!L32) | M21: =AVERAGE(AC21:AF21) | N21: =AVERAGE(AG21:AJ21) | O21: =IF(COUNT(U21:X21)>0,Q21/COUNT(U21:X21),0.5) | P21: =IF(COUNT(Y21:AB21)>0,R21/COUNT(Y21:AB21),0.5) | Q21: =SUM(U21:X21) | R21: =SUM(Y21:AB21) | S21: =IF(ISNUMBER(K21),K21,IF(ISNUMBER(L21),-L21,"")) | T21: =IF(ISNUMBER(L21),L21,IF(ISNUMBER(K21),-K21,"")) | U21: =IF(ISNUMBER(S21),IF(ISNUMBER(S18),IF(S21>S18,1.0,IF(S21=S18,0.5,0.0)),""),"") | V21: =IF(ISNUMBER(S21),IF(ISNUMBER(S19),IF(S21>S19,1.0,IF(S21=S19,0.5,0.0)),""),"") | W21: =IF(ISNUMBER(S21),IF(ISNUMBER(S20),IF(S21>S20,1.0,IF(S21=S20,0.5,0.0)),""),"") | X21: =IF(ISNUMBER(S21),IF(ISNUMBER(S22),IF(S21>S22,1.0,IF(S21=S22,0.5,0.0)),""),"") | Y21: =IF(ISNUMBER(T21),IF(ISNUMBER(T18),IF(T21>T18,1.0,IF(T21=T18,0.5,0.0)),""),"") | Z21: =IF(ISNUMBER(T21),IF(ISNUMBER(T19),IF(T21>T19,1.0,IF(T21=T19,0.5,0.0)),""),"") | AA21: =IF(ISNUMBER(T21),IF(ISNUMBER(T20),IF(T21>T20,1.0,IF(T21=T20,0.5,0.0)),""),"") | AB21: =IF(ISNUMBER(T21),IF(ISNUMBER(T22),IF(T21>T22,1.0,IF(T21=T22,0.5,0.0)),""),"") | AC21: =IF(AND(ISNUMBER(S21),ISNUMBER(S18)),VLOOKUP(ABS(S21-S18),'IMP Table'!$A$2:$C$26,3)*SIGN(S21-S18),0) | AD21: =IF(AND(ISNUMBER(S21),ISNUMBER(S19)),VLOOKUP(ABS(S21-S19),'IMP Table'!$A$2:$C$26,3)*SIGN(S21-S19),0) | AE21: =IF(AND(ISNUMBER(S21),ISNUMBER(S20)),VLOOKUP(ABS(S21-S20),'IMP Table'!$A$2:$C$26,3)*SIGN(S21-S20),0) | AF21: =IF(AND(ISNUMBER(S21),ISNUMBER(S22)),VLOOKUP(ABS(S21-S22),'IMP Table'!$A$2:$C$26,3)*SIGN(S21-S22),0) | AG21: =IF(AND(ISNUMBER(T21),ISNUMBER(T18)),VLOOKUP(ABS(T21-T18),'IMP Table'!$A$2:$C$26,3)*SIGN(T21-T18),0) | AH21: =IF(AND(ISNUMBER(T21),ISNUMBER(T19)),VLOOKUP(ABS(T21-T19),'IMP Table'!$A$2:$C$26,3)*SIGN(T21-T19),0) | AI21: =IF(AND(ISNUMBER(T21),ISNUMBER(T20)),VLOOKUP(ABS(T21-T20),'IMP Table'!$A$2:$C$26,3)*SIGN(T21-T20),0) | AJ21: =IF(AND(ISNUMBER(T21),ISNUMBER(T22)),VLOOKUP(ABS(T21-T22),'IMP Table'!$A$2:$C$26,3)*SIGN(T21-T22),0)
B22: ='By Round'!A3 | C22: ='By Round'!B5 | D22: ='By Round'!C5 | E22: ='By Round'!D5 | F22: =IF(ISBLANK('By Round'!F6),"",'By Round'!F6) | G22: =IF(ISBLANK('By Round'!G6),"",'By Round'!G6) | H22: =IF(ISBLANK('By Round'!H6),"",'By Round'!H6) | I22: =IF(ISBLANK('By Round'!I6),"",'By Round'!I6) | J22: =IF(ISBLANK('By Round'!J6),"",'By Round'!J6) | K22: =IF(ISBLANK('By Round'!K6),"",'By Round'!K6) | L22: =IF(ISBLANK('By Round'!L6),"",'By Round'!L6) | M22: =AVERAGE(AC22:AF22) | N22: =AVERAGE(AG22:AJ22) | O22: =IF(COUNT(U22:X22)>0,Q22/COUNT(U22:X22),0.5) | P22: =IF(COUNT(Y22:AB22)>0,R22/COUNT(Y22:AB22),0.5) | Q22: =SUM(U22:X22) | R22: =SUM(Y22:AB22) | S22: =IF(ISNUMBER(K22),K22,IF(ISNUMBER(L22),-L22,"")) | T22: =IF(ISNUMBER(L22),L22,IF(ISNUMBER(K22),-K22,"")) | U22: =IF(ISNUMBER(S22),IF(ISNUMBER(S18),IF(S22>S18,1.0,IF(S22=S18,0.5,0.0)),""),"") | V22: =IF(ISNUMBER(S22),IF(ISNUMBER(S19),IF(S22>S19,1.0,IF(S22=S19,0.5,0.0)),""),"") | W22: =IF(ISNUMBER(S22),IF(ISNUMBER(S20),IF(S22>S20,1.0,IF(S22=S20,0.5,0.0)),""),"") | X22: =IF(ISNUMBER(S22),IF(ISNUMBER(S21),IF(S22>S21,1.0,IF(S22=S21,0.5,0.0)),""),"") | Y22: =IF(ISNUMBER(T22),IF(ISNUMBER(T18),IF(T22>T18,1.0,IF(T22=T18,0.5,0.0)),""),"") | Z22: =IF(ISNUMBER(T22),IF(ISNUMBER(T19),IF(T22>T19,1.0,IF(T22=T19,0.5,0.0)),""),"") | AA22: =IF(ISNUMBER(T22),IF(ISNUMBER(T20),IF(T22>T20,1.0,IF(T22=T20,0.5,0.0)),""),"") | AB22: =IF(ISNUMBER(T22),IF(ISNUMBER(T21),IF(T22>T21,1.0,IF(T22=T21,0.5,0.0)),""),"") | AC22: =IF(AND(ISNUMBER(S22),ISNUMBER(S18)),VLOOKUP(ABS(S22-S18),'IMP Table'!$A$2:$C$26,3)*SIGN(S22-S18),0) | AD22: =IF(AND(ISNUMBER(S22),ISNUMBER(S19)),VLOOKUP(ABS(S22-S19),'IMP Table'!$A$2:$C$26,3)*SIGN(S22-S19),0) | AE22: =IF(AND(ISNUMBER(S22),ISNUMBER(S20)),VLOOKUP(ABS(S22-S20),'IMP Table'!$A$2:$C$26,3)*SIGN(S22-S20),0) | AF22: =IF(AND(ISNUMBER(S22),ISNUMBER(S21)),VLOOKUP(ABS(S22-S21),'IMP Table'!$A$2:$C$26,3)*SIGN(S22-S21),0) | AG22: =IF(AND(ISNUMBER(T22),ISNUMBER(T18)),VLOOKUP(ABS(T22-T18),'IMP Table'!$A$2:$C$26,3)*SIGN(T22-T18),0) | AH22: =IF(AND(ISNUMBER(T22),ISNUMBER(T19)),VLOOKUP(ABS(T22-T19),'IMP Table'!$A$2:$C$26,3)*SIGN(T22-T19),0) | AI22: =IF(AND(ISNUMBER(T22),ISNUMBER(T20)),VLOOKUP(ABS(T22-T20),'IMP Table'!$A$2:$C$26,3)*SIGN(T22-T20),0) | AJ22: =IF(AND(ISNUMBER(T22),ISNUMBER(T21)),VLOOKUP(ABS(T22-T21),'IMP Table'!$A$2:$C$26,3)*SIGN(T22-T21),0)
A23: 5 | B23: ='By Round'!A23 | C23: ='By Round'!B23 | D23: ='By Round'!C23 | E23: ='By Round'!D23 | F23: =IF(ISBLANK('By Round'!F23),"",'By Round'!F23) | G23: =IF(ISBLANK('By Round'!G23),"",'By Round'!G23) | H23: =IF(ISBLANK('By Round'!H23),"",'By Round'!H23) | I23: =IF(ISBLANK('By Round'!I23),"",'By Round'!I23) | J23: =IF(ISBLANK('By Round'!J23),"",'By Round'!J23) | K23: =IF(ISBLANK('By Round'!K23),"",'By Round'!K23) | L23: =IF(ISBLANK('By Round'!L23),"",'By Round'!L23) | M23: =AVERAGE(AC23:AF23) | N23: =AVERAGE(AG23:AJ23) | O23: =IF(COUNT(U23:X23)>0,Q23/COUNT(U23:X23),0.5) | P23: =IF(COUNT(Y23:AB23)>0,R23/COUNT(Y23:AB23),0.5) | Q23: =SUM(U23:X23) | R23: =SUM(Y23:AB23) | S23: =IF(ISNUMBER(K23),K23,IF(ISNUMBER(L23),-L23,"")) | T23: =IF(ISNUMBER(L23),L23,IF(ISNUMBER(K23),-K23,"")) | U23: =IF(ISNUMBER(S23),IF(ISNUMBER(S24),IF(S23>S24,1.0,IF(S23=S24,0.5,0.0)),""),"") | V23: =IF(ISNUMBER(S23),IF(ISNUMBER(S25),IF(S23>S25,1.0,IF(S23=S25,0.5,0.0)),""),"") | W23: =IF(ISNUMBER(S23),IF(ISNUMBER(S26),IF(S23>S26,1.0,IF(S23=S26,0.5,0.0)),""),"") | X23: =IF(ISNUMBER(S23),IF(ISNUMBER(S27),IF(S23>S27,1.0,IF(S23=S27,0.5,0.0)),""),"") | Y23: =IF(ISNUMBER(T23),IF(ISNUMBER(T24),IF(T23>T24,1.0,IF(T23=T24,0.5,0.0)),""),"") | Z23: =IF(ISNUMBER(T23),IF(ISNUMBER(T25),IF(T23>T25,1.0,IF(T23=T25,0.5,0.0)),""),"") | AA23: =IF(ISNUMBER(T23),IF(ISNUMBER(T26),IF(T23>T26,1.0,IF(T23=T26,0.5,0.0)),""),"") | AB23: =IF(ISNUMBER(T23),IF(ISNUMBER(T27),IF(T23>T27,1.0,IF(T23=T27,0.5,0.0)),""),"") | AC23: =IF(AND(ISNUMBER(S23),ISNUMBER(S24)),VLOOKUP(ABS(S23-S24),'IMP Table'!$A$2:$C$26,3)*SIGN(S23-S24),0) | AD23: =IF(AND(ISNUMBER(S23),ISNUMBER(S25)),VLOOKUP(ABS(S23-S25),'IMP Table'!$A$2:$C$26,3)*SIGN(S23-S25),0) | AE23: =IF(AND(ISNUMBER(S23),ISNUMBER(S26)),VLOOKUP(ABS(S23-S26),'IMP Table'!$A$2:$C$26,3)*SIGN(S23-S26),0) | AF23: =IF(AND(ISNUMBER(S23),ISNUMBER(S27)),VLOOKUP(ABS(S23-S27),'IMP Table'!$A$2:$C$26,3)*SIGN(S23-S27),0) | AG23: =IF(AND(ISNUMBER(T23),ISNUMBER(T24)),VLOOKUP(ABS(T23-T24),'IMP Table'!$A$2:$C$26,3)*SIGN(T23-T24),0) | AH23: =IF(AND(ISNUMBER(T23),ISNUMBER(T25)),VLOOKUP(ABS(T23-T25),'IMP Table'!$A$2:$C$26,3)*SIGN(T23-T25),0) | AI23: =IF(AND(ISNUMBER(T23),ISNUMBER(T26)),VLOOKUP(ABS(T23-T26),'IMP Table'!$A$2:$C$26,3)*SIGN(T23-T26),0) | AJ23: =IF(AND(ISNUMBER(T23),ISNUMBER(T27)),VLOOKUP(ABS(T23-T27),'IMP Table'!$A$2:$C$26,3)*SIGN(T23-T27),0)
B24: ='By Round'!A13 | C24: ='By Round'!B15 | D24: ='By Round'!C15 | E24: ='By Round'!D15 | F24: =IF(ISBLANK('By Round'!F15),"",'By Round'!F15) | G24: =IF(ISBLANK('By Round'!G15),"",'By Round'!G15) | H24: =IF(ISBLANK('By Round'!H15),"",'By Round'!H15) | I24: =IF(ISBLANK('By Round'!I15),"",'By Round'!I15) | J24: =IF(ISBLANK('By Round'!J15),"",'By Round'!J15) | K24: =IF(ISBLANK('By Round'!K15),"",'By Round'!K15) | L24: =IF(ISBLANK('By Round'!L15),"",'By Round'!L15) | M24: =AVERAGE(AC24:AF24) | N24: =AVERAGE(AG24:AJ24) | O24: =IF(COUNT(U24:X24)>0,Q24/COUNT(U24:X24),0.5) | P24: =IF(COUNT(Y24:AB24)>0,R24/COUNT(Y24:AB24),0.5) | Q24: =SUM(U24:X24) | R24: =SUM(Y24:AB24) | S24: =IF(ISNUMBER(K24),K24,IF(ISNUMBER(L24),-L24,"")) | T24: =IF(ISNUMBER(L24),L24,IF(ISNUMBER(K24),-K24,"")) | U24: =IF(ISNUMBER(S24),IF(ISNUMBER(S23),IF(S24>S23,1.0,IF(S24=S23,0.5,0.0)),""),"") | V24: =IF(ISNUMBER(S24),IF(ISNUMBER(S25),IF(S24>S25,1.0,IF(S24=S25,0.5,0.0)),""),"") | W24: =IF(ISNUMBER(S24),IF(ISNUMBER(S26),IF(S24>S26,1.0,IF(S24=S26,0.5,0.0)),""),"") | X24: =IF(ISNUMBER(S24),IF(ISNUMBER(S27),IF(S24>S27,1.0,IF(S24=S27,0.5,0.0)),""),"") | Y24: =IF(ISNUMBER(T24),IF(ISNUMBER(T23),IF(T24>T23,1.0,IF(T24=T23,0.5,0.0)),""),"") | Z24: =IF(ISNUMBER(T24),IF(ISNUMBER(T25),IF(T24>T25,1.0,IF(T24=T25,0.5,0.0)),""),"") | AA24: =IF(ISNUMBER(T24),IF(ISNUMBER(T26),IF(T24>T26,1.0,IF(T24=T26,0.5,0.0)),""),"") | AB24: =IF(ISNUMBER(T24),IF(ISNUMBER(T27),IF(T24>T27,1.0,IF(T24=T27,0.5,0.0)),""),"") | AC24: =IF(AND(ISNUMBER(S24),ISNUMBER(S23)),VLOOKUP(ABS(S24-S23),'IMP Table'!$A$2:$C$26,3)*SIGN(S24-S23),0) | AD24: =IF(AND(ISNUMBER(S24),ISNUMBER(S25)),VLOOKUP(ABS(S24-S25),'IMP Table'!$A$2:$C$26,3)*SIGN(S24-S25),0) | AE24: =IF(AND(ISNUMBER(S24),ISNUMBER(S26)),VLOOKUP(ABS(S24-S26),'IMP Table'!$A$2:$C$26,3)*SIGN(S24-S26),0) | AF24: =IF(AND(ISNUMBER(S24),ISNUMBER(S27)),VLOOKUP(ABS(S24-S27),'IMP Table'!$A$2:$C$26,3)*SIGN(S24-S27),0) | AG24: =IF(AND(ISNUMBER(T24),ISNUMBER(T23)),VLOOKUP(ABS(T24-T23),'IMP Table'!$A$2:$C$26,3)*SIGN(T24-T23),0) | AH24: =IF(AND(ISNUMBER(T24),ISNUMBER(T25)),VLOOKUP(ABS(T24-T25),'IMP Table'!$A$2:$C$26,3)*SIGN(T24-T25),0) | AI24: =IF(AND(ISNUMBER(T24),ISNUMBER(T26)),VLOOKUP(ABS(T24-T26),'IMP Table'!$A$2:$C$26,3)*SIGN(T24-T26),0) | AJ24: =IF(AND(ISNUMBER(T24),ISNUMBER(T27)),VLOOKUP(ABS(T24-T27),'IMP Table'!$A$2:$C$26,3)*SIGN(T24-T27),0)
B25: ='By Round'!A3 | C25: ='By Round'!B7 | D25: ='By Round'!C7 | E25: ='By Round'!D7 | F25: =IF(ISBLANK('By Round'!F7),"",'By Round'!F7) | G25: =IF(ISBLANK('By Round'!G7),"",'By Round'!G7) | H25: =IF(ISBLANK('By Round'!H7),"",'By Round'!H7) | I25: =IF(ISBLANK('By Round'!I7),"",'By Round'!I7) | J25: =IF(ISBLANK('By Round'!J7),"",'By Round'!J7) | K25: =IF(ISBLANK('By Round'!K7),"",'By Round'!K7) | L25: =IF(ISBLANK('By Round'!L7),"",'By Round'!L7) | M25: =AVERAGE(AC25:AF25) | N25: =AVERAGE(AG25:AJ25) | O25: =IF(COUNT(U25:X25)>0,Q25/COUNT(U25:X25),0.5) | P25: =IF(COUNT(Y25:AB25)>0,R25/COUNT(Y25:AB25),0.5) | Q25: =SUM(U25:X25) | R25: =SUM(Y25:AB25) | S25: =IF(ISNUMBER(K25),K25,IF(ISNUMBER(L25),-L25,"")) | T25: =IF(ISNUMBER(L25),L25,IF(ISNUMBER(K25),-K25,"")) | U25: =IF(ISNUMBER(S25),IF(ISNUMBER(S23),IF(S25>S23,1.0,IF(S25=S23,0.5,0.0)),""),"") | V25: =IF(ISNUMBER(S25),IF(ISNUMBER(S24),IF(S25>S24,1.0,IF(S25=S24,0.5,0.0)),""),"") | W25: =IF(ISNUMBER(S25),IF(ISNUMBER(S26),IF(S25>S26,1.0,IF(S25=S26,0.5,0.0)),""),"") | X25: =IF(ISNUMBER(S25),IF(ISNUMBER(S27),IF(S25>S27,1.0,IF(S25=S27,0.5,0.0)),""),"") | Y25: =IF(ISNUMBER(T25),IF(ISNUMBER(T23),IF(T25>T23,1.0,IF(T25=T23,0.5,0.0)),""),"") | Z25: =IF(ISNUMBER(T25),IF(ISNUMBER(T24),IF(T25>T24,1.0,IF(T25=T24,0.5,0.0)),""),"") | AA25: =IF(ISNUMBER(T25),IF(ISNUMBER(T26),IF(T25>T26,1.0,IF(T25=T26,0.5,0.0)),""),"") | AB25: =IF(ISNUMBER(T25),IF(ISNUMBER(T27),IF(T25>T27,1.0,IF(T25=T27,0.5,0.0)),""),"") | AC25: =IF(AND(ISNUMBER(S25),ISNUMBER(S23)),VLOOKUP(ABS(S25-S23),'IMP Table'!$A$2:$C$26,3)*SIGN(S25-S23),0) | AD25: =IF(AND(ISNUMBER(S25),ISNUMBER(S24)),VLOOKUP(ABS(S25-S24),'IMP Table'!$A$2:$C$26,3)*SIGN(S25-S24),0) | AE25: =IF(AND(ISNUMBER(S25),ISNUMBER(S26)),VLOOKUP(ABS(S25-S26),'IMP Table'!$A$2:$C$26,3)*SIGN(S25-S26),0) | AF25: =IF(AND(ISNUMBER(S25),ISNUMBER(S27)),VLOOKUP(ABS(S25-S27),'IMP Table'!$A$2:$C$26,3)*SIGN(S25-S27),0) | AG25: =IF(AND(ISNUMBER(T25),ISNUMBER(T23)),VLOOKUP(ABS(T25-T23),'IMP Table'!$A$2:$C$26,3)*SIGN(T25-T23),0) | AH25: =IF(AND(ISNUMBER(T25),ISNUMBER(T24)),VLOOKUP(ABS(T25-T24),'IMP Table'!$A$2:$C$26,3)*SIGN(T25-T24),0) | AI25: =IF(AND(ISNUMBER(T25),ISNUMBER(T26)),VLOOKUP(ABS(T25-T26),'IMP Table'!$A$2:$C$26,3)*SIGN(T25-T26),0) | AJ25: =IF(AND(ISNUMBER(T25),ISNUMBER(T27)),VLOOKUP(ABS(T25-T27),'IMP Table'!$A$2:$C$26,3)*SIGN(T25-T27),0)
B26: ='By Round'!A43 | C26: ='By Round'!B49 | D26: ='By Round'!C49 | E26: ='By Round'!D49 | F26: =IF(ISBLANK('By Round'!F49),"",'By Round'!F49) | G26: =IF(ISBLANK('By Round'!G49),"",'By Round'!G49) | H26: =IF(ISBLANK('By Round'!H49),"",'By Round'!H49) | I26: =IF(ISBLANK('By Round'!I49),"",'By Round'!I49) | J26: =IF(ISBLANK('By Round'!J49),"",'By Round'!J49) | K26: =IF(ISBLANK('By Round'!K49),"",'By Round'!K49) | L26: =IF(ISBLANK('By Round'!L49),"",'By Round'!L49) | M26: =AVERAGE(AC26:AF26) | N26: =AVERAGE(AG26:AJ26) | O26: =IF(COUNT(U26:X26)>0,Q26/COUNT(U26:X26),0.5) | P26: =IF(COUNT(Y26:AB26)>0,R26/COUNT(Y26:AB26),0.5) | Q26: =SUM(U26:X26) | R26: =SUM(Y26:AB26) | S26: =IF(ISNUMBER(K26),K26,IF(ISNUMBER(L26),-L26,"")) | T26: =IF(ISNUMBER(L26),L26,IF(ISNUMBER(K26),-K26,"")) | U26: =IF(ISNUMBER(S26),IF(ISNUMBER(S23),IF(S26>S23,1.0,IF(S26=S23,0.5,0.0)),""),"") | V26: =IF(ISNUMBER(S26),IF(ISNUMBER(S24),IF(S26>S24,1.0,IF(S26=S24,0.5,0.0)),""),"") | W26: =IF(ISNUMBER(S26),IF(ISNUMBER(S25),IF(S26>S25,1.0,IF(S26=S25,0.5,0.0)),""),"") | X26: =IF(ISNUMBER(S26),IF(ISNUMBER(S27),IF(S26>S27,1.0,IF(S26=S27,0.5,0.0)),""),"") | Y26: =IF(ISNUMBER(T26),IF(ISNUMBER(T23),IF(T26>T23,1.0,IF(T26=T23,0.5,0.0)),""),"") | Z26: =IF(ISNUMBER(T26),IF(ISNUMBER(T24),IF(T26>T24,1.0,IF(T26=T24,0.5,0.0)),""),"") | AA26: =IF(ISNUMBER(T26),IF(ISNUMBER(T25),IF(T26>T25,1.0,IF(T26=T25,0.5,0.0)),""),"") | AB26: =IF(ISNUMBER(T26),IF(ISNUMBER(T27),IF(T26>T27,1.0,IF(T26=T27,0.5,0.0)),""),"") | AC26: =IF(AND(ISNUMBER(S26),ISNUMBER(S23)),VLOOKUP(ABS(S26-S23),'IMP Table'!$A$2:$C$26,3)*SIGN(S26-S23),0) | AD26: =IF(AND(ISNUMBER(S26),ISNUMBER(S24)),VLOOKUP(ABS(S26-S24),'IMP Table'!$A$2:$C$26,3)*SIGN(S26-S24),0) | AE26: =IF(AND(ISNUMBER(S26),ISNUMBER(S25)),VLOOKUP(ABS(S26-S25),'IMP Table'!$A$2:$C$26,3)*SIGN(S26-S25),0) | AF26: =IF(AND(ISNUMBER(S26),ISNUMBER(S27)),VLOOKUP(ABS(S26-S27),'IMP Table'!$A$2:$C$26,3)*SIGN(S26-S27),0) | AG26: =IF(AND(ISNUMBER(T26),ISNUMBER(T23)),VLOOKUP(ABS(T26-T23),'IMP Table'!$A$2:$C$26,3)*SIGN(T26-T23),0) | AH26: =IF(AND(ISNUMBER(T26),ISNUMBER(T24)),VLOOKUP(ABS(T26-T24),'IMP Table'!$A$2:$C$26,3)*SIGN(T26-T24),0) | AI26: =IF(AND(ISNUMBER(T26),ISNUMBER(T25)),VLOOKUP(ABS(T26-T25),'IMP Table'!$A$2:$C$26,3)*SIGN(T26-T25),0) | AJ26: =IF(AND(ISNUMBER(T26),ISNUMBER(T27)),VLOOKUP(ABS(T26-T27),'IMP Table'!$A$2:$C$26,3)*SIGN(T26-T27),0)
B27: ='By Round'!A33 | C27: ='By Round'!B41 | D27: ='By Round'!C41 | E27: ='By Round'!D41 | F27: =IF(ISBLANK('By Round'!F41),"",'By Round'!F41) | G27: =IF(ISBLANK('By Round'!G41),"",'By Round'!G41) | H27: =IF(ISBLANK('By Round'!H41),"",'By Round'!H41) | I27: =IF(ISBLANK('By Round'!I41),"",'By Round'!I41) | J27: =IF(ISBLANK('By Round'!J41),"",'By Round'!J41) | K27: =IF(ISBLANK('By Round'!K41),"",'By Round'!K41) | L27: =IF(ISBLANK('By Round'!L41),"",'By Round'!L41) | M27: =AVERAGE(AC27:AF27) | N27: =AVERAGE(AG27:AJ27) | O27: =IF(COUNT(U27:X27)>0,Q27/COUNT(U27:X27),0.5) | P27: =IF(COUNT(Y27:AB27)>0,R27/COUNT(Y27:AB27),0.5) | Q27: =SUM(U27:X27) | R27: =SUM(Y27:AB27) | S27: =IF(ISNUMBER(K27),K27,IF(ISNUMBER(L27),-L27,"")) | T27: =IF(ISNUMBER(L27),L27,IF(ISNUMBER(K27),-K27,"")) | U27: =IF(ISNUMBER(S27),IF(ISNUMBER(S23),IF(S27>S23,1.0,IF(S27=S23,0.5,0.0)),""),"") | V27: =IF(ISNUMBER(S27),IF(ISNUMBER(S24),IF(S27>S24,1.0,IF(S27=S24,0.5,0.0)),""),"") | W27: =IF(ISNUMBER(S27),IF(ISNUMBER(S25),IF(S27>S25,1.0,IF(S27=S25,0.5,0.0)),""),"") | X27: =IF(ISNUMBER(S27),IF(ISNUMBER(S26),IF(S27>S26,1.0,IF(S27=S26,0.5,0.0)),""),"") | Y27: =IF(ISNUMBER(T27),IF(ISNUMBER(T23),IF(T27>T23,1.0,IF(T27=T23,0.5,0.0)),""),"") | Z27: =IF(ISNUMBER(T27),IF(ISNUMBER(T24),IF(T27>T24,1.0,IF(T27=T24,0.5,0.0)),""),"") | AA27: =IF(ISNUMBER(T27),IF(ISNUMBER(T25),IF(T27>T25,1.0,IF(T27=T25,0.5,0.0)),""),"") | AB27: =IF(ISNUMBER(T27),IF(ISNUMBER(T26),IF(T27>T26,1.0,IF(T27=T26,0.5,0.0)),""),"") | AC27: =IF(AND(ISNUMBER(S27),ISNUMBER(S23)),VLOOKUP(ABS(S27-S23),'IMP Table'!$A$2:$C$26,3)*SIGN(S27-S23),0) | AD27: =IF(AND(ISNUMBER(S27),ISNUMBER(S24)),VLOOKUP(ABS(S27-S24),'IMP Table'!$A$2:$C$26,3)*SIGN(S27-S24),0) | AE27: =IF(AND(ISNUMBER(S27),ISNUMBER(S25)),VLOOKUP(ABS(S27-S25),'IMP Table'!$A$2:$C$26,3)*SIGN(S27-S25),0) | AF27: =IF(AND(ISNUMBER(S27),ISNUMBER(S26)),VLOOKUP(ABS(S27-S26),'IMP Table'!$A$2:$C$26,3)*SIGN(S27-S26),0) | AG27: =IF(AND(ISNUMBER(T27),ISNUMBER(T23)),VLOOKUP(ABS(T27-T23),'IMP Table'!$A$2:$C$26,3)*SIGN(T27-T23),0) | AH27: =IF(AND(ISNUMBER(T27),ISNUMBER(T24)),VLOOKUP(ABS(T27-T24),'IMP Table'!$A$2:$C$26,3)*SIGN(T27-T24),0) | AI27: =IF(AND(ISNUMBER(T27),ISNUMBER(T25)),VLOOKUP(ABS(T27-T25),'IMP Table'!$A$2:$C$26,3)*SIGN(T27-T25),0) | AJ27: =IF(AND(ISNUMBER(T27),ISNUMBER(T26)),VLOOKUP(ABS(T27-T26),'IMP Table'!$A$2:$C$26,3)*SIGN(T27-T26),0)
A28: 6 | B28: ='By Round'!A23 | C28: ='By Round'!B23 | D28: ='By Round'!C23 | E28: ='By Round'!D23 | F28: =IF(ISBLANK('By Round'!F24),"",'By Round'!F24) | G28: =IF(ISBLANK('By Round'!G24),"",'By Round'!G24) | H28: =IF(ISBLANK('By Round'!H24),"",'By Round'!H24) | I28: =IF(ISBLANK('By Round'!I24),"",'By Round'!I24) | J28: =IF(ISBLANK('By Round'!J24),"",'By Round'!J24) | K28: =IF(ISBLANK('By Round'!K24),"",'By Round'!K24) | L28: =IF(ISBLANK('By Round'!L24),"",'By Round'!L24) | M28: =AVERAGE(AC28:AF28) | N28: =AVERAGE(AG28:AJ28) | O28: =IF(COUNT(U28:X28)>0,Q28/COUNT(U28:X28),0.5) | P28: =IF(COUNT(Y28:AB28)>0,R28/COUNT(Y28:AB28),0.5) | Q28: =SUM(U28:X28) | R28: =SUM(Y28:AB28) | S28: =IF(ISNUMBER(K28),K28,IF(ISNUMBER(L28),-L28,"")) | T28: =IF(ISNUMBER(L28),L28,IF(ISNUMBER(K28),-K28,"")) | U28: =IF(ISNUMBER(S28),IF(ISNUMBER(S29),IF(S28>S29,1.0,IF(S28=S29,0.5,0.0)),""),"") | V28: =IF(ISNUMBER(S28),IF(ISNUMBER(S30),IF(S28>S30,1.0,IF(S28=S30,0.5,0.0)),""),"") | W28: =IF(ISNUMBER(S28),IF(ISNUMBER(S31),IF(S28>S31,1.0,IF(S28=S31,0.5,0.0)),""),"") | X28: =IF(ISNUMBER(S28),IF(ISNUMBER(S32),IF(S28>S32,1.0,IF(S28=S32,0.5,0.0)),""),"") | Y28: =IF(ISNUMBER(T28),IF(ISNUMBER(T29),IF(T28>T29,1.0,IF(T28=T29,0.5,0.0)),""),"") | Z28: =IF(ISNUMBER(T28),IF(ISNUMBER(T30),IF(T28>T30,1.0,IF(T28=T30,0.5,0.0)),""),"") | AA28: =IF(ISNUMBER(T28),IF(ISNUMBER(T31),IF(T28>T31,1.0,IF(T28=T31,0.5,0.0)),""),"") | AB28: =IF(ISNUMBER(T28),IF(ISNUMBER(T32),IF(T28>T32,1.0,IF(T28=T32,0.5,0.0)),""),"") | AC28: =IF(AND(ISNUMBER(S28),ISNUMBER(S29)),VLOOKUP(ABS(S28-S29),'IMP Table'!$A$2:$C$26,3)*SIGN(S28-S29),0) | AD28: =IF(AND(ISNUMBER(S28),ISNUMBER(S30)),VLOOKUP(ABS(S28-S30),'IMP Table'!$A$2:$C$26,3)*SIGN(S28-S30),0) | AE28: =IF(AND(ISNUMBER(S28),ISNUMBER(S31)),VLOOKUP(ABS(S28-S31),'IMP Table'!$A$2:$C$26,3)*SIGN(S28-S31),0) | AF28: =IF(AND(ISNUMBER(S28),ISNUMBER(S32)),VLOOKUP(ABS(S28-S32),'IMP Table'!$A$2:$C$26,3)*SIGN(S28-S32),0) | AG28: =IF(AND(ISNUMBER(T28),ISNUMBER(T29)),VLOOKUP(ABS(T28-T29),'IMP Table'!$A$2:$C$26,3)*SIGN(T28-T29),0) | AH28: =IF(AND(ISNUMBER(T28),ISNUMBER(T30)),VLOOKUP(ABS(T28-T30),'IMP Table'!$A$2:$C$26,3)*SIGN(T28-T30),0) | AI28: =IF(AND(ISNUMBER(T28),ISNUMBER(T31)),VLOOKUP(ABS(T28-T31),'IMP Table'!$A$2:$C$26,3)*SIGN(T28-T31),0) | AJ28: =IF(AND(ISNUMBER(T28),ISNUMBER(T32)),VLOOKUP(ABS(T28-T32),'IMP Table'!$A$2:$C$26,3)*SIGN(T28-T32),0)
B29: ='By Round'!A13 | C29: ='By Round'!B15 | D29: ='By Round'!C15 | E29: ='By Round'!D15 | F29: =IF(ISBLANK('By Round'!F16),"",'By Round'!F16) | G29: =IF(ISBLANK('By Round'!G16),"",'By Round'!G16) | H29: =IF(ISBLANK('By Round'!H16),"",'By Round'!H16) | I29: =IF(ISBLANK('By Round'!I16),"",'By Round'!I16) | J29: =IF(ISBLANK('By Round'!J16),"",'By Round'!J16) | K29: =IF(ISBLANK('By Round'!K16),"",'By Round'!K16) | L29: =IF(ISBLANK('By Round'!L16),"",'By Round'!L16) | M29: =AVERAGE(AC29:AF29) | N29: =AVERAGE(AG29:AJ29) | O29: =IF(COUNT(U29:X29)>0,Q29/COUNT(U29:X29),0.5) | P29: =IF(COUNT(Y29:AB29)>0,R29/COUNT(Y29:AB29),0.5) | Q29: =SUM(U29:X29) | R29: =SUM(Y29:AB29) | S29: =IF(ISNUMBER(K29),K29,IF(ISNUMBER(L29),-L29,"")) | T29: =IF(ISNUMBER(L29),L29,IF(ISNUMBER(K29),-K29,"")) | U29: =IF(ISNUMBER(S29),IF(ISNUMBER(S28),IF(S29>S28,1.0,IF(S29=S28,0.5,0.0)),""),"") | V29: =IF(ISNUMBER(S29),IF(ISNUMBER(S30),IF(S29>S30,1.0,IF(S29=S30,0.5,0.0)),""),"") | W29: =IF(ISNUMBER(S29),IF(ISNUMBER(S31),IF(S29>S31,1.0,IF(S29=S31,0.5,0.0)),""),"") | X29: =IF(ISNUMBER(S29),IF(ISNUMBER(S32),IF(S29>S32,1.0,IF(S29=S32,0.5,0.0)),""),"") | Y29: =IF(ISNUMBER(T29),IF(ISNUMBER(T28),IF(T29>T28,1.0,IF(T29=T28,0.5,0.0)),""),"") | Z29: =IF(ISNUMBER(T29),IF(ISNUMBER(T30),IF(T29>T30,1.0,IF(T29=T30,0.5,0.0)),""),"") | AA29: =IF(ISNUMBER(T29),IF(ISNUMBER(T31),IF(T29>T31,1.0,IF(T29=T31,0.5,0.0)),""),"") | AB29: =IF(ISNUMBER(T29),IF(ISNUMBER(T32),IF(T29>T32,1.0,IF(T29=T32,0.5,0.0)),""),"") | AC29: =IF(AND(ISNUMBER(S29),ISNUMBER(S28)),VLOOKUP(ABS(S29-S28),'IMP Table'!$A$2:$C$26,3)*SIGN(S29-S28),0) | AD29: =IF(AND(ISNUMBER(S29),ISNUMBER(S30)),VLOOKUP(ABS(S29-S30),'IMP Table'!$A$2:$C$26,3)*SIGN(S29-S30),0) | AE29: =IF(AND(ISNUMBER(S29),ISNUMBER(S31)),VLOOKUP(ABS(S29-S31),'IMP Table'!$A$2:$C$26,3)*SIGN(S29-S31),0) | AF29: =IF(AND(ISNUMBER(S29),ISNUMBER(S32)),VLOOKUP(ABS(S29-S32),'IMP Table'!$A$2:$C$26,3)*SIGN(S29-S32),0) | AG29: =IF(AND(ISNUMBER(T29),ISNUMBER(T28)),VLOOKUP(ABS(T29-T28),'IMP Table'!$A$2:$C$26,3)*SIGN(T29-T28),0) | AH29: =IF(AND(ISNUMBER(T29),ISNUMBER(T30)),VLOOKUP(ABS(T29-T30),'IMP Table'!$A$2:$C$26,3)*SIGN(T29-T30),0) | AI29: =IF(AND(ISNUMBER(T29),ISNUMBER(T31)),VLOOKUP(ABS(T29-T31),'IMP Table'!$A$2:$C$26,3)*SIGN(T29-T31),0) | AJ29: =IF(AND(ISNUMBER(T29),ISNUMBER(T32)),VLOOKUP(ABS(T29-T32),'IMP Table'!$A$2:$C$26,3)*SIGN(T29-T32),0)
B30: ='By Round'!A3 | C30: ='By Round'!B7 | D30: ='By Round'!C7 | E30: ='By Round'!D7 | F30: =IF(ISBLANK('By Round'!F8),"",'By Round'!F8) | G30: =IF(ISBLANK('By Round'!G8),"",'By Round'!G8) | H30: =IF(ISBLANK('By Round'!H8),"",'By Round'!H8) | I30: =IF(ISBLANK('By Round'!I8),"",'By Round'!I8) | J30: =IF(ISBLANK('By Round'!J8),"",'By Round'!J8) | K30: =IF(ISBLANK('By Round'!K8),"",'By Round'!K8) | L30: =IF(ISBLANK('By Round'!L8),"",'By Round'!L8) | M30: =AVERAGE(AC30:AF30) | N30: =AVERAGE(AG30:AJ30) | O30: =IF(COUNT(U30:X30)>0,Q30/COUNT(U30:X30),0.5) | P30: =IF(COUNT(Y30:AB30)>0,R30/COUNT(Y30:AB30),0.5) | Q30: =SUM(U30:X30) | R30: =SUM(Y30:AB30) | S30: =IF(ISNUMBER(K30),K30,IF(ISNUMBER(L30),-L30,"")) | T30: =IF(ISNUMBER(L30),L30,IF(ISNUMBER(K30),-K30,"")) | U30: =IF(ISNUMBER(S30),IF(ISNUMBER(S28),IF(S30>S28,1.0,IF(S30=S28,0.5,0.0)),""),"") | V30: =IF(ISNUMBER(S30),IF(ISNUMBER(S29),IF(S30>S29,1.0,IF(S30=S29,0.5,0.0)),""),"") | W30: =IF(ISNUMBER(S30),IF(ISNUMBER(S31),IF(S30>S31,1.0,IF(S30=S31,0.5,0.0)),""),"") | X30: =IF(ISNUMBER(S30),IF(ISNUMBER(S32),IF(S30>S32,1.0,IF(S30=S32,0.5,0.0)),""),"") | Y30: =IF(ISNUMBER(T30),IF(ISNUMBER(T28),IF(T30>T28,1.0,IF(T30=T28,0.5,0.0)),""),"") | Z30: =IF(ISNUMBER(T30),IF(ISNUMBER(T29),IF(T30>T29,1.0,IF(T30=T29,0.5,0.0)),""),"") | AA30: =IF(ISNUMBER(T30),IF(ISNUMBER(T31),IF(T30>T31,1.0,IF(T30=T31,0.5,0.0)),""),"") | AB30: =IF(ISNUMBER(T30),IF(ISNUMBER(T32),IF(T30>T32,1.0,IF(T30=T32,0.5,0.0)),""),"") | AC30: =IF(AND(ISNUMBER(S30),ISNUMBER(S28)),VLOOKUP(ABS(S30-S28),'IMP Table'!$A$2:$C$26,3)*SIGN(S30-S28),0) | AD30: =IF(AND(ISNUMBER(S30),ISNUMBER(S29)),VLOOKUP(ABS(S30-S29),'IMP Table'!$A$2:$C$26,3)*SIGN(S30-S29),0) | AE30: =IF(AND(ISNUMBER(S30),ISNUMBER(S31)),VLOOKUP(ABS(S30-S31),'IMP Table'!$A$2:$C$26,3)*SIGN(S30-S31),0) | AF30: =IF(AND(ISNUMBER(S30),ISNUMBER(S32)),VLOOKUP(ABS(S30-S32),'IMP Table'!$A$2:$C$26,3)*SIGN(S30-S32),0) | AG30: =IF(AND(ISNUMBER(T30),ISNUMBER(T28)),VLOOKUP(ABS(T30-T28),'IMP Table'!$A$2:$C$26,3)*SIGN(T30-T28),0) | AH30: =IF(AND(ISNUMBER(T30),ISNUMBER(T29)),VLOOKUP(ABS(T30-T29),'IMP Table'!$A$2:$C$26,3)*SIGN(T30-T29),0) | AI30: =IF(AND(ISNUMBER(T30),ISNUMBER(T31)),VLOOKUP(ABS(T30-T31),'IMP Table'!$A$2:$C$26,3)*SIGN(T30-T31),0) | AJ30: =IF(AND(ISNUMBER(T30),ISNUMBER(T32)),VLOOKUP(ABS(T30-T32),'IMP Table'!$A$2:$C$26,3)*SIGN(T30-T32),0)
B31: ='By Round'!A43 | C31: ='By Round'!B49 | D31: ='By Round'!C49 | E31: ='By Round'!D49 | F31: =IF(ISBLANK('By Round'!F50),"",'By Round'!F50) | G31: =IF(ISBLANK('By Round'!G50),"",'By Round'!G50) | H31: =IF(ISBLANK('By Round'!H50),"",'By Round'!H50) | I31: =IF(ISBLANK('By Round'!I50),"",'By Round'!I50) | J31: =IF(ISBLANK('By Round'!J50),"",'By Round'!J50) | K31: =IF(ISBLANK('By Round'!K50),"",'By Round'!K50) | L31: =IF(ISBLANK('By Round'!L50),"",'By Round'!L50) | M31: =AVERAGE(AC31:AF31) | N31: =AVERAGE(AG31:AJ31) | O31: =IF(COUNT(U31:X31)>0,Q31/COUNT(U31:X31),0.5) | P31: =IF(COUNT(Y31:AB31)>0,R31/COUNT(Y31:AB31),0.5) | Q31: =SUM(U31:X31) | R31: =SUM(Y31:AB31) | S31: =IF(ISNUMBER(K31),K31,IF(ISNUMBER(L31),-L31,"")) | T31: =IF(ISNUMBER(L31),L31,IF(ISNUMBER(K31),-K31,"")) | U31: =IF(ISNUMBER(S31),IF(ISNUMBER(S28),IF(S31>S28,1.0,IF(S31=S28,0.5,0.0)),""),"") | V31: =IF(ISNUMBER(S31),IF(ISNUMBER(S29),IF(S31>S29,1.0,IF(S31=S29,0.5,0.0)),""),"") | W31: =IF(ISNUMBER(S31),IF(ISNUMBER(S30),IF(S31>S30,1.0,IF(S31=S30,0.5,0.0)),""),"") | X31: =IF(ISNUMBER(S31),IF(ISNUMBER(S32),IF(S31>S32,1.0,IF(S31=S32,0.5,0.0)),""),"") | Y31: =IF(ISNUMBER(T31),IF(ISNUMBER(T28),IF(T31>T28,1.0,IF(T31=T28,0.5,0.0)),""),"") | Z31: =IF(ISNUMBER(T31),IF(ISNUMBER(T29),IF(T31>T29,1.0,IF(T31=T29,0.5,0.0)),""),"") | AA31: =IF(ISNUMBER(T31),IF(ISNUMBER(T30),IF(T31>T30,1.0,IF(T31=T30,0.5,0.0)),""),"") | AB31: =IF(ISNUMBER(T31),IF(ISNUMBER(T32),IF(T31>T32,1.0,IF(T31=T32,0.5,0.0)),""),"") | AC31: =IF(AND(ISNUMBER(S31),ISNUMBER(S28)),VLOOKUP(ABS(S31-S28),'IMP Table'!$A$2:$C$26,3)*SIGN(S31-S28),0) | AD31: =IF(AND(ISNUMBER(S31),ISNUMBER(S29)),VLOOKUP(ABS(S31-S29),'IMP Table'!$A$2:$C$26,3)*SIGN(S31-S29),0) | AE31: =IF(AND(ISNUMBER(S31),ISNUMBER(S30)),VLOOKUP(ABS(S31-S30),'IMP Table'!$A$2:$C$26,3)*SIGN(S31-S30),0) | AF31: =IF(AND(ISNUMBER(S31),ISNUMBER(S32)),VLOOKUP(ABS(S31-S32),'IMP Table'!$A$2:$C$26,3)*SIGN(S31-S32),0) | AG31: =IF(AND(ISNUMBER(T31),ISNUMBER(T28)),VLOOKUP(ABS(T31-T28),'IMP Table'!$A$2:$C$26,3)*SIGN(T31-T28),0) | AH31: =IF(AND(ISNUMBER(T31),ISNUMBER(T29)),VLOOKUP(ABS(T31-T29),'IMP Table'!$A$2:$C$26,3)*SIGN(T31-T29),0) | AI31: =IF(AND(ISNUMBER(T31),ISNUMBER(T30)),VLOOKUP(ABS(T31-T30),'IMP Table'!$A$2:$C$26,3)*SIGN(T31-T30),0) | AJ31: =IF(AND(ISNUMBER(T31),ISNUMBER(T32)),VLOOKUP(ABS(T31-T32),'IMP Table'!$A$2:$C$26,3)*SIGN(T31-T32),0)
B32: ='By Round'!A33 | C32: ='By Round'!B41 | D32: ='By Round'!C41 | E32: ='By Round'!D41 | F32: =IF(ISBLANK('By Round'!F42),"",'By Round'!F42) | G32: =IF(ISBLANK('By Round'!G42),"",'By Round'!G42) | H32: =IF(ISBLANK('By Round'!H42),"",'By Round'!H42) | I32: =IF(ISBLANK('By Round'!I42),"",'By Round'!I42) | J32: =IF(ISBLANK('By Round'!J42),"",'By Round'!J42) | K32: =IF(ISBLANK('By Round'!K42),"",'By Round'!K42) | L32: =IF(ISBLANK('By Round'!L42),"",'By Round'!L42) | M32: =AVERAGE(AC32:AF32) | N32: =AVERAGE(AG32:AJ32) | O32: =IF(COUNT(U32:X32)>0,Q32/COUNT(U32:X32),0.5) | P32: =IF(COUNT(Y32:AB32)>0,R32/COUNT(Y32:AB32),0.5) | Q32: =SUM(U32:X32) | R32: =SUM(Y32:AB32) | S32: =IF(ISNUMBER(K32),K32,IF(ISNUMBER(L32),-L32,"")) | T32: =IF(ISNUMBER(L32),L32,IF(ISNUMBER(K32),-K32,"")) | U32: =IF(ISNUMBER(S32),IF(ISNUMBER(S28),IF(S32>S28,1.0,IF(S32=S28,0.5,0.0)),""),"") | V32: =IF(ISNUMBER(S32),IF(ISNUMBER(S29),IF(S32>S29,1.0,IF(S32=S29,0.5,0.0)),""),"") | W32: =IF(ISNUMBER(S32),IF(ISNUMBER(S30),IF(S32>S30,1.0,IF(S32=S30,0.5,0.0)),""),"") | X32: =IF(ISNUMBER(S32),IF(ISNUMBER(S31),IF(S32>S31,1.0,IF(S32=S31,0.5,0.0)),""),"") | Y32: =IF(ISNUMBER(T32),IF(ISNUMBER(T28),IF(T32>T28,1.0,IF(T32=T28,0.5,0.0)),""),"") | Z32: =IF(ISNUMBER(T32),IF(ISNUMBER(T29),IF(T32>T29,1.0,IF(T32=T29,0.5,0.0)),""),"") | AA32: =IF(ISNUMBER(T32),IF(ISNUMBER(T30),IF(T32>T30,1.0,IF(T32=T30,0.5,0.0)),""),"") | AB32: =IF(ISNUMBER(T32),IF(ISNUMBER(T31),IF(T32>T31,1.0,IF(T32=T31,0.5,0.0)),""),"") | AC32: =IF(AND(ISNUMBER(S32),ISNUMBER(S28)),VLOOKUP(ABS(S32-S28),'IMP Table'!$A$2:$C$26,3)*SIGN(S32-S28),0) | AD32: =IF(AND(ISNUMBER(S32),ISNUMBER(S29)),VLOOKUP(ABS(S32-S29),'IMP Table'!$A$2:$C$26,3)*SIGN(S32-S29),0) | AE32: =IF(AND(ISNUMBER(S32),ISNUMBER(S30)),VLOOKUP(ABS(S32-S30),'IMP Table'!$A$2:$C$26,3)*SIGN(S32-S30),0) | AF32: =IF(AND(ISNUMBER(S32),ISNUMBER(S31)),VLOOKUP(ABS(S32-S31),'IMP Table'!$A$2:$C$26,3)*SIGN(S32-S31),0) | AG32: =IF(AND(ISNUMBER(T32),ISNUMBER(T28)),VLOOKUP(ABS(T32-T28),'IMP Table'!$A$2:$C$26,3)*SIGN(T32-T28),0) | AH32: =IF(AND(ISNUMBER(T32),ISNUMBER(T29)),VLOOKUP(ABS(T32-T29),'IMP Table'!$A$2:$C$26,3)*SIGN(T32-T29),0) | AI32: =IF(AND(ISNUMBER(T32),ISNUMBER(T30)),VLOOKUP(ABS(T32-T30),'IMP Table'!$A$2:$C$26,3)*SIGN(T32-T30),0) | AJ32: =IF(AND(ISNUMBER(T32),ISNUMBER(T31)),VLOOKUP(ABS(T32-T31),'IMP Table'!$A$2:$C$26,3)*SIGN(T32-T31),0)
A33: 7 | B33: ='By Round'!A33 | C33: ='By Round'!B33 | D33: ='By Round'!C33 | E33: ='By Round'!D33 | F33: =IF(ISBLANK('By Round'!F33),"",'By Round'!F33) | G33: =IF(ISBLANK('By Round'!G33),"",'By Round'!G33) | H33: =IF(ISBLANK('By Round'!H33),"",'By Round'!H33) | I33: =IF(ISBLANK('By Round'!I33),"",'By Round'!I33) | J33: =IF(ISBLANK('By Round'!J33),"",'By Round'!J33) | K33: =IF(ISBLANK('By Round'!K33),"",'By Round'!K33) | L33: =IF(ISBLANK('By Round'!L33),"",'By Round'!L33) | M33: =AVERAGE(AC33:AF33) | N33: =AVERAGE(AG33:AJ33) | O33: =IF(COUNT(U33:X33)>0,Q33/COUNT(U33:X33),0.5) | P33: =IF(COUNT(Y33:AB33)>0,R33/COUNT(Y33:AB33),0.5) | Q33: =SUM(U33:X33) | R33: =SUM(Y33:AB33) | S33: =IF(ISNUMBER(K33),K33,IF(ISNUMBER(L33),-L33,"")) | T33: =IF(ISNUMBER(L33),L33,IF(ISNUMBER(K33),-K33,"")) | U33: =IF(ISNUMBER(S33),IF(ISNUMBER(S34),IF(S33>S34,1.0,IF(S33=S34,0.5,0.0)),""),"") | V33: =IF(ISNUMBER(S33),IF(ISNUMBER(S35),IF(S33>S35,1.0,IF(S33=S35,0.5,0.0)),""),"") | W33: =IF(ISNUMBER(S33),IF(ISNUMBER(S36),IF(S33>S36,1.0,IF(S33=S36,0.5,0.0)),""),"") | X33: =IF(ISNUMBER(S33),IF(ISNUMBER(S37),IF(S33>S37,1.0,IF(S33=S37,0.5,0.0)),""),"") | Y33: =IF(ISNUMBER(T33),IF(ISNUMBER(T34),IF(T33>T34,1.0,IF(T33=T34,0.5,0.0)),""),"") | Z33: =IF(ISNUMBER(T33),IF(ISNUMBER(T35),IF(T33>T35,1.0,IF(T33=T35,0.5,0.0)),""),"") | AA33: =IF(ISNUMBER(T33),IF(ISNUMBER(T36),IF(T33>T36,1.0,IF(T33=T36,0.5,0.0)),""),"") | AB33: =IF(ISNUMBER(T33),IF(ISNUMBER(T37),IF(T33>T37,1.0,IF(T33=T37,0.5,0.0)),""),"") | AC33: =IF(AND(ISNUMBER(S33),ISNUMBER(S34)),VLOOKUP(ABS(S33-S34),'IMP Table'!$A$2:$C$26,3)*SIGN(S33-S34),0) | AD33: =IF(AND(ISNUMBER(S33),ISNUMBER(S35)),VLOOKUP(ABS(S33-S35),'IMP Table'!$A$2:$C$26,3)*SIGN(S33-S35),0) | AE33: =IF(AND(ISNUMBER(S33),ISNUMBER(S36)),VLOOKUP(ABS(S33-S36),'IMP Table'!$A$2:$C$26,3)*SIGN(S33-S36),0) | AF33: =IF(AND(ISNUMBER(S33),ISNUMBER(S37)),VLOOKUP(ABS(S33-S37),'IMP Table'!$A$2:$C$26,3)*SIGN(S33-S37),0) | AG33: =IF(AND(ISNUMBER(T33),ISNUMBER(T34)),VLOOKUP(ABS(T33-T34),'IMP Table'!$A$2:$C$26,3)*SIGN(T33-T34),0) | AH33: =IF(AND(ISNUMBER(T33),ISNUMBER(T35)),VLOOKUP(ABS(T33-T35),'IMP Table'!$A$2:$C$26,3)*SIGN(T33-T35),0) | AI33: =IF(AND(ISNUMBER(T33),ISNUMBER(T36)),VLOOKUP(ABS(T33-T36),'IMP Table'!$A$2:$C$26,3)*SIGN(T33-T36),0) | AJ33: =IF(AND(ISNUMBER(T33),ISNUMBER(T37)),VLOOKUP(ABS(T33-T37),'IMP Table'!$A$2:$C$26,3)*SIGN(T33-T37),0)
B34: ='By Round'!A23 | C34: ='By Round'!B25 | D34: ='By Round'!C25 | E34: ='By Round'!D25 | F34: =IF(ISBLANK('By Round'!F25),"",'By Round'!F25) | G34: =IF(ISBLANK('By Round'!G25),"",'By Round'!G25) | H34: =IF(ISBLANK('By Round'!H25),"",'By Round'!H25) | I34: =IF(ISBLANK('By Round'!I25),"",'By Round'!I25) | J34: =IF(ISBLANK('By Round'!J25),"",'By Round'!J25) | K34: =IF(ISBLANK('By Round'!K25),"",'By Round'!K25) | L34: =IF(ISBLANK('By Round'!L25),"",'By Round'!L25) | M34: =AVERAGE(AC34:AF34) | N34: =AVERAGE(AG34:AJ34) | O34: =IF(COUNT(U34:X34)>0,Q34/COUNT(U34:X34),0.5) | P34: =IF(COUNT(Y34:AB34)>0,R34/COUNT(Y34:AB34),0.5) | Q34: =SUM(U34:X34) | R34: =SUM(Y34:AB34) | S34: =IF(ISNUMBER(K34),K34,IF(ISNUMBER(L34),-L34,"")) | T34: =IF(ISNUMBER(L34),L34,IF(ISNUMBER(K34),-K34,"")) | U34: =IF(ISNUMBER(S34),IF(ISNUMBER(S33),IF(S34>S33,1.0,IF(S34=S33,0.5,0.0)),""),"") | V34: =IF(ISNUMBER(S34),IF(ISNUMBER(S35),IF(S34>S35,1.0,IF(S34=S35,0.5,0.0)),""),"") | W34: =IF(ISNUMBER(S34),IF(ISNUMBER(S36),IF(S34>S36,1.0,IF(S34=S36,0.5,0.0)),""),"") | X34: =IF(ISNUMBER(S34),IF(ISNUMBER(S37),IF(S34>S37,1.0,IF(S34=S37,0.5,0.0)),""),"") | Y34: =IF(ISNUMBER(T34),IF(ISNUMBER(T33),IF(T34>T33,1.0,IF(T34=T33,0.5,0.0)),""),"") | Z34: =IF(ISNUMBER(T34),IF(ISNUMBER(T35),IF(T34>T35,1.0,IF(T34=T35,0.5,0.0)),""),"") | AA34: =IF(ISNUMBER(T34),IF(ISNUMBER(T36),IF(T34>T36,1.0,IF(T34=T36,0.5,0.0)),""),"") | AB34: =IF(ISNUMBER(T34),IF(ISNUMBER(T37),IF(T34>T37,1.0,IF(T34=T37,0.5,0.0)),""),"") | AC34: =IF(AND(ISNUMBER(S34),ISNUMBER(S33)),VLOOKUP(ABS(S34-S33),'IMP Table'!$A$2:$C$26,3)*SIGN(S34-S33),0) | AD34: =IF(AND(ISNUMBER(S34),ISNUMBER(S35)),VLOOKUP(ABS(S34-S35),'IMP Table'!$A$2:$C$26,3)*SIGN(S34-S35),0) | AE34: =IF(AND(ISNUMBER(S34),ISNUMBER(S36)),VLOOKUP(ABS(S34-S36),'IMP Table'!$A$2:$C$26,3)*SIGN(S34-S36),0) | AF34: =IF(AND(ISNUMBER(S34),ISNUMBER(S37)),VLOOKUP(ABS(S34-S37),'IMP Table'!$A$2:$C$26,3)*SIGN(S34-S37),0) | AG34: =IF(AND(ISNUMBER(T34),ISNUMBER(T33)),VLOOKUP(ABS(T34-T33),'IMP Table'!$A$2:$C$26,3)*SIGN(T34-T33),0) | AH34: =IF(AND(ISNUMBER(T34),ISNUMBER(T35)),VLOOKUP(ABS(T34-T35),'IMP Table'!$A$2:$C$26,3)*SIGN(T34-T35),0) | AI34: =IF(AND(ISNUMBER(T34),ISNUMBER(T36)),VLOOKUP(ABS(T34-T36),'IMP Table'!$A$2:$C$26,3)*SIGN(T34-T36),0) | AJ34: =IF(AND(ISNUMBER(T34),ISNUMBER(T37)),VLOOKUP(ABS(T34-T37),'IMP Table'!$A$2:$C$26,3)*SIGN(T34-T37),0)
B35: ='By Round'!A13 | C35: ='By Round'!B17 | D35: ='By Round'!C17 | E35: ='By Round'!D17 | F35: =IF(ISBLANK('By Round'!F17),"",'By Round'!F17) | G35: =IF(ISBLANK('By Round'!G17),"",'By Round'!G17) | H35: =IF(ISBLANK('By Round'!H17),"",'By Round'!H17) | I35: =IF(ISBLANK('By Round'!I17),"",'By Round'!I17) | J35: =IF(ISBLANK('By Round'!J17),"",'By Round'!J17) | K35: =IF(ISBLANK('By Round'!K17),"",'By Round'!K17) | L35: =IF(ISBLANK('By Round'!L17),"",'By Round'!L17) | M35: =AVERAGE(AC35:AF35) | N35: =AVERAGE(AG35:AJ35) | O35: =IF(COUNT(U35:X35)>0,Q35/COUNT(U35:X35),0.5) | P35: =IF(COUNT(Y35:AB35)>0,R35/COUNT(Y35:AB35),0.5) | Q35: =SUM(U35:X35) | R35: =SUM(Y35:AB35) | S35: =IF(ISNUMBER(K35),K35,IF(ISNUMBER(L35),-L35,"")) | T35: =IF(ISNUMBER(L35),L35,IF(ISNUMBER(K35),-K35,"")) | U35: =IF(ISNUMBER(S35),IF(ISNUMBER(S33),IF(S35>S33,1.0,IF(S35=S33,0.5,0.0)),""),"") | V35: =IF(ISNUMBER(S35),IF(ISNUMBER(S34),IF(S35>S34,1.0,IF(S35=S34,0.5,0.0)),""),"") | W35: =IF(ISNUMBER(S35),IF(ISNUMBER(S36),IF(S35>S36,1.0,IF(S35=S36,0.5,0.0)),""),"") | X35: =IF(ISNUMBER(S35),IF(ISNUMBER(S37),IF(S35>S37,1.0,IF(S35=S37,0.5,0.0)),""),"") | Y35: =IF(ISNUMBER(T35),IF(ISNUMBER(T33),IF(T35>T33,1.0,IF(T35=T33,0.5,0.0)),""),"") | Z35: =IF(ISNUMBER(T35),IF(ISNUMBER(T34),IF(T35>T34,1.0,IF(T35=T34,0.5,0.0)),""),"") | AA35: =IF(ISNUMBER(T35),IF(ISNUMBER(T36),IF(T35>T36,1.0,IF(T35=T36,0.5,0.0)),""),"") | AB35: =IF(ISNUMBER(T35),IF(ISNUMBER(T37),IF(T35>T37,1.0,IF(T35=T37,0.5,0.0)),""),"") | AC35: =IF(AND(ISNUMBER(S35),ISNUMBER(S33)),VLOOKUP(ABS(S35-S33),'IMP Table'!$A$2:$C$26,3)*SIGN(S35-S33),0) | AD35: =IF(AND(ISNUMBER(S35),ISNUMBER(S34)),VLOOKUP(ABS(S35-S34),'IMP Table'!$A$2:$C$26,3)*SIGN(S35-S34),0) | AE35: =IF(AND(ISNUMBER(S35),ISNUMBER(S36)),VLOOKUP(ABS(S35-S36),'IMP Table'!$A$2:$C$26,3)*SIGN(S35-S36),0) | AF35: =IF(AND(ISNUMBER(S35),ISNUMBER(S37)),VLOOKUP(ABS(S35-S37),'IMP Table'!$A$2:$C$26,3)*SIGN(S35-S37),0) | AG35: =IF(AND(ISNUMBER(T35),ISNUMBER(T33)),VLOOKUP(ABS(T35-T33),'IMP Table'!$A$2:$C$26,3)*SIGN(T35-T33),0) | AH35: =IF(AND(ISNUMBER(T35),ISNUMBER(T34)),VLOOKUP(ABS(T35-T34),'IMP Table'!$A$2:$C$26,3)*SIGN(T35-T34),0) | AI35: =IF(AND(ISNUMBER(T35),ISNUMBER(T36)),VLOOKUP(ABS(T35-T36),'IMP Table'!$A$2:$C$26,3)*SIGN(T35-T36),0) | AJ35: =IF(AND(ISNUMBER(T35),ISNUMBER(T37)),VLOOKUP(ABS(T35-T37),'IMP Table'!$A$2:$C$26,3)*SIGN(T35-T37),0)
B36: ='By Round'!A53 | C36: ='By Round'!B59 | D36: ='By Round'!C59 | E36: ='By Round'!D59 | F36: =IF(ISBLANK('By Round'!F59),"",'By Round'!F59) | G36: =IF(ISBLANK('By Round'!G59),"",'By Round'!G59) | H36: =IF(ISBLANK('By Round'!H59),"",'By Round'!H59) | I36: =IF(ISBLANK('By Round'!I59),"",'By Round'!I59) | J36: =IF(ISBLANK('By Round'!J59),"",'By Round'!J59) | K36: =IF(ISBLANK('By Round'!K59),"",'By Round'!K59) | L36: =IF(ISBLANK('By Round'!L59),"",'By Round'!L59) | M36: =AVERAGE(AC36:AF36) | N36: =AVERAGE(AG36:AJ36) | O36: =IF(COUNT(U36:X36)>0,Q36/COUNT(U36:X36),0.5) | P36: =IF(COUNT(Y36:AB36)>0,R36/COUNT(Y36:AB36),0.5) | Q36: =SUM(U36:X36) | R36: =SUM(Y36:AB36) | S36: =IF(ISNUMBER(K36),K36,IF(ISNUMBER(L36),-L36,"")) | T36: =IF(ISNUMBER(L36),L36,IF(ISNUMBER(K36),-K36,"")) | U36: =IF(ISNUMBER(S36),IF(ISNUMBER(S33),IF(S36>S33,1.0,IF(S36=S33,0.5,0.0)),""),"") | V36: =IF(ISNUMBER(S36),IF(ISNUMBER(S34),IF(S36>S34,1.0,IF(S36=S34,0.5,0.0)),""),"") | W36: =IF(ISNUMBER(S36),IF(ISNUMBER(S35),IF(S36>S35,1.0,IF(S36=S35,0.5,0.0)),""),"") | X36: =IF(ISNUMBER(S36),IF(ISNUMBER(S37),IF(S36>S37,1.0,IF(S36=S37,0.5,0.0)),""),"") | Y36: =IF(ISNUMBER(T36),IF(ISNUMBER(T33),IF(T36>T33,1.0,IF(T36=T33,0.5,0.0)),""),"") | Z36: =IF(ISNUMBER(T36),IF(ISNUMBER(T34),IF(T36>T34,1.0,IF(T36=T34,0.5,0.0)),""),"") | AA36: =IF(ISNUMBER(T36),IF(ISNUMBER(T35),IF(T36>T35,1.0,IF(T36=T35,0.5,0.0)),""),"") | AB36: =IF(ISNUMBER(T36),IF(ISNUMBER(T37),IF(T36>T37,1.0,IF(T36=T37,0.5,0.0)),""),"") | AC36: =IF(AND(ISNUMBER(S36),ISNUMBER(S33)),VLOOKUP(ABS(S36-S33),'IMP Table'!$A$2:$C$26,3)*SIGN(S36-S33),0) | AD36: =IF(AND(ISNUMBER(S36),ISNUMBER(S34)),VLOOKUP(ABS(S36-S34),'IMP Table'!$A$2:$C$26,3)*SIGN(S36-S34),0) | AE36: =IF(AND(ISNUMBER(S36),ISNUMBER(S35)),VLOOKUP(ABS(S36-S35),'IMP Table'!$A$2:$C$26,3)*SIGN(S36-S35),0) | AF36: =IF(AND(ISNUMBER(S36),ISNUMBER(S37)),VLOOKUP(ABS(S36-S37),'IMP Table'!$A$2:$C$26,3)*SIGN(S36-S37),0) | AG36: =IF(AND(ISNUMBER(T36),ISNUMBER(T33)),VLOOKUP(ABS(T36-T33),'IMP Table'!$A$2:$C$26,3)*SIGN(T36-T33),0) | AH36: =IF(AND(ISNUMBER(T36),ISNUMBER(T34)),VLOOKUP(ABS(T36-T34),'IMP Table'!$A$2:$C$26,3)*SIGN(T36-T34),0) | AI36: =IF(AND(ISNUMBER(T36),ISNUMBER(T35)),VLOOKUP(ABS(T36-T35),'IMP Table'!$A$2:$C$26,3)*SIGN(T36-T35),0) | AJ36: =IF(AND(ISNUMBER(T36),ISNUMBER(T37)),VLOOKUP(ABS(T36-T37),'IMP Table'!$A$2:$C$26,3)*SIGN(T36-T37),0)
B37: ='By Round'!A43 | C37: ='By Round'!B51 | D37: ='By Round'!C51 | E37: ='By Round'!D51 | F37: =IF(ISBLANK('By Round'!F51),"",'By Round'!F51) | G37: =IF(ISBLANK('By Round'!G51),"",'By Round'!G51) | H37: =IF(ISBLANK('By Round'!H51),"",'By Round'!H51) | I37: =IF(ISBLANK('By Round'!I51),"",'By Round'!I51) | J37: =IF(ISBLANK('By Round'!J51),"",'By Round'!J51) | K37: =IF(ISBLANK('By Round'!K51),"",'By Round'!K51) | L37: =IF(ISBLANK('By Round'!L51),"",'By Round'!L51) | M37: =AVERAGE(AC37:AF37) | N37: =AVERAGE(AG37:AJ37) | O37: =IF(COUNT(U37:X37)>0,Q37/COUNT(U37:X37),0.5) | P37: =IF(COUNT(Y37:AB37)>0,R37/COUNT(Y37:AB37),0.5) | Q37: =SUM(U37:X37) | R37: =SUM(Y37:AB37) | S37: =IF(ISNUMBER(K37),K37,IF(ISNUMBER(L37),-L37,"")) | T37: =IF(ISNUMBER(L37),L37,IF(ISNUMBER(K37),-K37,"")) | U37: =IF(ISNUMBER(S37),IF(ISNUMBER(S33),IF(S37>S33,1.0,IF(S37=S33,0.5,0.0)),""),"") | V37: =IF(ISNUMBER(S37),IF(ISNUMBER(S34),IF(S37>S34,1.0,IF(S37=S34,0.5,0.0)),""),"") | W37: =IF(ISNUMBER(S37),IF(ISNUMBER(S35),IF(S37>S35,1.0,IF(S37=S35,0.5,0.0)),""),"") | X37: =IF(ISNUMBER(S37),IF(ISNUMBER(S36),IF(S37>S36,1.0,IF(S37=S36,0.5,0.0)),""),"") | Y37: =IF(ISNUMBER(T37),IF(ISNUMBER(T33),IF(T37>T33,1.0,IF(T37=T33,0.5,0.0)),""),"") | Z37: =IF(ISNUMBER(T37),IF(ISNUMBER(T34),IF(T37>T34,1.0,IF(T37=T34,0.5,0.0)),""),"") | AA37: =IF(ISNUMBER(T37),IF(ISNUMBER(T35),IF(T37>T35,1.0,IF(T37=T35,0.5,0.0)),""),"") | AB37: =IF(ISNUMBER(T37),IF(ISNUMBER(T36),IF(T37>T36,1.0,IF(T37=T36,0.5,0.0)),""),"") | AC37: =IF(AND(ISNUMBER(S37),ISNUMBER(S33)),VLOOKUP(ABS(S37-S33),'IMP Table'!$A$2:$C$26,3)*SIGN(S37-S33),0) | AD37: =IF(AND(ISNUMBER(S37),ISNUMBER(S34)),VLOOKUP(ABS(S37-S34),'IMP Table'!$A$2:$C$26,3)*SIGN(S37-S34),0) | AE37: =IF(AND(ISNUMBER(S37),ISNUMBER(S35)),VLOOKUP(ABS(S37-S35),'IMP Table'!$A$2:$C$26,3)*SIGN(S37-S35),0) | AF37: =IF(AND(ISNUMBER(S37),ISNUMBER(S36)),VLOOKUP(ABS(S37-S36),'IMP Table'!$A$2:$C$26,3)*SIGN(S37-S36),0) | AG37: =IF(AND(ISNUMBER(T37),ISNUMBER(T33)),VLOOKUP(ABS(T37-T33),'IMP Table'!$A$2:$C$26,3)*SIGN(T37-T33),0) | AH37: =IF(AND(ISNUMBER(T37),ISNUMBER(T34)),VLOOKUP(ABS(T37-T34),'IMP Table'!$A$2:$C$26,3)*SIGN(T37-T34),0) | AI37: =IF(AND(ISNUMBER(T37),ISNUMBER(T35)),VLOOKUP(ABS(T37-T35),'IMP Table'!$A$2:$C$26,3)*SIGN(T37-T35),0) | AJ37: =IF(AND(ISNUMBER(T37),ISNUMBER(T36)),VLOOKUP(ABS(T37-T36),'IMP Table'!$A$2:$C$26,3)*SIGN(T37-T36),0)
A38: 8 | B38: ='By Round'!A33 | C38: ='By Round'!B33 | D38: ='By Round'!C33 | E38: ='By Round'!D33 | F38: =IF(ISBLANK('By Round'!F34),"",'By Round'!F34) | G38: =IF(ISBLANK('By Round'!G34),"",'By Round'!G34) | H38: =IF(ISBLANK('By Round'!H34),"",'By Round'!H34) | I38: =IF(ISBLANK('By Round'!I34),"",'By Round'!I34) | J38: =IF(ISBLANK('By Round'!J34),"",'By Round'!J34) | K38: =IF(ISBLANK('By Round'!K34),"",'By Round'!K34) | L38: =IF(ISBLANK('By Round'!L34),"",'By Round'!L34) | M38: =AVERAGE(AC38:AF38) | N38: =AVERAGE(AG38:AJ38) | O38: =IF(COUNT(U38:X38)>0,Q38/COUNT(U38:X38),0.5) | P38: =IF(COUNT(Y38:AB38)>0,R38/COUNT(Y38:AB38),0.5) | Q38: =SUM(U38:X38) | R38: =SUM(Y38:AB38) | S38: =IF(ISNUMBER(K38),K38,IF(ISNUMBER(L38),-L38,"")) | T38: =IF(ISNUMBER(L38),L38,IF(ISNUMBER(K38),-K38,"")) | U38: =IF(ISNUMBER(S38),IF(ISNUMBER(S39),IF(S38>S39,1.0,IF(S38=S39,0.5,0.0)),""),"") | V38: =IF(ISNUMBER(S38),IF(ISNUMBER(S40),IF(S38>S40,1.0,IF(S38=S40,0.5,0.0)),""),"") | W38: =IF(ISNUMBER(S38),IF(ISNUMBER(S41),IF(S38>S41,1.0,IF(S38=S41,0.5,0.0)),""),"") | X38: =IF(ISNUMBER(S38),IF(ISNUMBER(S42),IF(S38>S42,1.0,IF(S38=S42,0.5,0.0)),""),"") | Y38: =IF(ISNUMBER(T38),IF(ISNUMBER(T39),IF(T38>T39,1.0,IF(T38=T39,0.5,0.0)),""),"") | Z38: =IF(ISNUMBER(T38),IF(ISNUMBER(T40),IF(T38>T40,1.0,IF(T38=T40,0.5,0.0)),""),"") | AA38: =IF(ISNUMBER(T38),IF(ISNUMBER(T41),IF(T38>T41,1.0,IF(T38=T41,0.5,0.0)),""),"") | AB38: =IF(ISNUMBER(T38),IF(ISNUMBER(T42),IF(T38>T42,1.0,IF(T38=T42,0.5,0.0)),""),"") | AC38: =IF(AND(ISNUMBER(S38),ISNUMBER(S39)),VLOOKUP(ABS(S38-S39),'IMP Table'!$A$2:$C$26,3)*SIGN(S38-S39),0) | AD38: =IF(AND(ISNUMBER(S38),ISNUMBER(S40)),VLOOKUP(ABS(S38-S40),'IMP Table'!$A$2:$C$26,3)*SIGN(S38-S40),0) | AE38: =IF(AND(ISNUMBER(S38),ISNUMBER(S41)),VLOOKUP(ABS(S38-S41),'IMP Table'!$A$2:$C$26,3)*SIGN(S38-S41),0) | AF38: =IF(AND(ISNUMBER(S38),ISNUMBER(S42)),VLOOKUP(ABS(S38-S42),'IMP Table'!$A$2:$C$26,3)*SIGN(S38-S42),0) | AG38: =IF(AND(ISNUMBER(T38),ISNUMBER(T39)),VLOOKUP(ABS(T38-T39),'IMP Table'!$A$2:$C$26,3)*SIGN(T38-T39),0) | AH38: =IF(AND(ISNUMBER(T38),ISNUMBER(T40)),VLOOKUP(ABS(T38-T40),'IMP Table'!$A$2:$C$26,3)*SIGN(T38-T40),0) | AI38: =IF(AND(ISNUMBER(T38),ISNUMBER(T41)),VLOOKUP(ABS(T38-T41),'IMP Table'!$A$2:$C$26,3)*SIGN(T38-T41),0) | AJ38: =IF(AND(ISNUMBER(T38),ISNUMBER(T42)),VLOOKUP(ABS(T38-T42),'IMP Table'!$A$2:$C$26,3)*SIGN(T38-T42),0)
B39: ='By Round'!A23 | C39: ='By Round'!B25 | D39: ='By Round'!C25 | E39: ='By Round'!D25 | F39: =IF(ISBLANK('By Round'!F26),"",'By Round'!F26) | G39: =IF(ISBLANK('By Round'!G26),"",'By Round'!G26) | H39: =IF(ISBLANK('By Round'!H26),"",'By Round'!H26) | I39: =IF(ISBLANK('By Round'!I26),"",'By Round'!I26) | J39: =IF(ISBLANK('By Round'!J26),"",'By Round'!J26) | K39: =IF(ISBLANK('By Round'!K26),"",'By Round'!K26) | L39: =IF(ISBLANK('By Round'!L26),"",'By Round'!L26) | M39: =AVERAGE(AC39:AF39) | N39: =AVERAGE(AG39:AJ39) | O39: =IF(COUNT(U39:X39)>0,Q39/COUNT(U39:X39),0.5) | P39: =IF(COUNT(Y39:AB39)>0,R39/COUNT(Y39:AB39),0.5) | Q39: =SUM(U39:X39) | R39: =SUM(Y39:AB39) | S39: =IF(ISNUMBER(K39),K39,IF(ISNUMBER(L39),-L39,"")) | T39: =IF(ISNUMBER(L39),L39,IF(ISNUMBER(K39),-K39,"")) | U39: =IF(ISNUMBER(S39),IF(ISNUMBER(S38),IF(S39>S38,1.0,IF(S39=S38,0.5,0.0)),""),"") | V39: =IF(ISNUMBER(S39),IF(ISNUMBER(S40),IF(S39>S40,1.0,IF(S39=S40,0.5,0.0)),""),"") | W39: =IF(ISNUMBER(S39),IF(ISNUMBER(S41),IF(S39>S41,1.0,IF(S39=S41,0.5,0.0)),""),"") | X39: =IF(ISNUMBER(S39),IF(ISNUMBER(S42),IF(S39>S42,1.0,IF(S39=S42,0.5,0.0)),""),"") | Y39: =IF(ISNUMBER(T39),IF(ISNUMBER(T38),IF(T39>T38,1.0,IF(T39=T38,0.5,0.0)),""),"") | Z39: =IF(ISNUMBER(T39),IF(ISNUMBER(T40),IF(T39>T40,1.0,IF(T39=T40,0.5,0.0)),""),"") | AA39: =IF(ISNUMBER(T39),IF(ISNUMBER(T41),IF(T39>T41,1.0,IF(T39=T41,0.5,0.0)),""),"") | AB39: =IF(ISNUMBER(T39),IF(ISNUMBER(T42),IF(T39>T42,1.0,IF(T39=T42,0.5,0.0)),""),"") | AC39: =IF(AND(ISNUMBER(S39),ISNUMBER(S38)),VLOOKUP(ABS(S39-S38),'IMP Table'!$A$2:$C$26,3)*SIGN(S39-S38),0) | AD39: =IF(AND(ISNUMBER(S39),ISNUMBER(S40)),VLOOKUP(ABS(S39-S40),'IMP Table'!$A$2:$C$26,3)*SIGN(S39-S40),0) | AE39: =IF(AND(ISNUMBER(S39),ISNUMBER(S41)),VLOOKUP(ABS(S39-S41),'IMP Table'!$A$2:$C$26,3)*SIGN(S39-S41),0) | AF39: =IF(AND(ISNUMBER(S39),ISNUMBER(S42)),VLOOKUP(ABS(S39-S42),'IMP Table'!$A$2:$C$26,3)*SIGN(S39-S42),0) | AG39: =IF(AND(ISNUMBER(T39),ISNUMBER(T38)),VLOOKUP(ABS(T39-T38),'IMP Table'!$A$2:$C$26,3)*SIGN(T39-T38),0) | AH39: =IF(AND(ISNUMBER(T39),ISNUMBER(T40)),VLOOKUP(ABS(T39-T40),'IMP Table'!$A$2:$C$26,3)*SIGN(T39-T40),0) | AI39: =IF(AND(ISNUMBER(T39),ISNUMBER(T41)),VLOOKUP(ABS(T39-T41),'IMP Table'!$A$2:$C$26,3)*SIGN(T39-T41),0) | AJ39: =IF(AND(ISNUMBER(T39),ISNUMBER(T42)),VLOOKUP(ABS(T39-T42),'IMP Table'!$A$2:$C$26,3)*SIGN(T39-T42),0)
B40: ='By Round'!A13 | C40: ='By Round'!B17 | D40: ='By Round'!C17 | E40: ='By Round'!D17 | F40: =IF(ISBLANK('By Round'!F18),"",'By Round'!F18) | G40: =IF(ISBLANK('By Round'!G18),"",'By Round'!G18) | H40: =IF(ISBLANK('By Round'!H18),"",'By Round'!H18) | I40: =IF(ISBLANK('By Round'!I18),"",'By Round'!I18) | J40: =IF(ISBLANK('By Round'!J18),"",'By Round'!J18) | K40: =IF(ISBLANK('By Round'!K18),"",'By Round'!K18) | L40: =IF(ISBLANK('By Round'!L18),"",'By Round'!L18) | M40: =AVERAGE(AC40:AF40) | N40: =AVERAGE(AG40:AJ40) | O40: =IF(COUNT(U40:X40)>0,Q40/COUNT(U40:X40),0.5) | P40: =IF(COUNT(Y40:AB40)>0,R40/COUNT(Y40:AB40),0.5) | Q40: =SUM(U40:X40) | R40: =SUM(Y40:AB40) | S40: =IF(ISNUMBER(K40),K40,IF(ISNUMBER(L40),-L40,"")) | T40: =IF(ISNUMBER(L40),L40,IF(ISNUMBER(K40),-K40,"")) | U40: =IF(ISNUMBER(S40),IF(ISNUMBER(S38),IF(S40>S38,1.0,IF(S40=S38,0.5,0.0)),""),"") | V40: =IF(ISNUMBER(S40),IF(ISNUMBER(S39),IF(S40>S39,1.0,IF(S40=S39,0.5,0.0)),""),"") | W40: =IF(ISNUMBER(S40),IF(ISNUMBER(S41),IF(S40>S41,1.0,IF(S40=S41,0.5,0.0)),""),"") | X40: =IF(ISNUMBER(S40),IF(ISNUMBER(S42),IF(S40>S42,1.0,IF(S40=S42,0.5,0.0)),""),"") | Y40: =IF(ISNUMBER(T40),IF(ISNUMBER(T38),IF(T40>T38,1.0,IF(T40=T38,0.5,0.0)),""),"") | Z40: =IF(ISNUMBER(T40),IF(ISNUMBER(T39),IF(T40>T39,1.0,IF(T40=T39,0.5,0.0)),""),"") | AA40: =IF(ISNUMBER(T40),IF(ISNUMBER(T41),IF(T40>T41,1.0,IF(T40=T41,0.5,0.0)),""),"") | AB40: =IF(ISNUMBER(T40),IF(ISNUMBER(T42),IF(T40>T42,1.0,IF(T40=T42,0.5,0.0)),""),"") | AC40: =IF(AND(ISNUMBER(S40),ISNUMBER(S38)),VLOOKUP(ABS(S40-S38),'IMP Table'!$A$2:$C$26,3)*SIGN(S40-S38),0) | AD40: =IF(AND(ISNUMBER(S40),ISNUMBER(S39)),VLOOKUP(ABS(S40-S39),'IMP Table'!$A$2:$C$26,3)*SIGN(S40-S39),0) | AE40: =IF(AND(ISNUMBER(S40),ISNUMBER(S41)),VLOOKUP(ABS(S40-S41),'IMP Table'!$A$2:$C$26,3)*SIGN(S40-S41),0) | AF40: =IF(AND(ISNUMBER(S40),ISNUMBER(S42)),VLOOKUP(ABS(S40-S42),'IMP Table'!$A$2:$C$26,3)*SIGN(S40-S42),0) | AG40: =IF(AND(ISNUMBER(T40),ISNUMBER(T38)),VLOOKUP(ABS(T40-T38),'IMP Table'!$A$2:$C$26,3)*SIGN(T40-T38),0) | AH40: =IF(AND(ISNUMBER(T40),ISNUMBER(T39)),VLOOKUP(ABS(T40-T39),'IMP Table'!$A$2:$C$26,3)*SIGN(T40-T39),0) | AI40: =IF(AND(ISNUMBER(T40),ISNUMBER(T41)),VLOOKUP(ABS(T40-T41),'IMP Table'!$A$2:$C$26,3)*SIGN(T40-T41),0) | AJ40: =IF(AND(ISNUMBER(T40),ISNUMBER(T42)),VLOOKUP(ABS(T40-T42),'IMP Table'!$A$2:$C$26,3)*SIGN(T40-T42),0)
B41: ='By Round'!A53 | C41: ='By Round'!B59 | D41: ='By Round'!C59 | E41: ='By Round'!D59 | F41: =IF(ISBLANK('By Round'!F60),"",'By Round'!F60) | G41: =IF(ISBLANK('By Round'!G60),"",'By Round'!G60) | H41: =IF(ISBLANK('By Round'!H60),"",'By Round'!H60) | I41: =IF(ISBLANK('By Round'!I60),"",'By Round'!I60) | J41: =IF(ISBLANK('By Round'!J60),"",'By Round'!J60) | K41: =IF(ISBLANK('By Round'!K60),"",'By Round'!K60) | L41: =IF(ISBLANK('By Round'!L60),"",'By Round'!L60) | M41: =AVERAGE(AC41:AF41) | N41: =AVERAGE(AG41:AJ41) | O41: =IF(COUNT(U41:X41)>0,Q41/COUNT(U41:X41),0.5) | P41: =IF(COUNT(Y41:AB41)>0,R41/COUNT(Y41:AB41),0.5) | Q41: =SUM(U41:X41) | R41: =SUM(Y41:AB41) | S41: =IF(ISNUMBER(K41),K41,IF(ISNUMBER(L41),-L41,"")) | T41: =IF(ISNUMBER(L41),L41,IF(ISNUMBER(K41),-K41,"")) | U41: =IF(ISNUMBER(S41),IF(ISNUMBER(S38),IF(S41>S38,1.0,IF(S41=S38,0.5,0.0)),""),"") | V41: =IF(ISNUMBER(S41),IF(ISNUMBER(S39),IF(S41>S39,1.0,IF(S41=S39,0.5,0.0)),""),"") | W41: =IF(ISNUMBER(S41),IF(ISNUMBER(S40),IF(S41>S40,1.0,IF(S41=S40,0.5,0.0)),""),"") | X41: =IF(ISNUMBER(S41),IF(ISNUMBER(S42),IF(S41>S42,1.0,IF(S41=S42,0.5,0.0)),""),"") | Y41: =IF(ISNUMBER(T41),IF(ISNUMBER(T38),IF(T41>T38,1.0,IF(T41=T38,0.5,0.0)),""),"") | Z41: =IF(ISNUMBER(T41),IF(ISNUMBER(T39),IF(T41>T39,1.0,IF(T41=T39,0.5,0.0)),""),"") | AA41: =IF(ISNUMBER(T41),IF(ISNUMBER(T40),IF(T41>T40,1.0,IF(T41=T40,0.5,0.0)),""),"") | AB41: =IF(ISNUMBER(T41),IF(ISNUMBER(T42),IF(T41>T42,1.0,IF(T41=T42,0.5,0.0)),""),"") | AC41: =IF(AND(ISNUMBER(S41),ISNUMBER(S38)),VLOOKUP(ABS(S41-S38),'IMP Table'!$A$2:$C$26,3)*SIGN(S41-S38),0) | AD41: =IF(AND(ISNUMBER(S41),ISNUMBER(S39)),VLOOKUP(ABS(S41-S39),'IMP Table'!$A$2:$C$26,3)*SIGN(S41-S39),0) | AE41: =IF(AND(ISNUMBER(S41),ISNUMBER(S40)),VLOOKUP(ABS(S41-S40),'IMP Table'!$A$2:$C$26,3)*SIGN(S41-S40),0) | AF41: =IF(AND(ISNUMBER(S41),ISNUMBER(S42)),VLOOKUP(ABS(S41-S42),'IMP Table'!$A$2:$C$26,3)*SIGN(S41-S42),0) | AG41: =IF(AND(ISNUMBER(T41),ISNUMBER(T38)),VLOOKUP(ABS(T41-T38),'IMP Table'!$A$2:$C$26,3)*SIGN(T41-T38),0) | AH41: =IF(AND(ISNUMBER(T41),ISNUMBER(T39)),VLOOKUP(ABS(T41-T39),'IMP Table'!$A$2:$C$26,3)*SIGN(T41-T39),0) | AI41: =IF(AND(ISNUMBER(T41),ISNUMBER(T40)),VLOOKUP(ABS(T41-T40),'IMP Table'!$A$2:$C$26,3)*SIGN(T41-T40),0) | AJ41: =IF(AND(ISNUMBER(T41),ISNUMBER(T42)),VLOOKUP(ABS(T41-T42),'IMP Table'!$A$2:$C$26,3)*SIGN(T41-T42),0)
B42: ='By Round'!A43 | C42: ='By Round'!B51 | D42: ='By Round'!C51 | E42: ='By Round'!D51 | F42: =IF(ISBLANK('By Round'!F52),"",'By Round'!F52) | G42: =IF(ISBLANK('By Round'!G52),"",'By Round'!G52) | H42: =IF(ISBLANK('By Round'!H52),"",'By Round'!H52) | I42: =IF(ISBLANK('By Round'!I52),"",'By Round'!I52) | J42: =IF(ISBLANK('By Round'!J52),"",'By Round'!J52) | K42: =IF(ISBLANK('By Round'!K52),"",'By Round'!K52) | L42: =IF(ISBLANK('By Round'!L52),"",'By Round'!L52) | M42: =AVERAGE(AC42:AF42) | N42: =AVERAGE(AG42:AJ42) | O42: =IF(COUNT(U42:X42)>0,Q42/COUNT(U42:X42),0.5) | P42: =IF(COUNT(Y42:AB42)>0,R42/COUNT(Y42:AB42),0.5) | Q42: =SUM(U42:X42) | R42: =SUM(Y42:AB42) | S42: =IF(ISNUMBER(K42),K42,IF(ISNUMBER(L42),-L42,"")) | T42: =IF(ISNUMBER(L42),L42,IF(ISNUMBER(K42),-K42,"")) | U42: =IF(ISNUMBER(S42),IF(ISNUMBER(S38),IF(S42>S38,1.0,IF(S42=S38,0.5,0.0)),""),"") | V42: =IF(ISNUMBER(S42),IF(ISNUMBER(S39),IF(S42>S39,1.0,IF(S42=S39,0.5,0.0)),""),"") | W42: =IF(ISNUMBER(S42),IF(ISNUMBER(S40),IF(S42>S40,1.0,IF(S42=S40,0.5,0.0)),""),"") | X42: =IF(ISNUMBER(S42),IF(ISNUMBER(S41),IF(S42>S41,1.0,IF(S42=S41,0.5,0.0)),""),"") | Y42: =IF(ISNUMBER(T42),IF(ISNUMBER(T38),IF(T42>T38,1.0,IF(T42=T38,0.5,0.0)),""),"") | Z42: =IF(ISNUMBER(T42),IF(ISNUMBER(T39),IF(T42>T39,1.0,IF(T42=T39,0.5,0.0)),""),"") | AA42: =IF(ISNUMBER(T42),IF(ISNUMBER(T40),IF(T42>T40,1.0,IF(T42=T40,0.5,0.0)),""),"") | AB42: =IF(ISNUMBER(T42),IF(ISNUMBER(T41),IF(T42>T41,1.0,IF(T42=T41,0.5,0.0)),""),"") | AC42: =IF(AND(ISNUMBER(S42),ISNUMBER(S38)),VLOOKUP(ABS(S42-S38),'IMP Table'!$A$2:$C$26,3)*SIGN(S42-S38),0) | AD42: =IF(AND(ISNUMBER(S42),ISNUMBER(S39)),VLOOKUP(ABS(S42-S39),'IMP Table'!$A$2:$C$26,3)*SIGN(S42-S39),0) | AE42: =IF(AND(ISNUMBER(S42),ISNUMBER(S40)),VLOOKUP(ABS(S42-S40),'IMP Table'!$A$2:$C$26,3)*SIGN(S42-S40),0) | AF42: =IF(AND(ISNUMBER(S42),ISNUMBER(S41)),VLOOKUP(ABS(S42-S41),'IMP Table'!$A$2:$C$26,3)*SIGN(S42-S41),0) | AG42: =IF(AND(ISNUMBER(T42),ISNUMBER(T38)),VLOOKUP(ABS(T42-T38),'IMP Table'!$A$2:$C$26,3)*SIGN(T42-T38),0) | AH42: =IF(AND(ISNUMBER(T42),ISNUMBER(T39)),VLOOKUP(ABS(T42-T39),'IMP Table'!$A$2:$C$26,3)*SIGN(T42-T39),0) | AI42: =IF(AND(ISNUMBER(T42),ISNUMBER(T40)),VLOOKUP(ABS(T42-T40),'IMP Table'!$A$2:$C$26,3)*SIGN(T42-T40),0) | AJ42: =IF(AND(ISNUMBER(T42),ISNUMBER(T41)),VLOOKUP(ABS(T42-T41),'IMP Table'!$A$2:$C$26,3)*SIGN(T42-T41),0)
A43: 9 | B43: ='By Round'!A43 | C43: ='By Round'!B43 | D43: ='By Round'!C43 | E43: ='By Round'!D43 | F43: =IF(ISBLANK('By Round'!F43),"",'By Round'!F43) | G43: =IF(ISBLANK('By Round'!G43),"",'By Round'!G43) | H43: =IF(ISBLANK('By Round'!H43),"",'By Round'!H43) | I43: =IF(ISBLANK('By Round'!I43),"",'By Round'!I43) | J43: =IF(ISBLANK('By Round'!J43),"",'By Round'!J43) | K43: =IF(ISBLANK('By Round'!K43),"",'By Round'!K43) | L43: =IF(ISBLANK('By Round'!L43),"",'By Round'!L43) | M43: =AVERAGE(AC43:AF43) | N43: =AVERAGE(AG43:AJ43) | O43: =IF(COUNT(U43:X43)>0,Q43/COUNT(U43:X43),0.5) | P43: =IF(COUNT(Y43:AB43)>0,R43/COUNT(Y43:AB43),0.5) | Q43: =SUM(U43:X43) | R43: =SUM(Y43:AB43) | S43: =IF(ISNUMBER(K43),K43,IF(ISNUMBER(L43),-L43,"")) | T43: =IF(ISNUMBER(L43),L43,IF(ISNUMBER(K43),-K43,"")) | U43: =IF(ISNUMBER(S43),IF(ISNUMBER(S44),IF(S43>S44,1.0,IF(S43=S44,0.5,0.0)),""),"") | V43: =IF(ISNUMBER(S43),IF(ISNUMBER(S45),IF(S43>S45,1.0,IF(S43=S45,0.5,0.0)),""),"") | W43: =IF(ISNUMBER(S43),IF(ISNUMBER(S46),IF(S43>S46,1.0,IF(S43=S46,0.5,0.0)),""),"") | X43: =IF(ISNUMBER(S43),IF(ISNUMBER(S47),IF(S43>S47,1.0,IF(S43=S47,0.5,0.0)),""),"") | Y43: =IF(ISNUMBER(T43),IF(ISNUMBER(T44),IF(T43>T44,1.0,IF(T43=T44,0.5,0.0)),""),"") | Z43: =IF(ISNUMBER(T43),IF(ISNUMBER(T45),IF(T43>T45,1.0,IF(T43=T45,0.5,0.0)),""),"") | AA43: =IF(ISNUMBER(T43),IF(ISNUMBER(T46),IF(T43>T46,1.0,IF(T43=T46,0.5,0.0)),""),"") | AB43: =IF(ISNUMBER(T43),IF(ISNUMBER(T47),IF(T43>T47,1.0,IF(T43=T47,0.5,0.0)),""),"") | AC43: =IF(AND(ISNUMBER(S43),ISNUMBER(S44)),VLOOKUP(ABS(S43-S44),'IMP Table'!$A$2:$C$26,3)*SIGN(S43-S44),0) | AD43: =IF(AND(ISNUMBER(S43),ISNUMBER(S45)),VLOOKUP(ABS(S43-S45),'IMP Table'!$A$2:$C$26,3)*SIGN(S43-S45),0) | AE43: =IF(AND(ISNUMBER(S43),ISNUMBER(S46)),VLOOKUP(ABS(S43-S46),'IMP Table'!$A$2:$C$26,3)*SIGN(S43-S46),0) | AF43: =IF(AND(ISNUMBER(S43),ISNUMBER(S47)),VLOOKUP(ABS(S43-S47),'IMP Table'!$A$2:$C$26,3)*SIGN(S43-S47),0) | AG43: =IF(AND(ISNUMBER(T43),ISNUMBER(T44)),VLOOKUP(ABS(T43-T44),'IMP Table'!$A$2:$C$26,3)*SIGN(T43-T44),0) | AH43: =IF(AND(ISNUMBER(T43),ISNUMBER(T45)),VLOOKUP(ABS(T43-T45),'IMP Table'!$A$2:$C$26,3)*SIGN(T43-T45),0) | AI43: =IF(AND(ISNUMBER(T43),ISNUMBER(T46)),VLOOKUP(ABS(T43-T46),'IMP Table'!$A$2:$C$26,3)*SIGN(T43-T46),0) | AJ43: =IF(AND(ISNUMBER(T43),ISNUMBER(T47)),VLOOKUP(ABS(T43-T47),'IMP Table'!$A$2:$C$26,3)*SIGN(T43-T47),0)
B44: ='By Round'!A53 | C44: ='By Round'!B61 | D44: ='By Round'!C61 | E44: ='By Round'!D61 | F44: =IF(ISBLANK('By Round'!F61),"",'By Round'!F61) | G44: =IF(ISBLANK('By Round'!G61),"",'By Round'!G61) | H44: =IF(ISBLANK('By Round'!H61),"",'By Round'!H61) | I44: =IF(ISBLANK('By Round'!I61),"",'By Round'!I61) | J44: =IF(ISBLANK('By Round'!J61),"",'By Round'!J61) | K44: =IF(ISBLANK('By Round'!K61),"",'By Round'!K61) | L44: =IF(ISBLANK('By Round'!L61),"",'By Round'!L61) | M44: =AVERAGE(AC44:AF44) | N44: =AVERAGE(AG44:AJ44) | O44: =IF(COUNT(U44:X44)>0,Q44/COUNT(U44:X44),0.5) | P44: =IF(COUNT(Y44:AB44)>0,R44/COUNT(Y44:AB44),0.5) | Q44: =SUM(U44:X44) | R44: =SUM(Y44:AB44) | S44: =IF(ISNUMBER(K44),K44,IF(ISNUMBER(L44),-L44,"")) | T44: =IF(ISNUMBER(L44),L44,IF(ISNUMBER(K44),-K44,"")) | U44: =IF(ISNUMBER(S44),IF(ISNUMBER(S43),IF(S44>S43,1.0,IF(S44=S43,0.5,0.0)),""),"") | V44: =IF(ISNUMBER(S44),IF(ISNUMBER(S45),IF(S44>S45,1.0,IF(S44=S45,0.5,0.0)),""),"") | W44: =IF(ISNUMBER(S44),IF(ISNUMBER(S46),IF(S44>S46,1.0,IF(S44=S46,0.5,0.0)),""),"") | X44: =IF(ISNUMBER(S44),IF(ISNUMBER(S47),IF(S44>S47,1.0,IF(S44=S47,0.5,0.0)),""),"") | Y44: =IF(ISNUMBER(T44),IF(ISNUMBER(T43),IF(T44>T43,1.0,IF(T44=T43,0.5,0.0)),""),"") | Z44: =IF(ISNUMBER(T44),IF(ISNUMBER(T45),IF(T44>T45,1.0,IF(T44=T45,0.5,0.0)),""),"") | AA44: =IF(ISNUMBER(T44),IF(ISNUMBER(T46),IF(T44>T46,1.0,IF(T44=T46,0.5,0.0)),""),"") | AB44: =IF(ISNUMBER(T44),IF(ISNUMBER(T47),IF(T44>T47,1.0,IF(T44=T47,0.5,0.0)),""),"") | AC44: =IF(AND(ISNUMBER(S44),ISNUMBER(S43)),VLOOKUP(ABS(S44-S43),'IMP Table'!$A$2:$C$26,3)*SIGN(S44-S43),0) | AD44: =IF(AND(ISNUMBER(S44),ISNUMBER(S45)),VLOOKUP(ABS(S44-S45),'IMP Table'!$A$2:$C$26,3)*SIGN(S44-S45),0) | AE44: =IF(AND(ISNUMBER(S44),ISNUMBER(S46)),VLOOKUP(ABS(S44-S46),'IMP Table'!$A$2:$C$26,3)*SIGN(S44-S46),0) | AF44: =IF(AND(ISNUMBER(S44),ISNUMBER(S47)),VLOOKUP(ABS(S44-S47),'IMP Table'!$A$2:$C$26,3)*SIGN(S44-S47),0) | AG44: =IF(AND(ISNUMBER(T44),ISNUMBER(T43)),VLOOKUP(ABS(T44-T43),'IMP Table'!$A$2:$C$26,3)*SIGN(T44-T43),0) | AH44: =IF(AND(ISNUMBER(T44),ISNUMBER(T45)),VLOOKUP(ABS(T44-T45),'IMP Table'!$A$2:$C$26,3)*SIGN(T44-T45),0) | AI44: =IF(AND(ISNUMBER(T44),ISNUMBER(T46)),VLOOKUP(ABS(T44-T46),'IMP Table'!$A$2:$C$26,3)*SIGN(T44-T46),0) | AJ44: =IF(AND(ISNUMBER(T44),ISNUMBER(T47)),VLOOKUP(ABS(T44-T47),'IMP Table'!$A$2:$C$26,3)*SIGN(T44-T47),0)
B45: ='By Round'!A33 | C45: ='By Round'!B35 | D45: ='By Round'!C35 | E45: ='By Round'!D35 | F45: =IF(ISBLANK('By Round'!F35),"",'By Round'!F35) | G45: =IF(ISBLANK('By Round'!G35),"",'By Round'!G35) | H45: =IF(ISBLANK('By Round'!H35),"",'By Round'!H35) | I45: =IF(ISBLANK('By Round'!I35),"",'By Round'!I35) | J45: =IF(ISBLANK('By Round'!J35),"",'By Round'!J35) | K45: =IF(ISBLANK('By Round'!K35),"",'By Round'!K35) | L45: =IF(ISBLANK('By Round'!L35),"",'By Round'!L35) | M45: =AVERAGE(AC45:AF45) | N45: =AVERAGE(AG45:AJ45) | O45: =IF(COUNT(U45:X45)>0,Q45/COUNT(U45:X45),0.5) | P45: =IF(COUNT(Y45:AB45)>0,R45/COUNT(Y45:AB45),0.5) | Q45: =SUM(U45:X45) | R45: =SUM(Y45:AB45) | S45: =IF(ISNUMBER(K45),K45,IF(ISNUMBER(L45),-L45,"")) | T45: =IF(ISNUMBER(L45),L45,IF(ISNUMBER(K45),-K45,"")) | U45: =IF(ISNUMBER(S45),IF(ISNUMBER(S43),IF(S45>S43,1.0,IF(S45=S43,0.5,0.0)),""),"") | V45: =IF(ISNUMBER(S45),IF(ISNUMBER(S44),IF(S45>S44,1.0,IF(S45=S44,0.5,0.0)),""),"") | W45: =IF(ISNUMBER(S45),IF(ISNUMBER(S46),IF(S45>S46,1.0,IF(S45=S46,0.5,0.0)),""),"") | X45: =IF(ISNUMBER(S45),IF(ISNUMBER(S47),IF(S45>S47,1.0,IF(S45=S47,0.5,0.0)),""),"") | Y45: =IF(ISNUMBER(T45),IF(ISNUMBER(T43),IF(T45>T43,1.0,IF(T45=T43,0.5,0.0)),""),"") | Z45: =IF(ISNUMBER(T45),IF(ISNUMBER(T44),IF(T45>T44,1.0,IF(T45=T44,0.5,0.0)),""),"") | AA45: =IF(ISNUMBER(T45),IF(ISNUMBER(T46),IF(T45>T46,1.0,IF(T45=T46,0.5,0.0)),""),"") | AB45: =IF(ISNUMBER(T45),IF(ISNUMBER(T47),IF(T45>T47,1.0,IF(T45=T47,0.5,0.0)),""),"") | AC45: =IF(AND(ISNUMBER(S45),ISNUMBER(S43)),VLOOKUP(ABS(S45-S43),'IMP Table'!$A$2:$C$26,3)*SIGN(S45-S43),0) | AD45: =IF(AND(ISNUMBER(S45),ISNUMBER(S44)),VLOOKUP(ABS(S45-S44),'IMP Table'!$A$2:$C$26,3)*SIGN(S45-S44),0) | AE45: =IF(AND(ISNUMBER(S45),ISNUMBER(S46)),VLOOKUP(ABS(S45-S46),'IMP Table'!$A$2:$C$26,3)*SIGN(S45-S46),0) | AF45: =IF(AND(ISNUMBER(S45),ISNUMBER(S47)),VLOOKUP(ABS(S45-S47),'IMP Table'!$A$2:$C$26,3)*SIGN(S45-S47),0) | AG45: =IF(AND(ISNUMBER(T45),ISNUMBER(T43)),VLOOKUP(ABS(T45-T43),'IMP Table'!$A$2:$C$26,3)*SIGN(T45-T43),0) | AH45: =IF(AND(ISNUMBER(T45),ISNUMBER(T44)),VLOOKUP(ABS(T45-T44),'IMP Table'!$A$2:$C$26,3)*SIGN(T45-T44),0) | AI45: =IF(AND(ISNUMBER(T45),ISNUMBER(T46)),VLOOKUP(ABS(T45-T46),'IMP Table'!$A$2:$C$26,3)*SIGN(T45-T46),0) | AJ45: =IF(AND(ISNUMBER(T45),ISNUMBER(T47)),VLOOKUP(ABS(T45-T47),'IMP Table'!$A$2:$C$26,3)*SIGN(T45-T47),0)
B46: ='By Round'!A23 | C46: ='By Round'!B27 | D46: ='By Round'!C27 | E46: ='By Round'!D27 | F46: =IF(ISBLANK('By Round'!F27),"",'By Round'!F27) | G46: =IF(ISBLANK('By Round'!G27),"",'By Round'!G27) | H46: =IF(ISBLANK('By Round'!H27),"",'By Round'!H27) | I46: =IF(ISBLANK('By Round'!I27),"",'By Round'!I27) | J46: =IF(ISBLANK('By Round'!J27),"",'By Round'!J27) | K46: =IF(ISBLANK('By Round'!K27),"",'By Round'!K27) | L46: =IF(ISBLANK('By Round'!L27),"",'By Round'!L27) | M46: =AVERAGE(AC46:AF46) | N46: =AVERAGE(AG46:AJ46) | O46: =IF(COUNT(U46:X46)>0,Q46/COUNT(U46:X46),0.5) | P46: =IF(COUNT(Y46:AB46)>0,R46/COUNT(Y46:AB46),0.5) | Q46: =SUM(U46:X46) | R46: =SUM(Y46:AB46) | S46: =IF(ISNUMBER(K46),K46,IF(ISNUMBER(L46),-L46,"")) | T46: =IF(ISNUMBER(L46),L46,IF(ISNUMBER(K46),-K46,"")) | U46: =IF(ISNUMBER(S46),IF(ISNUMBER(S43),IF(S46>S43,1.0,IF(S46=S43,0.5,0.0)),""),"") | V46: =IF(ISNUMBER(S46),IF(ISNUMBER(S44),IF(S46>S44,1.0,IF(S46=S44,0.5,0.0)),""),"") | W46: =IF(ISNUMBER(S46),IF(ISNUMBER(S45),IF(S46>S45,1.0,IF(S46=S45,0.5,0.0)),""),"") | X46: =IF(ISNUMBER(S46),IF(ISNUMBER(S47),IF(S46>S47,1.0,IF(S46=S47,0.5,0.0)),""),"") | Y46: =IF(ISNUMBER(T46),IF(ISNUMBER(T43),IF(T46>T43,1.0,IF(T46=T43,0.5,0.0)),""),"") | Z46: =IF(ISNUMBER(T46),IF(ISNUMBER(T44),IF(T46>T44,1.0,IF(T46=T44,0.5,0.0)),""),"") | AA46: =IF(ISNUMBER(T46),IF(ISNUMBER(T45),IF(T46>T45,1.0,IF(T46=T45,0.5,0.0)),""),"") | AB46: =IF(ISNUMBER(T46),IF(ISNUMBER(T47),IF(T46>T47,1.0,IF(T46=T47,0.5,0.0)),""),"") | AC46: =IF(AND(ISNUMBER(S46),ISNUMBER(S43)),VLOOKUP(ABS(S46-S43),'IMP Table'!$A$2:$C$26,3)*SIGN(S46-S43),0) | AD46: =IF(AND(ISNUMBER(S46),ISNUMBER(S44)),VLOOKUP(ABS(S46-S44),'IMP Table'!$A$2:$C$26,3)*SIGN(S46-S44),0) | AE46: =IF(AND(ISNUMBER(S46),ISNUMBER(S45)),VLOOKUP(ABS(S46-S45),'IMP Table'!$A$2:$C$26,3)*SIGN(S46-S45),0) | AF46: =IF(AND(ISNUMBER(S46),ISNUMBER(S47)),VLOOKUP(ABS(S46-S47),'IMP Table'!$A$2:$C$26,3)*SIGN(S46-S47),0) | AG46: =IF(AND(ISNUMBER(T46),ISNUMBER(T43)),VLOOKUP(ABS(T46-T43),'IMP Table'!$A$2:$C$26,3)*SIGN(T46-T43),0) | AH46: =IF(AND(ISNUMBER(T46),ISNUMBER(T44)),VLOOKUP(ABS(T46-T44),'IMP Table'!$A$2:$C$26,3)*SIGN(T46-T44),0) | AI46: =IF(AND(ISNUMBER(T46),ISNUMBER(T45)),VLOOKUP(ABS(T46-T45),'IMP Table'!$A$2:$C$26,3)*SIGN(T46-T45),0) | AJ46: =IF(AND(ISNUMBER(T46),ISNUMBER(T47)),VLOOKUP(ABS(T46-T47),'IMP Table'!$A$2:$C$26,3)*SIGN(T46-T47),0)
B47: ='By Round'!A63 | C47: ='By Round'!B69 | D47: ='By Round'!C69 | E47: ='By Round'!D69 | F47: =IF(ISBLANK('By Round'!F69),"",'By Round'!F69) | G47: =IF(ISBLANK('By Round'!G69),"",'By Round'!G69) | H47: =IF(ISBLANK('By Round'!H69),"",'By Round'!H69) | I47: =IF(ISBLANK('By Round'!I69),"",'By Round'!I69) | J47: =IF(ISBLANK('By Round'!J69),"",'By Round'!J69) | K47: =IF(ISBLANK('By Round'!K69),"",'By Round'!K69) | L47: =IF(ISBLANK('By Round'!L69),"",'By Round'!L69) | M47: =AVERAGE(AC47:AF47) | N47: =AVERAGE(AG47:AJ47) | O47: =IF(COUNT(U47:X47)>0,Q47/COUNT(U47:X47),0.5) | P47: =IF(COUNT(Y47:AB47)>0,R47/COUNT(Y47:AB47),0.5) | Q47: =SUM(U47:X47) | R47: =SUM(Y47:AB47) | S47: =IF(ISNUMBER(K47),K47,IF(ISNUMBER(L47),-L47,"")) | T47: =IF(ISNUMBER(L47),L47,IF(ISNUMBER(K47),-K47,"")) | U47: =IF(ISNUMBER(S47),IF(ISNUMBER(S43),IF(S47>S43,1.0,IF(S47=S43,0.5,0.0)),""),"") | V47: =IF(ISNUMBER(S47),IF(ISNUMBER(S44),IF(S47>S44,1.0,IF(S47=S44,0.5,0.0)),""),"") | W47: =IF(ISNUMBER(S47),IF(ISNUMBER(S45),IF(S47>S45,1.0,IF(S47=S45,0.5,0.0)),""),"") | X47: =IF(ISNUMBER(S47),IF(ISNUMBER(S46),IF(S47>S46,1.0,IF(S47=S46,0.5,0.0)),""),"") | Y47: =IF(ISNUMBER(T47),IF(ISNUMBER(T43),IF(T47>T43,1.0,IF(T47=T43,0.5,0.0)),""),"") | Z47: =IF(ISNUMBER(T47),IF(ISNUMBER(T44),IF(T47>T44,1.0,IF(T47=T44,0.5,0.0)),""),"") | AA47: =IF(ISNUMBER(T47),IF(ISNUMBER(T45),IF(T47>T45,1.0,IF(T47=T45,0.5,0.0)),""),"") | AB47: =IF(ISNUMBER(T47),IF(ISNUMBER(T46),IF(T47>T46,1.0,IF(T47=T46,0.5,0.0)),""),"") | AC47: =IF(AND(ISNUMBER(S47),ISNUMBER(S43)),VLOOKUP(ABS(S47-S43),'IMP Table'!$A$2:$C$26,3)*SIGN(S47-S43),0) | AD47: =IF(AND(ISNUMBER(S47),ISNUMBER(S44)),VLOOKUP(ABS(S47-S44),'IMP Table'!$A$2:$C$26,3)*SIGN(S47-S44),0) | AE47: =IF(AND(ISNUMBER(S47),ISNUMBER(S45)),VLOOKUP(ABS(S47-S45),'IMP Table'!$A$2:$C$26,3)*SIGN(S47-S45),0) | AF47: =IF(AND(ISNUMBER(S47),ISNUMBER(S46)),VLOOKUP(ABS(S47-S46),'IMP Table'!$A$2:$C$26,3)*SIGN(S47-S46),0) | AG47: =IF(AND(ISNUMBER(T47),ISNUMBER(T43)),VLOOKUP(ABS(T47-T43),'IMP Table'!$A$2:$C$26,3)*SIGN(T47-T43),0) | AH47: =IF(AND(ISNUMBER(T47),ISNUMBER(T44)),VLOOKUP(ABS(T47-T44),'IMP Table'!$A$2:$C$26,3)*SIGN(T47-T44),0) | AI47: =IF(AND(ISNUMBER(T47),ISNUMBER(T45)),VLOOKUP(ABS(T47-T45),'IMP Table'!$A$2:$C$26,3)*SIGN(T47-T45),0) | AJ47: =IF(AND(ISNUMBER(T47),ISNUMBER(T46)),VLOOKUP(ABS(T47-T46),'IMP Table'!$A$2:$C$26,3)*SIGN(T47-T46),0)
A48: 10 | B48: ='By Round'!A43 | C48: ='By Round'!B43 | D48: ='By Round'!C43 | E48: ='By Round'!D43 | F48: =IF(ISBLANK('By Round'!F44),"",'By Round'!F44) | G48: =IF(ISBLANK('By Round'!G44),"",'By Round'!G44) | H48: =IF(ISBLANK('By Round'!H44),"",'By Round'!H44) | I48: =IF(ISBLANK('By Round'!I44),"",'By Round'!I44) | J48: =IF(ISBLANK('By Round'!J44),"",'By Round'!J44) | K48: =IF(ISBLANK('By Round'!K44),"",'By Round'!K44) | L48: =IF(ISBLANK('By Round'!L44),"",'By Round'!L44) | M48: =AVERAGE(AC48:AF48) | N48: =AVERAGE(AG48:AJ48) | O48: =IF(COUNT(U48:X48)>0,Q48/COUNT(U48:X48),0.5) | P48: =IF(COUNT(Y48:AB48)>0,R48/COUNT(Y48:AB48),0.5) | Q48: =SUM(U48:X48) | R48: =SUM(Y48:AB48) | S48: =IF(ISNUMBER(K48),K48,IF(ISNUMBER(L48),-L48,"")) | T48: =IF(ISNUMBER(L48),L48,IF(ISNUMBER(K48),-K48,"")) | U48: =IF(ISNUMBER(S48),IF(ISNUMBER(S49),IF(S48>S49,1.0,IF(S48=S49,0.5,0.0)),""),"") | V48: =IF(ISNUMBER(S48),IF(ISNUMBER(S50),IF(S48>S50,1.0,IF(S48=S50,0.5,0.0)),""),"") | W48: =IF(ISNUMBER(S48),IF(ISNUMBER(S51),IF(S48>S51,1.0,IF(S48=S51,0.5,0.0)),""),"") | X48: =IF(ISNUMBER(S48),IF(ISNUMBER(S52),IF(S48>S52,1.0,IF(S48=S52,0.5,0.0)),""),"") | Y48: =IF(ISNUMBER(T48),IF(ISNUMBER(T49),IF(T48>T49,1.0,IF(T48=T49,0.5,0.0)),""),"") | Z48: =IF(ISNUMBER(T48),IF(ISNUMBER(T50),IF(T48>T50,1.0,IF(T48=T50,0.5,0.0)),""),"") | AA48: =IF(ISNUMBER(T48),IF(ISNUMBER(T51),IF(T48>T51,1.0,IF(T48=T51,0.5,0.0)),""),"") | AB48: =IF(ISNUMBER(T48),IF(ISNUMBER(T52),IF(T48>T52,1.0,IF(T48=T52,0.5,0.0)),""),"") | AC48: =IF(AND(ISNUMBER(S48),ISNUMBER(S49)),VLOOKUP(ABS(S48-S49),'IMP Table'!$A$2:$C$26,3)*SIGN(S48-S49),0) | AD48: =IF(AND(ISNUMBER(S48),ISNUMBER(S50)),VLOOKUP(ABS(S48-S50),'IMP Table'!$A$2:$C$26,3)*SIGN(S48-S50),0) | AE48: =IF(AND(ISNUMBER(S48),ISNUMBER(S51)),VLOOKUP(ABS(S48-S51),'IMP Table'!$A$2:$C$26,3)*SIGN(S48-S51),0) | AF48: =IF(AND(ISNUMBER(S48),ISNUMBER(S52)),VLOOKUP(ABS(S48-S52),'IMP Table'!$A$2:$C$26,3)*SIGN(S48-S52),0) | AG48: =IF(AND(ISNUMBER(T48),ISNUMBER(T49)),VLOOKUP(ABS(T48-T49),'IMP Table'!$A$2:$C$26,3)*SIGN(T48-T49),0) | AH48: =IF(AND(ISNUMBER(T48),ISNUMBER(T50)),VLOOKUP(ABS(T48-T50),'IMP Table'!$A$2:$C$26,3)*SIGN(T48-T50),0) | AI48: =IF(AND(ISNUMBER(T48),ISNUMBER(T51)),VLOOKUP(ABS(T48-T51),'IMP Table'!$A$2:$C$26,3)*SIGN(T48-T51),0) | AJ48: =IF(AND(ISNUMBER(T48),ISNUMBER(T52)),VLOOKUP(ABS(T48-T52),'IMP Table'!$A$2:$C$26,3)*SIGN(T48-T52),0)
B49: ='By Round'!A53 | C49: ='By Round'!B61 | D49: ='By Round'!C61 | E49: ='By Round'!D61 | F49: =IF(ISBLANK('By Round'!F62),"",'By Round'!F62) | G49: =IF(ISBLANK('By Round'!G62),"",'By Round'!G62) | H49: =IF(ISBLANK('By Round'!H62),"",'By Round'!H62) | I49: =IF(ISBLANK('By Round'!I62),"",'By Round'!I62) | J49: =IF(ISBLANK('By Round'!J62),"",'By Round'!J62) | K49: =IF(ISBLANK('By Round'!K62),"",'By Round'!K62) | L49: =IF(ISBLANK('By Round'!L62),"",'By Round'!L62) | M49: =AVERAGE(AC49:AF49) | N49: =AVERAGE(AG49:AJ49) | O49: =IF(COUNT(U49:X49)>0,Q49/COUNT(U49:X49),0.5) | P49: =IF(COUNT(Y49:AB49)>0,R49/COUNT(Y49:AB49),0.5) | Q49: =SUM(U49:X49) | R49: =SUM(Y49:AB49) | S49: =IF(ISNUMBER(K49),K49,IF(ISNUMBER(L49),-L49,"")) | T49: =IF(ISNUMBER(L49),L49,IF(ISNUMBER(K49),-K49,"")) | U49: =IF(ISNUMBER(S49),IF(ISNUMBER(S48),IF(S49>S48,1.0,IF(S49=S48,0.5,0.0)),""),"") | V49: =IF(ISNUMBER(S49),IF(ISNUMBER(S50),IF(S49>S50,1.0,IF(S49=S50,0.5,0.0)),""),"") | W49: =IF(ISNUMBER(S49),IF(ISNUMBER(S51),IF(S49>S51,1.0,IF(S49=S51,0.5,0.0)),""),"") | X49: =IF(ISNUMBER(S49),IF(ISNUMBER(S52),IF(S49>S52,1.0,IF(S49=S52,0.5,0.0)),""),"") | Y49: =IF(ISNUMBER(T49),IF(ISNUMBER(T48),IF(T49>T48,1.0,IF(T49=T48,0.5,0.0)),""),"") | Z49: =IF(ISNUMBER(T49),IF(ISNUMBER(T50),IF(T49>T50,1.0,IF(T49=T50,0.5,0.0)),""),"") | AA49: =IF(ISNUMBER(T49),IF(ISNUMBER(T51),IF(T49>T51,1.0,IF(T49=T51,0.5,0.0)),""),"") | AB49: =IF(ISNUMBER(T49),IF(ISNUMBER(T52),IF(T49>T52,1.0,IF(T49=T52,0.5,0.0)),""),"") | AC49: =IF(AND(ISNUMBER(S49),ISNUMBER(S48)),VLOOKUP(ABS(S49-S48),'IMP Table'!$A$2:$C$26,3)*SIGN(S49-S48),0) | AD49: =IF(AND(ISNUMBER(S49),ISNUMBER(S50)),VLOOKUP(ABS(S49-S50),'IMP Table'!$A$2:$C$26,3)*SIGN(S49-S50),0) | AE49: =IF(AND(ISNUMBER(S49),ISNUMBER(S51)),VLOOKUP(ABS(S49-S51),'IMP Table'!$A$2:$C$26,3)*SIGN(S49-S51),0) | AF49: =IF(AND(ISNUMBER(S49),ISNUMBER(S52)),VLOOKUP(ABS(S49-S52),'IMP Table'!$A$2:$C$26,3)*SIGN(S49-S52),0) | AG49: =IF(AND(ISNUMBER(T49),ISNUMBER(T48)),VLOOKUP(ABS(T49-T48),'IMP Table'!$A$2:$C$26,3)*SIGN(T49-T48),0) | AH49: =IF(AND(ISNUMBER(T49),ISNUMBER(T50)),VLOOKUP(ABS(T49-T50),'IMP Table'!$A$2:$C$26,3)*SIGN(T49-T50),0) | AI49: =IF(AND(ISNUMBER(T49),ISNUMBER(T51)),VLOOKUP(ABS(T49-T51),'IMP Table'!$A$2:$C$26,3)*SIGN(T49-T51),0) | AJ49: =IF(AND(ISNUMBER(T49),ISNUMBER(T52)),VLOOKUP(ABS(T49-T52),'IMP Table'!$A$2:$C$26,3)*SIGN(T49-T52),0)
B50: ='By Round'!A33 | C50: ='By Round'!B35 | D50: ='By Round'!C35 | E50: ='By Round'!D35 | F50: =IF(ISBLANK('By Round'!F36),"",'By Round'!F36) | G50: =IF(ISBLANK('By Round'!G36),"",'By Round'!G36) | H50: =IF(ISBLANK('By Round'!H36),"",'By Round'!H36) | I50: =IF(ISBLANK('By Round'!I36),"",'By Round'!I36) | J50: =IF(ISBLANK('By Round'!J36),"",'By Round'!J36) | K50: =IF(ISBLANK('By Round'!K36),"",'By Round'!K36) | L50: =IF(ISBLANK('By Round'!L36),"",'By Round'!L36) | M50: =AVERAGE(AC50:AF50) | N50: =AVERAGE(AG50:AJ50) | O50: =IF(COUNT(U50:X50)>0,Q50/COUNT(U50:X50),0.5) | P50: =IF(COUNT(Y50:AB50)>0,R50/COUNT(Y50:AB50),0.5) | Q50: =SUM(U50:X50) | R50: =SUM(Y50:AB50) | S50: =IF(ISNUMBER(K50),K50,IF(ISNUMBER(L50),-L50,"")) | T50: =IF(ISNUMBER(L50),L50,IF(ISNUMBER(K50),-K50,"")) | U50: =IF(ISNUMBER(S50),IF(ISNUMBER(S48),IF(S50>S48,1.0,IF(S50=S48,0.5,0.0)),""),"") | V50: =IF(ISNUMBER(S50),IF(ISNUMBER(S49),IF(S50>S49,1.0,IF(S50=S49,0.5,0.0)),""),"") | W50: =IF(ISNUMBER(S50),IF(ISNUMBER(S51),IF(S50>S51,1.0,IF(S50=S51,0.5,0.0)),""),"") | X50: =IF(ISNUMBER(S50),IF(ISNUMBER(S52),IF(S50>S52,1.0,IF(S50=S52,0.5,0.0)),""),"") | Y50: =IF(ISNUMBER(T50),IF(ISNUMBER(T48),IF(T50>T48,1.0,IF(T50=T48,0.5,0.0)),""),"") | Z50: =IF(ISNUMBER(T50),IF(ISNUMBER(T49),IF(T50>T49,1.0,IF(T50=T49,0.5,0.0)),""),"") | AA50: =IF(ISNUMBER(T50),IF(ISNUMBER(T51),IF(T50>T51,1.0,IF(T50=T51,0.5,0.0)),""),"") | AB50: =IF(ISNUMBER(T50),IF(ISNUMBER(T52),IF(T50>T52,1.0,IF(T50=T52,0.5,0.0)),""),"") | AC50: =IF(AND(ISNUMBER(S50),ISNUMBER(S48)),VLOOKUP(ABS(S50-S48),'IMP Table'!$A$2:$C$26,3)*SIGN(S50-S48),0) | AD50: =IF(AND(ISNUMBER(S50),ISNUMBER(S49)),VLOOKUP(ABS(S50-S49),'IMP Table'!$A$2:$C$26,3)*SIGN(S50-S49),0) | AE50: =IF(AND(ISNUMBER(S50),ISNUMBER(S51)),VLOOKUP(ABS(S50-S51),'IMP Table'!$A$2:$C$26,3)*SIGN(S50-S51),0) | AF50: =IF(AND(ISNUMBER(S50),ISNUMBER(S52)),VLOOKUP(ABS(S50-S52),'IMP Table'!$A$2:$C$26,3)*SIGN(S50-S52),0) | AG50: =IF(AND(ISNUMBER(T50),ISNUMBER(T48)),VLOOKUP(ABS(T50-T48),'IMP Table'!$A$2:$C$26,3)*SIGN(T50-T48),0) | AH50: =IF(AND(ISNUMBER(T50),ISNUMBER(T49)),VLOOKUP(ABS(T50-T49),'IMP Table'!$A$2:$C$26,3)*SIGN(T50-T49),0) | AI50: =IF(AND(ISNUMBER(T50),ISNUMBER(T51)),VLOOKUP(ABS(T50-T51),'IMP Table'!$A$2:$C$26,3)*SIGN(T50-T51),0) | AJ50: =IF(AND(ISNUMBER(T50),ISNUMBER(T52)),VLOOKUP(ABS(T50-T52),'IMP Table'!$A$2:$C$26,3)*SIGN(T50-T52),0)
B51: ='By Round'!A23 | C51: ='By Round'!B27 | D51: ='By Round'!C27 | E51: ='By Round'!D27 | F51: =IF(ISBLANK('By Round'!F28),"",'By Round'!F28) | G51: =IF(ISBLANK('By Round'!G28),"",'By Round'!G28) | H51: =IF(ISBLANK('By Round'!H28),"",'By Round'!H28) | I51: =IF(ISBLANK('By Round'!I28),"",'By Round'!I28) | J51: =IF(ISBLANK('By Round'!J28),"",'By Round'!J28) | K51: =IF(ISBLANK('By Round'!K28),"",'By Round'!K28) | L51: =IF(ISBLANK('By Round'!L28),"",'By Round'!L28) | M51: =AVERAGE(AC51:AF51) | N51: =AVERAGE(AG51:AJ51) | O51: =IF(COUNT(U51:X51)>0,Q51/COUNT(U51:X51),0.5) | P51: =IF(COUNT(Y51:AB51)>0,R51/COUNT(Y51:AB51),0.5) | Q51: =SUM(U51:X51) | R51: =SUM(Y51:AB51) | S51: =IF(ISNUMBER(K51),K51,IF(ISNUMBER(L51),-L51,"")) | T51: =IF(ISNUMBER(L51),L51,IF(ISNUMBER(K51),-K51,"")) | U51: =IF(ISNUMBER(S51),IF(ISNUMBER(S48),IF(S51>S48,1.0,IF(S51=S48,0.5,0.0)),""),"") | V51: =IF(ISNUMBER(S51),IF(ISNUMBER(S49),IF(S51>S49,1.0,IF(S51=S49,0.5,0.0)),""),"") | W51: =IF(ISNUMBER(S51),IF(ISNUMBER(S50),IF(S51>S50,1.0,IF(S51=S50,0.5,0.0)),""),"") | X51: =IF(ISNUMBER(S51),IF(ISNUMBER(S52),IF(S51>S52,1.0,IF(S51=S52,0.5,0.0)),""),"") | Y51: =IF(ISNUMBER(T51),IF(ISNUMBER(T48),IF(T51>T48,1.0,IF(T51=T48,0.5,0.0)),""),"") | Z51: =IF(ISNUMBER(T51),IF(ISNUMBER(T49),IF(T51>T49,1.0,IF(T51=T49,0.5,0.0)),""),"") | AA51: =IF(ISNUMBER(T51),IF(ISNUMBER(T50),IF(T51>T50,1.0,IF(T51=T50,0.5,0.0)),""),"") | AB51: =IF(ISNUMBER(T51),IF(ISNUMBER(T52),IF(T51>T52,1.0,IF(T51=T52,0.5,0.0)),""),"") | AC51: =IF(AND(ISNUMBER(S51),ISNUMBER(S48)),VLOOKUP(ABS(S51-S48),'IMP Table'!$A$2:$C$26,3)*SIGN(S51-S48),0) | AD51: =IF(AND(ISNUMBER(S51),ISNUMBER(S49)),VLOOKUP(ABS(S51-S49),'IMP Table'!$A$2:$C$26,3)*SIGN(S51-S49),0) | AE51: =IF(AND(ISNUMBER(S51),ISNUMBER(S50)),VLOOKUP(ABS(S51-S50),'IMP Table'!$A$2:$C$26,3)*SIGN(S51-S50),0) | AF51: =IF(AND(ISNUMBER(S51),ISNUMBER(S52)),VLOOKUP(ABS(S51-S52),'IMP Table'!$A$2:$C$26,3)*SIGN(S51-S52),0) | AG51: =IF(AND(ISNUMBER(T51),ISNUMBER(T48)),VLOOKUP(ABS(T51-T48),'IMP Table'!$A$2:$C$26,3)*SIGN(T51-T48),0) | AH51: =IF(AND(ISNUMBER(T51),ISNUMBER(T49)),VLOOKUP(ABS(T51-T49),'IMP Table'!$A$2:$C$26,3)*SIGN(T51-T49),0) | AI51: =IF(AND(ISNUMBER(T51),ISNUMBER(T50)),VLOOKUP(ABS(T51-T50),'IMP Table'!$A$2:$C$26,3)*SIGN(T51-T50),0) | AJ51: =IF(AND(ISNUMBER(T51),ISNUMBER(T52)),VLOOKUP(ABS(T51-T52),'IMP Table'!$A$2:$C$26,3)*SIGN(T51-T52),0)
B52: ='By Round'!A63 | C52: ='By Round'!B69 | D52: ='By Round'!C69 | E52: ='By Round'!D69 | F52: =IF(ISBLANK('By Round'!F70),"",'By Round'!F70) | G52: =IF(ISBLANK('By Round'!G70),"",'By Round'!G70) | H52: =IF(ISBLANK('By Round'!H70),"",'By Round'!H70) | I52: =IF(ISBLANK('By Round'!I70),"",'By Round'!I70) | J52: =IF(ISBLANK('By Round'!J70),"",'By Round'!J70) | K52: =IF(ISBLANK('By Round'!K70),"",'By Round'!K70) | L52: =IF(ISBLANK('By Round'!L70),"",'By Round'!L70) | M52: =AVERAGE(AC52:AF52) | N52: =AVERAGE(AG52:AJ52) | O52: =IF(COUNT(U52:X52)>0,Q52/COUNT(U52:X52),0.5) | P52: =IF(COUNT(Y52:AB52)>0,R52/COUNT(Y52:AB52),0.5) | Q52: =SUM(U52:X52) | R52: =SUM(Y52:AB52) | S52: =IF(ISNUMBER(K52),K52,IF(ISNUMBER(L52),-L52,"")) | T52: =IF(ISNUMBER(L52),L52,IF(ISNUMBER(K52),-K52,"")) | U52: =IF(ISNUMBER(S52),IF(ISNUMBER(S48),IF(S52>S48,1.0,IF(S52=S48,0.5,0.0)),""),"") | V52: =IF(ISNUMBER(S52),IF(ISNUMBER(S49),IF(S52>S49,1.0,IF(S52=S49,0.5,0.0)),""),"") | W52: =IF(ISNUMBER(S52),IF(ISNUMBER(S50),IF(S52>S50,1.0,IF(S52=S50,0.5,0.0)),""),"") | X52: =IF(ISNUMBER(S52),IF(ISNUMBER(S51),IF(S52>S51,1.0,IF(S52=S51,0.5,0.0)),""),"") | Y52: =IF(ISNUMBER(T52),IF(ISNUMBER(T48),IF(T52>T48,1.0,IF(T52=T48,0.5,0.0)),""),"") | Z52: =IF(ISNUMBER(T52),IF(ISNUMBER(T49),IF(T52>T49,1.0,IF(T52=T49,0.5,0.0)),""),"") | AA52: =IF(ISNUMBER(T52),IF(ISNUMBER(T50),IF(T52>T50,1.0,IF(T52=T50,0.5,0.0)),""),"") | AB52: =IF(ISNUMBER(T52),IF(ISNUMBER(T51),IF(T52>T51,1.0,IF(T52=T51,0.5,0.0)),""),"") | AC52: =IF(AND(ISNUMBER(S52),ISNUMBER(S48)),VLOOKUP(ABS(S52-S48),'IMP Table'!$A$2:$C$26,3)*SIGN(S52-S48),0) | AD52: =IF(AND(ISNUMBER(S52),ISNUMBER(S49)),VLOOKUP(ABS(S52-S49),'IMP Table'!$A$2:$C$26,3)*SIGN(S52-S49),0) | AE52: =IF(AND(ISNUMBER(S52),ISNUMBER(S50)),VLOOKUP(ABS(S52-S50),'IMP Table'!$A$2:$C$26,3)*SIGN(S52-S50),0) | AF52: =IF(AND(ISNUMBER(S52),ISNUMBER(S51)),VLOOKUP(ABS(S52-S51),'IMP Table'!$A$2:$C$26,3)*SIGN(S52-S51),0) | AG52: =IF(AND(ISNUMBER(T52),ISNUMBER(T48)),VLOOKUP(ABS(T52-T48),'IMP Table'!$A$2:$C$26,3)*SIGN(T52-T48),0) | AH52: =IF(AND(ISNUMBER(T52),ISNUMBER(T49)),VLOOKUP(ABS(T52-T49),'IMP Table'!$A$2:$C$26,3)*SIGN(T52-T49),0) | AI52: =IF(AND(ISNUMBER(T52),ISNUMBER(T50)),VLOOKUP(ABS(T52-T50),'IMP Table'!$A$2:$C$26,3)*SIGN(T52-T50),0) | AJ52: =IF(AND(ISNUMBER(T52),ISNUMBER(T51)),VLOOKUP(ABS(T52-T51),'IMP Table'!$A$2:$C$26,3)*SIGN(T52-T51),0)
A53: 11 | B53: ='By Round'!A53 | C53: ='By Round'!B53 | D53: ='By Round'!C53 | E53: ='By Round'!D53 | F53: =IF(ISBLANK('By Round'!F53),"",'By Round'!F53) | G53: =IF(ISBLANK('By Round'!G53),"",'By Round'!G53) | H53: =IF(ISBLANK('By Round'!H53),"",'By Round'!H53) | I53: =IF(ISBLANK('By Round'!I53),"",'By Round'!I53) | J53: =IF(ISBLANK('By Round'!J53),"",'By Round'!J53) | K53: =IF(ISBLANK('By Round'!K53),"",'By Round'!K53) | L53: =IF(ISBLANK('By Round'!L53),"",'By Round'!L53) | M53: =AVERAGE(AC53:AF53) | N53: =AVERAGE(AG53:AJ53) | O53: =IF(COUNT(U53:X53)>0,Q53/COUNT(U53:X53),0.5) | P53: =IF(COUNT(Y53:AB53)>0,R53/COUNT(Y53:AB53),0.5) | Q53: =SUM(U53:X53) | R53: =SUM(Y53:AB53) | S53: =IF(ISNUMBER(K53),K53,IF(ISNUMBER(L53),-L53,"")) | T53: =IF(ISNUMBER(L53),L53,IF(ISNUMBER(K53),-K53,"")) | U53: =IF(ISNUMBER(S53),IF(ISNUMBER(S54),IF(S53>S54,1.0,IF(S53=S54,0.5,0.0)),""),"") | V53: =IF(ISNUMBER(S53),IF(ISNUMBER(S55),IF(S53>S55,1.0,IF(S53=S55,0.5,0.0)),""),"") | W53: =IF(ISNUMBER(S53),IF(ISNUMBER(S56),IF(S53>S56,1.0,IF(S53=S56,0.5,0.0)),""),"") | X53: =IF(ISNUMBER(S53),IF(ISNUMBER(S57),IF(S53>S57,1.0,IF(S53=S57,0.5,0.0)),""),"") | Y53: =IF(ISNUMBER(T53),IF(ISNUMBER(T54),IF(T53>T54,1.0,IF(T53=T54,0.5,0.0)),""),"") | Z53: =IF(ISNUMBER(T53),IF(ISNUMBER(T55),IF(T53>T55,1.0,IF(T53=T55,0.5,0.0)),""),"") | AA53: =IF(ISNUMBER(T53),IF(ISNUMBER(T56),IF(T53>T56,1.0,IF(T53=T56,0.5,0.0)),""),"") | AB53: =IF(ISNUMBER(T53),IF(ISNUMBER(T57),IF(T53>T57,1.0,IF(T53=T57,0.5,0.0)),""),"") | AC53: =IF(AND(ISNUMBER(S53),ISNUMBER(S54)),VLOOKUP(ABS(S53-S54),'IMP Table'!$A$2:$C$26,3)*SIGN(S53-S54),0) | AD53: =IF(AND(ISNUMBER(S53),ISNUMBER(S55)),VLOOKUP(ABS(S53-S55),'IMP Table'!$A$2:$C$26,3)*SIGN(S53-S55),0) | AE53: =IF(AND(ISNUMBER(S53),ISNUMBER(S56)),VLOOKUP(ABS(S53-S56),'IMP Table'!$A$2:$C$26,3)*SIGN(S53-S56),0) | AF53: =IF(AND(ISNUMBER(S53),ISNUMBER(S57)),VLOOKUP(ABS(S53-S57),'IMP Table'!$A$2:$C$26,3)*SIGN(S53-S57),0) | AG53: =IF(AND(ISNUMBER(T53),ISNUMBER(T54)),VLOOKUP(ABS(T53-T54),'IMP Table'!$A$2:$C$26,3)*SIGN(T53-T54),0) | AH53: =IF(AND(ISNUMBER(T53),ISNUMBER(T55)),VLOOKUP(ABS(T53-T55),'IMP Table'!$A$2:$C$26,3)*SIGN(T53-T55),0) | AI53: =IF(AND(ISNUMBER(T53),ISNUMBER(T56)),VLOOKUP(ABS(T53-T56),'IMP Table'!$A$2:$C$26,3)*SIGN(T53-T56),0) | AJ53: =IF(AND(ISNUMBER(T53),ISNUMBER(T57)),VLOOKUP(ABS(T53-T57),'IMP Table'!$A$2:$C$26,3)*SIGN(T53-T57),0)
B54: ='By Round'!A73 | C54: ='By Round'!B79 | D54: ='By Round'!C79 | E54: ='By Round'!D79 | F54: =IF(ISBLANK('By Round'!F79),"",'By Round'!F79) | G54: =IF(ISBLANK('By Round'!G79),"",'By Round'!G79) | H54: =IF(ISBLANK('By Round'!H79),"",'By Round'!H79) | I54: =IF(ISBLANK('By Round'!I79),"",'By Round'!I79) | J54: =IF(ISBLANK('By Round'!J79),"",'By Round'!J79) | K54: =IF(ISBLANK('By Round'!K79),"",'By Round'!K79) | L54: =IF(ISBLANK('By Round'!L79),"",'By Round'!L79) | M54: =AVERAGE(AC54:AF54) | N54: =AVERAGE(AG54:AJ54) | O54: =IF(COUNT(U54:X54)>0,Q54/COUNT(U54:X54),0.5) | P54: =IF(COUNT(Y54:AB54)>0,R54/COUNT(Y54:AB54),0.5) | Q54: =SUM(U54:X54) | R54: =SUM(Y54:AB54) | S54: =IF(ISNUMBER(K54),K54,IF(ISNUMBER(L54),-L54,"")) | T54: =IF(ISNUMBER(L54),L54,IF(ISNUMBER(K54),-K54,"")) | U54: =IF(ISNUMBER(S54),IF(ISNUMBER(S53),IF(S54>S53,1.0,IF(S54=S53,0.5,0.0)),""),"") | V54: =IF(ISNUMBER(S54),IF(ISNUMBER(S55),IF(S54>S55,1.0,IF(S54=S55,0.5,0.0)),""),"") | W54: =IF(ISNUMBER(S54),IF(ISNUMBER(S56),IF(S54>S56,1.0,IF(S54=S56,0.5,0.0)),""),"") | X54: =IF(ISNUMBER(S54),IF(ISNUMBER(S57),IF(S54>S57,1.0,IF(S54=S57,0.5,0.0)),""),"") | Y54: =IF(ISNUMBER(T54),IF(ISNUMBER(T53),IF(T54>T53,1.0,IF(T54=T53,0.5,0.0)),""),"") | Z54: =IF(ISNUMBER(T54),IF(ISNUMBER(T55),IF(T54>T55,1.0,IF(T54=T55,0.5,0.0)),""),"") | AA54: =IF(ISNUMBER(T54),IF(ISNUMBER(T56),IF(T54>T56,1.0,IF(T54=T56,0.5,0.0)),""),"") | AB54: =IF(ISNUMBER(T54),IF(ISNUMBER(T57),IF(T54>T57,1.0,IF(T54=T57,0.5,0.0)),""),"") | AC54: =IF(AND(ISNUMBER(S54),ISNUMBER(S53)),VLOOKUP(ABS(S54-S53),'IMP Table'!$A$2:$C$26,3)*SIGN(S54-S53),0) | AD54: =IF(AND(ISNUMBER(S54),ISNUMBER(S55)),VLOOKUP(ABS(S54-S55),'IMP Table'!$A$2:$C$26,3)*SIGN(S54-S55),0) | AE54: =IF(AND(ISNUMBER(S54),ISNUMBER(S56)),VLOOKUP(ABS(S54-S56),'IMP Table'!$A$2:$C$26,3)*SIGN(S54-S56),0) | AF54: =IF(AND(ISNUMBER(S54),ISNUMBER(S57)),VLOOKUP(ABS(S54-S57),'IMP Table'!$A$2:$C$26,3)*SIGN(S54-S57),0) | AG54: =IF(AND(ISNUMBER(T54),ISNUMBER(T53)),VLOOKUP(ABS(T54-T53),'IMP Table'!$A$2:$C$26,3)*SIGN(T54-T53),0) | AH54: =IF(AND(ISNUMBER(T54),ISNUMBER(T55)),VLOOKUP(ABS(T54-T55),'IMP Table'!$A$2:$C$26,3)*SIGN(T54-T55),0) | AI54: =IF(AND(ISNUMBER(T54),ISNUMBER(T56)),VLOOKUP(ABS(T54-T56),'IMP Table'!$A$2:$C$26,3)*SIGN(T54-T56),0) | AJ54: =IF(AND(ISNUMBER(T54),ISNUMBER(T57)),VLOOKUP(ABS(T54-T57),'IMP Table'!$A$2:$C$26,3)*SIGN(T54-T57),0)
B55: ='By Round'!A63 | C55: ='By Round'!B71 | D55: ='By Round'!C71 | E55: ='By Round'!D71 | F55: =IF(ISBLANK('By Round'!F71),"",'By Round'!F71) | G55: =IF(ISBLANK('By Round'!G71),"",'By Round'!G71) | H55: =IF(ISBLANK('By Round'!H71),"",'By Round'!H71) | I55: =IF(ISBLANK('By Round'!I71),"",'By Round'!I71) | J55: =IF(ISBLANK('By Round'!J71),"",'By Round'!J71) | K55: =IF(ISBLANK('By Round'!K71),"",'By Round'!K71) | L55: =IF(ISBLANK('By Round'!L71),"",'By Round'!L71) | M55: =AVERAGE(AC55:AF55) | N55: =AVERAGE(AG55:AJ55) | O55: =IF(COUNT(U55:X55)>0,Q55/COUNT(U55:X55),0.5) | P55: =IF(COUNT(Y55:AB55)>0,R55/COUNT(Y55:AB55),0.5) | Q55: =SUM(U55:X55) | R55: =SUM(Y55:AB55) | S55: =IF(ISNUMBER(K55),K55,IF(ISNUMBER(L55),-L55,"")) | T55: =IF(ISNUMBER(L55),L55,IF(ISNUMBER(K55),-K55,"")) | U55: =IF(ISNUMBER(S55),IF(ISNUMBER(S53),IF(S55>S53,1.0,IF(S55=S53,0.5,0.0)),""),"") | V55: =IF(ISNUMBER(S55),IF(ISNUMBER(S54),IF(S55>S54,1.0,IF(S55=S54,0.5,0.0)),""),"") | W55: =IF(ISNUMBER(S55),IF(ISNUMBER(S56),IF(S55>S56,1.0,IF(S55=S56,0.5,0.0)),""),"") | X55: =IF(ISNUMBER(S55),IF(ISNUMBER(S57),IF(S55>S57,1.0,IF(S55=S57,0.5,0.0)),""),"") | Y55: =IF(ISNUMBER(T55),IF(ISNUMBER(T53),IF(T55>T53,1.0,IF(T55=T53,0.5,0.0)),""),"") | Z55: =IF(ISNUMBER(T55),IF(ISNUMBER(T54),IF(T55>T54,1.0,IF(T55=T54,0.5,0.0)),""),"") | AA55: =IF(ISNUMBER(T55),IF(ISNUMBER(T56),IF(T55>T56,1.0,IF(T55=T56,0.5,0.0)),""),"") | AB55: =IF(ISNUMBER(T55),IF(ISNUMBER(T57),IF(T55>T57,1.0,IF(T55=T57,0.5,0.0)),""),"") | AC55: =IF(AND(ISNUMBER(S55),ISNUMBER(S53)),VLOOKUP(ABS(S55-S53),'IMP Table'!$A$2:$C$26,3)*SIGN(S55-S53),0) | AD55: =IF(AND(ISNUMBER(S55),ISNUMBER(S54)),VLOOKUP(ABS(S55-S54),'IMP Table'!$A$2:$C$26,3)*SIGN(S55-S54),0) | AE55: =IF(AND(ISNUMBER(S55),ISNUMBER(S56)),VLOOKUP(ABS(S55-S56),'IMP Table'!$A$2:$C$26,3)*SIGN(S55-S56),0) | AF55: =IF(AND(ISNUMBER(S55),ISNUMBER(S57)),VLOOKUP(ABS(S55-S57),'IMP Table'!$A$2:$C$26,3)*SIGN(S55-S57),0) | AG55: =IF(AND(ISNUMBER(T55),ISNUMBER(T53)),VLOOKUP(ABS(T55-T53),'IMP Table'!$A$2:$C$26,3)*SIGN(T55-T53),0) | AH55: =IF(AND(ISNUMBER(T55),ISNUMBER(T54)),VLOOKUP(ABS(T55-T54),'IMP Table'!$A$2:$C$26,3)*SIGN(T55-T54),0) | AI55: =IF(AND(ISNUMBER(T55),ISNUMBER(T56)),VLOOKUP(ABS(T55-T56),'IMP Table'!$A$2:$C$26,3)*SIGN(T55-T56),0) | AJ55: =IF(AND(ISNUMBER(T55),ISNUMBER(T57)),VLOOKUP(ABS(T55-T57),'IMP Table'!$A$2:$C$26,3)*SIGN(T55-T57),0)
B56: ='By Round'!A43 | C56: ='By Round'!B45 | D56: ='By Round'!C45 | E56: ='By Round'!D45 | F56: =IF(ISBLANK('By Round'!F45),"",'By Round'!F45) | G56: =IF(ISBLANK('By Round'!G45),"",'By Round'!G45) | H56: =IF(ISBLANK('By Round'!H45),"",'By Round'!H45) | I56: =IF(ISBLANK('By Round'!I45),"",'By Round'!I45) | J56: =IF(ISBLANK('By Round'!J45),"",'By Round'!J45) | K56: =IF(ISBLANK('By Round'!K45),"",'By Round'!K45) | L56: =IF(ISBLANK('By Round'!L45),"",'By Round'!L45) | M56: =AVERAGE(AC56:AF56) | N56: =AVERAGE(AG56:AJ56) | O56: =IF(COUNT(U56:X56)>0,Q56/COUNT(U56:X56),0.5) | P56: =IF(COUNT(Y56:AB56)>0,R56/COUNT(Y56:AB56),0.5) | Q56: =SUM(U56:X56) | R56: =SUM(Y56:AB56) | S56: =IF(ISNUMBER(K56),K56,IF(ISNUMBER(L56),-L56,"")) | T56: =IF(ISNUMBER(L56),L56,IF(ISNUMBER(K56),-K56,"")) | U56: =IF(ISNUMBER(S56),IF(ISNUMBER(S53),IF(S56>S53,1.0,IF(S56=S53,0.5,0.0)),""),"") | V56: =IF(ISNUMBER(S56),IF(ISNUMBER(S54),IF(S56>S54,1.0,IF(S56=S54,0.5,0.0)),""),"") | W56: =IF(ISNUMBER(S56),IF(ISNUMBER(S55),IF(S56>S55,1.0,IF(S56=S55,0.5,0.0)),""),"") | X56: =IF(ISNUMBER(S56),IF(ISNUMBER(S57),IF(S56>S57,1.0,IF(S56=S57,0.5,0.0)),""),"") | Y56: =IF(ISNUMBER(T56),IF(ISNUMBER(T53),IF(T56>T53,1.0,IF(T56=T53,0.5,0.0)),""),"") | Z56: =IF(ISNUMBER(T56),IF(ISNUMBER(T54),IF(T56>T54,1.0,IF(T56=T54,0.5,0.0)),""),"") | AA56: =IF(ISNUMBER(T56),IF(ISNUMBER(T55),IF(T56>T55,1.0,IF(T56=T55,0.5,0.0)),""),"") | AB56: =IF(ISNUMBER(T56),IF(ISNUMBER(T57),IF(T56>T57,1.0,IF(T56=T57,0.5,0.0)),""),"") | AC56: =IF(AND(ISNUMBER(S56),ISNUMBER(S53)),VLOOKUP(ABS(S56-S53),'IMP Table'!$A$2:$C$26,3)*SIGN(S56-S53),0) | AD56: =IF(AND(ISNUMBER(S56),ISNUMBER(S54)),VLOOKUP(ABS(S56-S54),'IMP Table'!$A$2:$C$26,3)*SIGN(S56-S54),0) | AE56: =IF(AND(ISNUMBER(S56),ISNUMBER(S55)),VLOOKUP(ABS(S56-S55),'IMP Table'!$A$2:$C$26,3)*SIGN(S56-S55),0) | AF56: =IF(AND(ISNUMBER(S56),ISNUMBER(S57)),VLOOKUP(ABS(S56-S57),'IMP Table'!$A$2:$C$26,3)*SIGN(S56-S57),0) | AG56: =IF(AND(ISNUMBER(T56),ISNUMBER(T53)),VLOOKUP(ABS(T56-T53),'IMP Table'!$A$2:$C$26,3)*SIGN(T56-T53),0) | AH56: =IF(AND(ISNUMBER(T56),ISNUMBER(T54)),VLOOKUP(ABS(T56-T54),'IMP Table'!$A$2:$C$26,3)*SIGN(T56-T54),0) | AI56: =IF(AND(ISNUMBER(T56),ISNUMBER(T55)),VLOOKUP(ABS(T56-T55),'IMP Table'!$A$2:$C$26,3)*SIGN(T56-T55),0) | AJ56: =IF(AND(ISNUMBER(T56),ISNUMBER(T57)),VLOOKUP(ABS(T56-T57),'IMP Table'!$A$2:$C$26,3)*SIGN(T56-T57),0)
B57: ='By Round'!A33 | C57: ='By Round'!B37 | D57: ='By Round'!C37 | E57: ='By Round'!D37 | F57: =IF(ISBLANK('By Round'!F37),"",'By Round'!F37) | G57: =IF(ISBLANK('By Round'!G37),"",'By Round'!G37) | H57: =IF(ISBLANK('By Round'!H37),"",'By Round'!H37) | I57: =IF(ISBLANK('By Round'!I37),"",'By Round'!I37) | J57: =IF(ISBLANK('By Round'!J37),"",'By Round'!J37) | K57: =IF(ISBLANK('By Round'!K37),"",'By Round'!K37) | L57: =IF(ISBLANK('By Round'!L37),"",'By Round'!L37) | M57: =AVERAGE(AC57:AF57) | N57: =AVERAGE(AG57:AJ57) | O57: =IF(COUNT(U57:X57)>0,Q57/COUNT(U57:X57),0.5) | P57: =IF(COUNT(Y57:AB57)>0,R57/COUNT(Y57:AB57),0.5) | Q57: =SUM(U57:X57) | R57: =SUM(Y57:AB57) | S57: =IF(ISNUMBER(K57),K57,IF(ISNUMBER(L57),-L57,"")) | T57: =IF(ISNUMBER(L57),L57,IF(ISNUMBER(K57),-K57,"")) | U57: =IF(ISNUMBER(S57),IF(ISNUMBER(S53),IF(S57>S53,1.0,IF(S57=S53,0.5,0.0)),""),"") | V57: =IF(ISNUMBER(S57),IF(ISNUMBER(S54),IF(S57>S54,1.0,IF(S57=S54,0.5,0.0)),""),"") | W57: =IF(ISNUMBER(S57),IF(ISNUMBER(S55),IF(S57>S55,1.0,IF(S57=S55,0.5,0.0)),""),"") | X57: =IF(ISNUMBER(S57),IF(ISNUMBER(S56),IF(S57>S56,1.0,IF(S57=S56,0.5,0.0)),""),"") | Y57: =IF(ISNUMBER(T57),IF(ISNUMBER(T53),IF(T57>T53,1.0,IF(T57=T53,0.5,0.0)),""),"") | Z57: =IF(ISNUMBER(T57),IF(ISNUMBER(T54),IF(T57>T54,1.0,IF(T57=T54,0.5,0.0)),""),"") | AA57: =IF(ISNUMBER(T57),IF(ISNUMBER(T55),IF(T57>T55,1.0,IF(T57=T55,0.5,0.0)),""),"") | AB57: =IF(ISNUMBER(T57),IF(ISNUMBER(T56),IF(T57>T56,1.0,IF(T57=T56,0.5,0.0)),""),"") | AC57: =IF(AND(ISNUMBER(S57),ISNUMBER(S53)),VLOOKUP(ABS(S57-S53),'IMP Table'!$A$2:$C$26,3)*SIGN(S57-S53),0) | AD57: =IF(AND(ISNUMBER(S57),ISNUMBER(S54)),VLOOKUP(ABS(S57-S54),'IMP Table'!$A$2:$C$26,3)*SIGN(S57-S54),0) | AE57: =IF(AND(ISNUMBER(S57),ISNUMBER(S55)),VLOOKUP(ABS(S57-S55),'IMP Table'!$A$2:$C$26,3)*SIGN(S57-S55),0) | AF57: =IF(AND(ISNUMBER(S57),ISNUMBER(S56)),VLOOKUP(ABS(S57-S56),'IMP Table'!$A$2:$C$26,3)*SIGN(S57-S56),0) | AG57: =IF(AND(ISNUMBER(T57),ISNUMBER(T53)),VLOOKUP(ABS(T57-T53),'IMP Table'!$A$2:$C$26,3)*SIGN(T57-T53),0) | AH57: =IF(AND(ISNUMBER(T57),ISNUMBER(T54)),VLOOKUP(ABS(T57-T54),'IMP Table'!$A$2:$C$26,3)*SIGN(T57-T54),0) | AI57: =IF(AND(ISNUMBER(T57),ISNUMBER(T55)),VLOOKUP(ABS(T57-T55),'IMP Table'!$A$2:$C$26,3)*SIGN(T57-T55),0) | AJ57: =IF(AND(ISNUMBER(T57),ISNUMBER(T56)),VLOOKUP(ABS(T57-T56),'IMP Table'!$A$2:$C$26,3)*SIGN(T57-T56),0)
A58: 12 | B58: ='By Round'!A53 | C58: ='By Round'!B53 | D58: ='By Round'!C53 | E58: ='By Round'!D53 | F58: =IF(ISBLANK('By Round'!F54),"",'By Round'!F54) | G58: =IF(ISBLANK('By Round'!G54),"",'By Round'!G54) | H58: =IF(ISBLANK('By Round'!H54),"",'By Round'!H54) | I58: =IF(ISBLANK('By Round'!I54),"",'By Round'!I54) | J58: =IF(ISBLANK('By Round'!J54),"",'By Round'!J54) | K58: =IF(ISBLANK('By Round'!K54),"",'By Round'!K54) | L58: =IF(ISBLANK('By Round'!L54),"",'By Round'!L54) | M58: =AVERAGE(AC58:AF58) | N58: =AVERAGE(AG58:AJ58) | O58: =IF(COUNT(U58:X58)>0,Q58/COUNT(U58:X58),0.5) | P58: =IF(COUNT(Y58:AB58)>0,R58/COUNT(Y58:AB58),0.5) | Q58: =SUM(U58:X58) | R58: =SUM(Y58:AB58) | S58: =IF(ISNUMBER(K58),K58,IF(ISNUMBER(L58),-L58,"")) | T58: =IF(ISNUMBER(L58),L58,IF(ISNUMBER(K58),-K58,"")) | U58: =IF(ISNUMBER(S58),IF(ISNUMBER(S59),IF(S58>S59,1.0,IF(S58=S59,0.5,0.0)),""),"") | V58: =IF(ISNUMBER(S58),IF(ISNUMBER(S60),IF(S58>S60,1.0,IF(S58=S60,0.5,0.0)),""),"") | W58: =IF(ISNUMBER(S58),IF(ISNUMBER(S61),IF(S58>S61,1.0,IF(S58=S61,0.5,0.0)),""),"") | X58: =IF(ISNUMBER(S58),IF(ISNUMBER(S62),IF(S58>S62,1.0,IF(S58=S62,0.5,0.0)),""),"") | Y58: =IF(ISNUMBER(T58),IF(ISNUMBER(T59),IF(T58>T59,1.0,IF(T58=T59,0.5,0.0)),""),"") | Z58: =IF(ISNUMBER(T58),IF(ISNUMBER(T60),IF(T58>T60,1.0,IF(T58=T60,0.5,0.0)),""),"") | AA58: =IF(ISNUMBER(T58),IF(ISNUMBER(T61),IF(T58>T61,1.0,IF(T58=T61,0.5,0.0)),""),"") | AB58: =IF(ISNUMBER(T58),IF(ISNUMBER(T62),IF(T58>T62,1.0,IF(T58=T62,0.5,0.0)),""),"") | AC58: =IF(AND(ISNUMBER(S58),ISNUMBER(S59)),VLOOKUP(ABS(S58-S59),'IMP Table'!$A$2:$C$26,3)*SIGN(S58-S59),0) | AD58: =IF(AND(ISNUMBER(S58),ISNUMBER(S60)),VLOOKUP(ABS(S58-S60),'IMP Table'!$A$2:$C$26,3)*SIGN(S58-S60),0) | AE58: =IF(AND(ISNUMBER(S58),ISNUMBER(S61)),VLOOKUP(ABS(S58-S61),'IMP Table'!$A$2:$C$26,3)*SIGN(S58-S61),0) | AF58: =IF(AND(ISNUMBER(S58),ISNUMBER(S62)),VLOOKUP(ABS(S58-S62),'IMP Table'!$A$2:$C$26,3)*SIGN(S58-S62),0) | AG58: =IF(AND(ISNUMBER(T58),ISNUMBER(T59)),VLOOKUP(ABS(T58-T59),'IMP Table'!$A$2:$C$26,3)*SIGN(T58-T59),0) | AH58: =IF(AND(ISNUMBER(T58),ISNUMBER(T60)),VLOOKUP(ABS(T58-T60),'IMP Table'!$A$2:$C$26,3)*SIGN(T58-T60),0) | AI58: =IF(AND(ISNUMBER(T58),ISNUMBER(T61)),VLOOKUP(ABS(T58-T61),'IMP Table'!$A$2:$C$26,3)*SIGN(T58-T61),0) | AJ58: =IF(AND(ISNUMBER(T58),ISNUMBER(T62)),VLOOKUP(ABS(T58-T62),'IMP Table'!$A$2:$C$26,3)*SIGN(T58-T62),0)
B59: ='By Round'!A73 | C59: ='By Round'!B79 | D59: ='By Round'!C79 | E59: ='By Round'!D79 | F59: =IF(ISBLANK('By Round'!F80),"",'By Round'!F80) | G59: =IF(ISBLANK('By Round'!G80),"",'By Round'!G80) | H59: =IF(ISBLANK('By Round'!H80),"",'By Round'!H80) | I59: =IF(ISBLANK('By Round'!I80),"",'By Round'!I80) | J59: =IF(ISBLANK('By Round'!J80),"",'By Round'!J80) | K59: =IF(ISBLANK('By Round'!K80),"",'By Round'!K80) | L59: =IF(ISBLANK('By Round'!L80),"",'By Round'!L80) | M59: =AVERAGE(AC59:AF59) | N59: =AVERAGE(AG59:AJ59) | O59: =IF(COUNT(U59:X59)>0,Q59/COUNT(U59:X59),0.5) | P59: =IF(COUNT(Y59:AB59)>0,R59/COUNT(Y59:AB59),0.5) | Q59: =SUM(U59:X59) | R59: =SUM(Y59:AB59) | S59: =IF(ISNUMBER(K59),K59,IF(ISNUMBER(L59),-L59,"")) | T59: =IF(ISNUMBER(L59),L59,IF(ISNUMBER(K59),-K59,"")) | U59: =IF(ISNUMBER(S59),IF(ISNUMBER(S58),IF(S59>S58,1.0,IF(S59=S58,0.5,0.0)),""),"") | V59: =IF(ISNUMBER(S59),IF(ISNUMBER(S60),IF(S59>S60,1.0,IF(S59=S60,0.5,0.0)),""),"") | W59: =IF(ISNUMBER(S59),IF(ISNUMBER(S61),IF(S59>S61,1.0,IF(S59=S61,0.5,0.0)),""),"") | X59: =IF(ISNUMBER(S59),IF(ISNUMBER(S62),IF(S59>S62,1.0,IF(S59=S62,0.5,0.0)),""),"") | Y59: =IF(ISNUMBER(T59),IF(ISNUMBER(T58),IF(T59>T58,1.0,IF(T59=T58,0.5,0.0)),""),"") | Z59: =IF(ISNUMBER(T59),IF(ISNUMBER(T60),IF(T59>T60,1.0,IF(T59=T60,0.5,0.0)),""),"") | AA59: =IF(ISNUMBER(T59),IF(ISNUMBER(T61),IF(T59>T61,1.0,IF(T59=T61,0.5,0.0)),""),"") | AB59: =IF(ISNUMBER(T59),IF(ISNUMBER(T62),IF(T59>T62,1.0,IF(T59=T62,0.5,0.0)),""),"") | AC59: =IF(AND(ISNUMBER(S59),ISNUMBER(S58)),VLOOKUP(ABS(S59-S58),'IMP Table'!$A$2:$C$26,3)*SIGN(S59-S58),0) | AD59: =IF(AND(ISNUMBER(S59),ISNUMBER(S60)),VLOOKUP(ABS(S59-S60),'IMP Table'!$A$2:$C$26,3)*SIGN(S59-S60),0) | AE59: =IF(AND(ISNUMBER(S59),ISNUMBER(S61)),VLOOKUP(ABS(S59-S61),'IMP Table'!$A$2:$C$26,3)*SIGN(S59-S61),0) | AF59: =IF(AND(ISNUMBER(S59),ISNUMBER(S62)),VLOOKUP(ABS(S59-S62),'IMP Table'!$A$2:$C$26,3)*SIGN(S59-S62),0) | AG59: =IF(AND(ISNUMBER(T59),ISNUMBER(T58)),VLOOKUP(ABS(T59-T58),'IMP Table'!$A$2:$C$26,3)*SIGN(T59-T58),0) | AH59: =IF(AND(ISNUMBER(T59),ISNUMBER(T60)),VLOOKUP(ABS(T59-T60),'IMP Table'!$A$2:$C$26,3)*SIGN(T59-T60),0) | AI59: =IF(AND(ISNUMBER(T59),ISNUMBER(T61)),VLOOKUP(ABS(T59-T61),'IMP Table'!$A$2:$C$26,3)*SIGN(T59-T61),0) | AJ59: =IF(AND(ISNUMBER(T59),ISNUMBER(T62)),VLOOKUP(ABS(T59-T62),'IMP Table'!$A$2:$C$26,3)*SIGN(T59-T62),0)
B60: ='By Round'!A63 | C60: ='By Round'!B71 | D60: ='By Round'!C71 | E60: ='By Round'!D71 | F60: =IF(ISBLANK('By Round'!F72),"",'By Round'!F72) | G60: =IF(ISBLANK('By Round'!G72),"",'By Round'!G72) | H60: =IF(ISBLANK('By Round'!H72),"",'By Round'!H72) | I60: =IF(ISBLANK('By Round'!I72),"",'By Round'!I72) | J60: =IF(ISBLANK('By Round'!J72),"",'By Round'!J72) | K60: =IF(ISBLANK('By Round'!K72),"",'By Round'!K72) | L60: =IF(ISBLANK('By Round'!L72),"",'By Round'!L72) | M60: =AVERAGE(AC60:AF60) | N60: =AVERAGE(AG60:AJ60) | O60: =IF(COUNT(U60:X60)>0,Q60/COUNT(U60:X60),0.5) | P60: =IF(COUNT(Y60:AB60)>0,R60/COUNT(Y60:AB60),0.5) | Q60: =SUM(U60:X60) | R60: =SUM(Y60:AB60) | S60: =IF(ISNUMBER(K60),K60,IF(ISNUMBER(L60),-L60,"")) | T60: =IF(ISNUMBER(L60),L60,IF(ISNUMBER(K60),-K60,"")) | U60: =IF(ISNUMBER(S60),IF(ISNUMBER(S58),IF(S60>S58,1.0,IF(S60=S58,0.5,0.0)),""),"") | V60: =IF(ISNUMBER(S60),IF(ISNUMBER(S59),IF(S60>S59,1.0,IF(S60=S59,0.5,0.0)),""),"") | W60: =IF(ISNUMBER(S60),IF(ISNUMBER(S61),IF(S60>S61,1.0,IF(S60=S61,0.5,0.0)),""),"") | X60: =IF(ISNUMBER(S60),IF(ISNUMBER(S62),IF(S60>S62,1.0,IF(S60=S62,0.5,0.0)),""),"") | Y60: =IF(ISNUMBER(T60),IF(ISNUMBER(T58),IF(T60>T58,1.0,IF(T60=T58,0.5,0.0)),""),"") | Z60: =IF(ISNUMBER(T60),IF(ISNUMBER(T59),IF(T60>T59,1.0,IF(T60=T59,0.5,0.0)),""),"") | AA60: =IF(ISNUMBER(T60),IF(ISNUMBER(T61),IF(T60>T61,1.0,IF(T60=T61,0.5,0.0)),""),"") | AB60: =IF(ISNUMBER(T60),IF(ISNUMBER(T62),IF(T60>T62,1.0,IF(T60=T62,0.5,0.0)),""),"") | AC60: =IF(AND(ISNUMBER(S60),ISNUMBER(S58)),VLOOKUP(ABS(S60-S58),'IMP Table'!$A$2:$C$26,3)*SIGN(S60-S58),0) | AD60: =IF(AND(ISNUMBER(S60),ISNUMBER(S59)),VLOOKUP(ABS(S60-S59),'IMP Table'!$A$2:$C$26,3)*SIGN(S60-S59),0) | AE60: =IF(AND(ISNUMBER(S60),ISNUMBER(S61)),VLOOKUP(ABS(S60-S61),'IMP Table'!$A$2:$C$26,3)*SIGN(S60-S61),0) | AF60: =IF(AND(ISNUMBER(S60),ISNUMBER(S62)),VLOOKUP(ABS(S60-S62),'IMP Table'!$A$2:$C$26,3)*SIGN(S60-S62),0) | AG60: =IF(AND(ISNUMBER(T60),ISNUMBER(T58)),VLOOKUP(ABS(T60-T58),'IMP Table'!$A$2:$C$26,3)*SIGN(T60-T58),0) | AH60: =IF(AND(ISNUMBER(T60),ISNUMBER(T59)),VLOOKUP(ABS(T60-T59),'IMP Table'!$A$2:$C$26,3)*SIGN(T60-T59),0) | AI60: =IF(AND(ISNUMBER(T60),ISNUMBER(T61)),VLOOKUP(ABS(T60-T61),'IMP Table'!$A$2:$C$26,3)*SIGN(T60-T61),0) | AJ60: =IF(AND(ISNUMBER(T60),ISNUMBER(T62)),VLOOKUP(ABS(T60-T62),'IMP Table'!$A$2:$C$26,3)*SIGN(T60-T62),0)
B61: ='By Round'!A43 | C61: ='By Round'!B45 | D61: ='By Round'!C45 | E61: ='By Round'!D45 | F61: =IF(ISBLANK('By Round'!F46),"",'By Round'!F46) | G61: =IF(ISBLANK('By Round'!G46),"",'By Round'!G46) | H61: =IF(ISBLANK('By Round'!H46),"",'By Round'!H46) | I61: =IF(ISBLANK('By Round'!I46),"",'By Round'!I46) | J61: =IF(ISBLANK('By Round'!J46),"",'By Round'!J46) | K61: =IF(ISBLANK('By Round'!K46),"",'By Round'!K46) | L61: =IF(ISBLANK('By Round'!L46),"",'By Round'!L46) | M61: =AVERAGE(AC61:AF61) | N61: =AVERAGE(AG61:AJ61) | O61: =IF(COUNT(U61:X61)>0,Q61/COUNT(U61:X61),0.5) | P61: =IF(COUNT(Y61:AB61)>0,R61/COUNT(Y61:AB61),0.5) | Q61: =SUM(U61:X61) | R61: =SUM(Y61:AB61) | S61: =IF(ISNUMBER(K61),K61,IF(ISNUMBER(L61),-L61,"")) | T61: =IF(ISNUMBER(L61),L61,IF(ISNUMBER(K61),-K61,"")) | U61: =IF(ISNUMBER(S61),IF(ISNUMBER(S58),IF(S61>S58,1.0,IF(S61=S58,0.5,0.0)),""),"") | V61: =IF(ISNUMBER(S61),IF(ISNUMBER(S59),IF(S61>S59,1.0,IF(S61=S59,0.5,0.0)),""),"") | W61: =IF(ISNUMBER(S61),IF(ISNUMBER(S60),IF(S61>S60,1.0,IF(S61=S60,0.5,0.0)),""),"") | X61: =IF(ISNUMBER(S61),IF(ISNUMBER(S62),IF(S61>S62,1.0,IF(S61=S62,0.5,0.0)),""),"") | Y61: =IF(ISNUMBER(T61),IF(ISNUMBER(T58),IF(T61>T58,1.0,IF(T61=T58,0.5,0.0)),""),"") | Z61: =IF(ISNUMBER(T61),IF(ISNUMBER(T59),IF(T61>T59,1.0,IF(T61=T59,0.5,0.0)),""),"") | AA61: =IF(ISNUMBER(T61),IF(ISNUMBER(T60),IF(T61>T60,1.0,IF(T61=T60,0.5,0.0)),""),"") | AB61: =IF(ISNUMBER(T61),IF(ISNUMBER(T62),IF(T61>T62,1.0,IF(T61=T62,0.5,0.0)),""),"") | AC61: =IF(AND(ISNUMBER(S61),ISNUMBER(S58)),VLOOKUP(ABS(S61-S58),'IMP Table'!$A$2:$C$26,3)*SIGN(S61-S58),0) | AD61: =IF(AND(ISNUMBER(S61),ISNUMBER(S59)),VLOOKUP(ABS(S61-S59),'IMP Table'!$A$2:$C$26,3)*SIGN(S61-S59),0) | AE61: =IF(AND(ISNUMBER(S61),ISNUMBER(S60)),VLOOKUP(ABS(S61-S60),'IMP Table'!$A$2:$C$26,3)*SIGN(S61-S60),0) | AF61: =IF(AND(ISNUMBER(S61),ISNUMBER(S62)),VLOOKUP(ABS(S61-S62),'IMP Table'!$A$2:$C$26,3)*SIGN(S61-S62),0) | AG61: =IF(AND(ISNUMBER(T61),ISNUMBER(T58)),VLOOKUP(ABS(T61-T58),'IMP Table'!$A$2:$C$26,3)*SIGN(T61-T58),0) | AH61: =IF(AND(ISNUMBER(T61),ISNUMBER(T59)),VLOOKUP(ABS(T61-T59),'IMP Table'!$A$2:$C$26,3)*SIGN(T61-T59),0) | AI61: =IF(AND(ISNUMBER(T61),ISNUMBER(T60)),VLOOKUP(ABS(T61-T60),'IMP Table'!$A$2:$C$26,3)*SIGN(T61-T60),0) | AJ61: =IF(AND(ISNUMBER(T61),ISNUMBER(T62)),VLOOKUP(ABS(T61-T62),'IMP Table'!$A$2:$C$26,3)*SIGN(T61-T62),0)
B62: ='By Round'!A33 | C62: ='By Round'!B37 | D62: ='By Round'!C37 | E62: ='By Round'!D37 | F62: =IF(ISBLANK('By Round'!F38),"",'By Round'!F38) | G62: =IF(ISBLANK('By Round'!G38),"",'By Round'!G38) | H62: =IF(ISBLANK('By Round'!H38),"",'By Round'!H38) | I62: =IF(ISBLANK('By Round'!I38),"",'By Round'!I38) | J62: =IF(ISBLANK('By Round'!J38),"",'By Round'!J38) | K62: =IF(ISBLANK('By Round'!K38),"",'By Round'!K38) | L62: =IF(ISBLANK('By Round'!L38),"",'By Round'!L38) | M62: =AVERAGE(AC62:AF62) | N62: =AVERAGE(AG62:AJ62) | O62: =IF(COUNT(U62:X62)>0,Q62/COUNT(U62:X62),0.5) | P62: =IF(COUNT(Y62:AB62)>0,R62/COUNT(Y62:AB62),0.5) | Q62: =SUM(U62:X62) | R62: =SUM(Y62:AB62) | S62: =IF(ISNUMBER(K62),K62,IF(ISNUMBER(L62),-L62,"")) | T62: =IF(ISNUMBER(L62),L62,IF(ISNUMBER(K62),-K62,"")) | U62: =IF(ISNUMBER(S62),IF(ISNUMBER(S58),IF(S62>S58,1.0,IF(S62=S58,0.5,0.0)),""),"") | V62: =IF(ISNUMBER(S62),IF(ISNUMBER(S59),IF(S62>S59,1.0,IF(S62=S59,0.5,0.0)),""),"") | W62: =IF(ISNUMBER(S62),IF(ISNUMBER(S60),IF(S62>S60,1.0,IF(S62=S60,0.5,0.0)),""),"") | X62: =IF(ISNUMBER(S62),IF(ISNUMBER(S61),IF(S62>S61,1.0,IF(S62=S61,0.5,0.0)),""),"") | Y62: =IF(ISNUMBER(T62),IF(ISNUMBER(T58),IF(T62>T58,1.0,IF(T62=T58,0.5,0.0)),""),"") | Z62: =IF(ISNUMBER(T62),IF(ISNUMBER(T59),IF(T62>T59,1.0,IF(T62=T59,0.5,0.0)),""),"") | AA62: =IF(ISNUMBER(T62),IF(ISNUMBER(T60),IF(T62>T60,1.0,IF(T62=T60,0.5,0.0)),""),"") | AB62: =IF(ISNUMBER(T62),IF(ISNUMBER(T61),IF(T62>T61,1.0,IF(T62=T61,0.5,0.0)),""),"") | AC62: =IF(AND(ISNUMBER(S62),ISNUMBER(S58)),VLOOKUP(ABS(S62-S58),'IMP Table'!$A$2:$C$26,3)*SIGN(S62-S58),0) | AD62: =IF(AND(ISNUMBER(S62),ISNUMBER(S59)),VLOOKUP(ABS(S62-S59),'IMP Table'!$A$2:$C$26,3)*SIGN(S62-S59),0) | AE62: =IF(AND(ISNUMBER(S62),ISNUMBER(S60)),VLOOKUP(ABS(S62-S60),'IMP Table'!$A$2:$C$26,3)*SIGN(S62-S60),0) | AF62: =IF(AND(ISNUMBER(S62),ISNUMBER(S61)),VLOOKUP(ABS(S62-S61),'IMP Table'!$A$2:$C$26,3)*SIGN(S62-S61),0) | AG62: =IF(AND(ISNUMBER(T62),ISNUMBER(T58)),VLOOKUP(ABS(T62-T58),'IMP Table'!$A$2:$C$26,3)*SIGN(T62-T58),0) | AH62: =IF(AND(ISNUMBER(T62),ISNUMBER(T59)),VLOOKUP(ABS(T62-T59),'IMP Table'!$A$2:$C$26,3)*SIGN(T62-T59),0) | AI62: =IF(AND(ISNUMBER(T62),ISNUMBER(T60)),VLOOKUP(ABS(T62-T60),'IMP Table'!$A$2:$C$26,3)*SIGN(T62-T60),0) | AJ62: =IF(AND(ISNUMBER(T62),ISNUMBER(T61)),VLOOKUP(ABS(T62-T61),'IMP Table'!$A$2:$C$26,3)*SIGN(T62-T61),0)
A63: 13 | B63: ='By Round'!A63 | C63: ='By Round'!B63 | D63: ='By Round'!C63 | E63: ='By Round'!D63 | F63: =IF(ISBLANK('By Round'!F63),"",'By Round'!F63) | G63: =IF(ISBLANK('By Round'!G63),"",'By Round'!G63) | H63: =IF(ISBLANK('By Round'!H63),"",'By Round'!H63) | I63: =IF(ISBLANK('By Round'!I63),"",'By Round'!I63) | J63: =IF(ISBLANK('By Round'!J63),"",'By Round'!J63) | K63: =IF(ISBLANK('By Round'!K63),"",'By Round'!K63) | L63: =IF(ISBLANK('By Round'!L63),"",'By Round'!L63) | M63: =AVERAGE(AC63:AF63) | N63: =AVERAGE(AG63:AJ63) | O63: =IF(COUNT(U63:X63)>0,Q63/COUNT(U63:X63),0.5) | P63: =IF(COUNT(Y63:AB63)>0,R63/COUNT(Y63:AB63),0.5) | Q63: =SUM(U63:X63) | R63: =SUM(Y63:AB63) | S63: =IF(ISNUMBER(K63),K63,IF(ISNUMBER(L63),-L63,"")) | T63: =IF(ISNUMBER(L63),L63,IF(ISNUMBER(K63),-K63,"")) | U63: =IF(ISNUMBER(S63),IF(ISNUMBER(S64),IF(S63>S64,1.0,IF(S63=S64,0.5,0.0)),""),"") | V63: =IF(ISNUMBER(S63),IF(ISNUMBER(S65),IF(S63>S65,1.0,IF(S63=S65,0.5,0.0)),""),"") | W63: =IF(ISNUMBER(S63),IF(ISNUMBER(S66),IF(S63>S66,1.0,IF(S63=S66,0.5,0.0)),""),"") | X63: =IF(ISNUMBER(S63),IF(ISNUMBER(S67),IF(S63>S67,1.0,IF(S63=S67,0.5,0.0)),""),"") | Y63: =IF(ISNUMBER(T63),IF(ISNUMBER(T64),IF(T63>T64,1.0,IF(T63=T64,0.5,0.0)),""),"") | Z63: =IF(ISNUMBER(T63),IF(ISNUMBER(T65),IF(T63>T65,1.0,IF(T63=T65,0.5,0.0)),""),"") | AA63: =IF(ISNUMBER(T63),IF(ISNUMBER(T66),IF(T63>T66,1.0,IF(T63=T66,0.5,0.0)),""),"") | AB63: =IF(ISNUMBER(T63),IF(ISNUMBER(T67),IF(T63>T67,1.0,IF(T63=T67,0.5,0.0)),""),"") | AC63: =IF(AND(ISNUMBER(S63),ISNUMBER(S64)),VLOOKUP(ABS(S63-S64),'IMP Table'!$A$2:$C$26,3)*SIGN(S63-S64),0) | AD63: =IF(AND(ISNUMBER(S63),ISNUMBER(S65)),VLOOKUP(ABS(S63-S65),'IMP Table'!$A$2:$C$26,3)*SIGN(S63-S65),0) | AE63: =IF(AND(ISNUMBER(S63),ISNUMBER(S66)),VLOOKUP(ABS(S63-S66),'IMP Table'!$A$2:$C$26,3)*SIGN(S63-S66),0) | AF63: =IF(AND(ISNUMBER(S63),ISNUMBER(S67)),VLOOKUP(ABS(S63-S67),'IMP Table'!$A$2:$C$26,3)*SIGN(S63-S67),0) | AG63: =IF(AND(ISNUMBER(T63),ISNUMBER(T64)),VLOOKUP(ABS(T63-T64),'IMP Table'!$A$2:$C$26,3)*SIGN(T63-T64),0) | AH63: =IF(AND(ISNUMBER(T63),ISNUMBER(T65)),VLOOKUP(ABS(T63-T65),'IMP Table'!$A$2:$C$26,3)*SIGN(T63-T65),0) | AI63: =IF(AND(ISNUMBER(T63),ISNUMBER(T66)),VLOOKUP(ABS(T63-T66),'IMP Table'!$A$2:$C$26,3)*SIGN(T63-T66),0) | AJ63: =IF(AND(ISNUMBER(T63),ISNUMBER(T67)),VLOOKUP(ABS(T63-T67),'IMP Table'!$A$2:$C$26,3)*SIGN(T63-T67),0)
B64: ='By Round'!A43 | C64: ='By Round'!B47 | D64: ='By Round'!C47 | E64: ='By Round'!D47 | F64: =IF(ISBLANK('By Round'!F47),"",'By Round'!F47) | G64: =IF(ISBLANK('By Round'!G47),"",'By Round'!G47) | H64: =IF(ISBLANK('By Round'!H47),"",'By Round'!H47) | I64: =IF(ISBLANK('By Round'!I47),"",'By Round'!I47) | J64: =IF(ISBLANK('By Round'!J47),"",'By Round'!J47) | K64: =IF(ISBLANK('By Round'!K47),"",'By Round'!K47) | L64: =IF(ISBLANK('By Round'!L47),"",'By Round'!L47) | M64: =AVERAGE(AC64:AF64) | N64: =AVERAGE(AG64:AJ64) | O64: =IF(COUNT(U64:X64)>0,Q64/COUNT(U64:X64),0.5) | P64: =IF(COUNT(Y64:AB64)>0,R64/COUNT(Y64:AB64),0.5) | Q64: =SUM(U64:X64) | R64: =SUM(Y64:AB64) | S64: =IF(ISNUMBER(K64),K64,IF(ISNUMBER(L64),-L64,"")) | T64: =IF(ISNUMBER(L64),L64,IF(ISNUMBER(K64),-K64,"")) | U64: =IF(ISNUMBER(S64),IF(ISNUMBER(S63),IF(S64>S63,1.0,IF(S64=S63,0.5,0.0)),""),"") | V64: =IF(ISNUMBER(S64),IF(ISNUMBER(S65),IF(S64>S65,1.0,IF(S64=S65,0.5,0.0)),""),"") | W64: =IF(ISNUMBER(S64),IF(ISNUMBER(S66),IF(S64>S66,1.0,IF(S64=S66,0.5,0.0)),""),"") | X64: =IF(ISNUMBER(S64),IF(ISNUMBER(S67),IF(S64>S67,1.0,IF(S64=S67,0.5,0.0)),""),"") | Y64: =IF(ISNUMBER(T64),IF(ISNUMBER(T63),IF(T64>T63,1.0,IF(T64=T63,0.5,0.0)),""),"") | Z64: =IF(ISNUMBER(T64),IF(ISNUMBER(T65),IF(T64>T65,1.0,IF(T64=T65,0.5,0.0)),""),"") | AA64: =IF(ISNUMBER(T64),IF(ISNUMBER(T66),IF(T64>T66,1.0,IF(T64=T66,0.5,0.0)),""),"") | AB64: =IF(ISNUMBER(T64),IF(ISNUMBER(T67),IF(T64>T67,1.0,IF(T64=T67,0.5,0.0)),""),"") | AC64: =IF(AND(ISNUMBER(S64),ISNUMBER(S63)),VLOOKUP(ABS(S64-S63),'IMP Table'!$A$2:$C$26,3)*SIGN(S64-S63),0) | AD64: =IF(AND(ISNUMBER(S64),ISNUMBER(S65)),VLOOKUP(ABS(S64-S65),'IMP Table'!$A$2:$C$26,3)*SIGN(S64-S65),0) | AE64: =IF(AND(ISNUMBER(S64),ISNUMBER(S66)),VLOOKUP(ABS(S64-S66),'IMP Table'!$A$2:$C$26,3)*SIGN(S64-S66),0) | AF64: =IF(AND(ISNUMBER(S64),ISNUMBER(S67)),VLOOKUP(ABS(S64-S67),'IMP Table'!$A$2:$C$26,3)*SIGN(S64-S67),0) | AG64: =IF(AND(ISNUMBER(T64),ISNUMBER(T63)),VLOOKUP(ABS(T64-T63),'IMP Table'!$A$2:$C$26,3)*SIGN(T64-T63),0) | AH64: =IF(AND(ISNUMBER(T64),ISNUMBER(T65)),VLOOKUP(ABS(T64-T65),'IMP Table'!$A$2:$C$26,3)*SIGN(T64-T65),0) | AI64: =IF(AND(ISNUMBER(T64),ISNUMBER(T66)),VLOOKUP(ABS(T64-T66),'IMP Table'!$A$2:$C$26,3)*SIGN(T64-T66),0) | AJ64: =IF(AND(ISNUMBER(T64),ISNUMBER(T67)),VLOOKUP(ABS(T64-T67),'IMP Table'!$A$2:$C$26,3)*SIGN(T64-T67),0)
B65: ='By Round'!A83 | C65: ='By Round'!B89 | D65: ='By Round'!C89 | E65: ='By Round'!D89 | F65: =IF(ISBLANK('By Round'!F89),"",'By Round'!F89) | G65: =IF(ISBLANK('By Round'!G89),"",'By Round'!G89) | H65: =IF(ISBLANK('By Round'!H89),"",'By Round'!H89) | I65: =IF(ISBLANK('By Round'!I89),"",'By Round'!I89) | J65: =IF(ISBLANK('By Round'!J89),"",'By Round'!J89) | K65: =IF(ISBLANK('By Round'!K89),"",'By Round'!K89) | L65: =IF(ISBLANK('By Round'!L89),"",'By Round'!L89) | M65: =AVERAGE(AC65:AF65) | N65: =AVERAGE(AG65:AJ65) | O65: =IF(COUNT(U65:X65)>0,Q65/COUNT(U65:X65),0.5) | P65: =IF(COUNT(Y65:AB65)>0,R65/COUNT(Y65:AB65),0.5) | Q65: =SUM(U65:X65) | R65: =SUM(Y65:AB65) | S65: =IF(ISNUMBER(K65),K65,IF(ISNUMBER(L65),-L65,"")) | T65: =IF(ISNUMBER(L65),L65,IF(ISNUMBER(K65),-K65,"")) | U65: =IF(ISNUMBER(S65),IF(ISNUMBER(S63),IF(S65>S63,1.0,IF(S65=S63,0.5,0.0)),""),"") | V65: =IF(ISNUMBER(S65),IF(ISNUMBER(S64),IF(S65>S64,1.0,IF(S65=S64,0.5,0.0)),""),"") | W65: =IF(ISNUMBER(S65),IF(ISNUMBER(S66),IF(S65>S66,1.0,IF(S65=S66,0.5,0.0)),""),"") | X65: =IF(ISNUMBER(S65),IF(ISNUMBER(S67),IF(S65>S67,1.0,IF(S65=S67,0.5,0.0)),""),"") | Y65: =IF(ISNUMBER(T65),IF(ISNUMBER(T63),IF(T65>T63,1.0,IF(T65=T63,0.5,0.0)),""),"") | Z65: =IF(ISNUMBER(T65),IF(ISNUMBER(T64),IF(T65>T64,1.0,IF(T65=T64,0.5,0.0)),""),"") | AA65: =IF(ISNUMBER(T65),IF(ISNUMBER(T66),IF(T65>T66,1.0,IF(T65=T66,0.5,0.0)),""),"") | AB65: =IF(ISNUMBER(T65),IF(ISNUMBER(T67),IF(T65>T67,1.0,IF(T65=T67,0.5,0.0)),""),"") | AC65: =IF(AND(ISNUMBER(S65),ISNUMBER(S63)),VLOOKUP(ABS(S65-S63),'IMP Table'!$A$2:$C$26,3)*SIGN(S65-S63),0) | AD65: =IF(AND(ISNUMBER(S65),ISNUMBER(S64)),VLOOKUP(ABS(S65-S64),'IMP Table'!$A$2:$C$26,3)*SIGN(S65-S64),0) | AE65: =IF(AND(ISNUMBER(S65),ISNUMBER(S66)),VLOOKUP(ABS(S65-S66),'IMP Table'!$A$2:$C$26,3)*SIGN(S65-S66),0) | AF65: =IF(AND(ISNUMBER(S65),ISNUMBER(S67)),VLOOKUP(ABS(S65-S67),'IMP Table'!$A$2:$C$26,3)*SIGN(S65-S67),0) | AG65: =IF(AND(ISNUMBER(T65),ISNUMBER(T63)),VLOOKUP(ABS(T65-T63),'IMP Table'!$A$2:$C$26,3)*SIGN(T65-T63),0) | AH65: =IF(AND(ISNUMBER(T65),ISNUMBER(T64)),VLOOKUP(ABS(T65-T64),'IMP Table'!$A$2:$C$26,3)*SIGN(T65-T64),0) | AI65: =IF(AND(ISNUMBER(T65),ISNUMBER(T66)),VLOOKUP(ABS(T65-T66),'IMP Table'!$A$2:$C$26,3)*SIGN(T65-T66),0) | AJ65: =IF(AND(ISNUMBER(T65),ISNUMBER(T67)),VLOOKUP(ABS(T65-T67),'IMP Table'!$A$2:$C$26,3)*SIGN(T65-T67),0)
B66: ='By Round'!A73 | C66: ='By Round'!B81 | D66: ='By Round'!C81 | E66: ='By Round'!D81 | F66: =IF(ISBLANK('By Round'!F81),"",'By Round'!F81) | G66: =IF(ISBLANK('By Round'!G81),"",'By Round'!G81) | H66: =IF(ISBLANK('By Round'!H81),"",'By Round'!H81) | I66: =IF(ISBLANK('By Round'!I81),"",'By Round'!I81) | J66: =IF(ISBLANK('By Round'!J81),"",'By Round'!J81) | K66: =IF(ISBLANK('By Round'!K81),"",'By Round'!K81) | L66: =IF(ISBLANK('By Round'!L81),"",'By Round'!L81) | M66: =AVERAGE(AC66:AF66) | N66: =AVERAGE(AG66:AJ66) | O66: =IF(COUNT(U66:X66)>0,Q66/COUNT(U66:X66),0.5) | P66: =IF(COUNT(Y66:AB66)>0,R66/COUNT(Y66:AB66),0.5) | Q66: =SUM(U66:X66) | R66: =SUM(Y66:AB66) | S66: =IF(ISNUMBER(K66),K66,IF(ISNUMBER(L66),-L66,"")) | T66: =IF(ISNUMBER(L66),L66,IF(ISNUMBER(K66),-K66,"")) | U66: =IF(ISNUMBER(S66),IF(ISNUMBER(S63),IF(S66>S63,1.0,IF(S66=S63,0.5,0.0)),""),"") | V66: =IF(ISNUMBER(S66),IF(ISNUMBER(S64),IF(S66>S64,1.0,IF(S66=S64,0.5,0.0)),""),"") | W66: =IF(ISNUMBER(S66),IF(ISNUMBER(S65),IF(S66>S65,1.0,IF(S66=S65,0.5,0.0)),""),"") | X66: =IF(ISNUMBER(S66),IF(ISNUMBER(S67),IF(S66>S67,1.0,IF(S66=S67,0.5,0.0)),""),"") | Y66: =IF(ISNUMBER(T66),IF(ISNUMBER(T63),IF(T66>T63,1.0,IF(T66=T63,0.5,0.0)),""),"") | Z66: =IF(ISNUMBER(T66),IF(ISNUMBER(T64),IF(T66>T64,1.0,IF(T66=T64,0.5,0.0)),""),"") | AA66: =IF(ISNUMBER(T66),IF(ISNUMBER(T65),IF(T66>T65,1.0,IF(T66=T65,0.5,0.0)),""),"") | AB66: =IF(ISNUMBER(T66),IF(ISNUMBER(T67),IF(T66>T67,1.0,IF(T66=T67,0.5,0.0)),""),"") | AC66: =IF(AND(ISNUMBER(S66),ISNUMBER(S63)),VLOOKUP(ABS(S66-S63),'IMP Table'!$A$2:$C$26,3)*SIGN(S66-S63),0) | AD66: =IF(AND(ISNUMBER(S66),ISNUMBER(S64)),VLOOKUP(ABS(S66-S64),'IMP Table'!$A$2:$C$26,3)*SIGN(S66-S64),0) | AE66: =IF(AND(ISNUMBER(S66),ISNUMBER(S65)),VLOOKUP(ABS(S66-S65),'IMP Table'!$A$2:$C$26,3)*SIGN(S66-S65),0) | AF66: =IF(AND(ISNUMBER(S66),ISNUMBER(S67)),VLOOKUP(ABS(S66-S67),'IMP Table'!$A$2:$C$26,3)*SIGN(S66-S67),0) | AG66: =IF(AND(ISNUMBER(T66),ISNUMBER(T63)),VLOOKUP(ABS(T66-T63),'IMP Table'!$A$2:$C$26,3)*SIGN(T66-T63),0) | AH66: =IF(AND(ISNUMBER(T66),ISNUMBER(T64)),VLOOKUP(ABS(T66-T64),'IMP Table'!$A$2:$C$26,3)*SIGN(T66-T64),0) | AI66: =IF(AND(ISNUMBER(T66),ISNUMBER(T65)),VLOOKUP(ABS(T66-T65),'IMP Table'!$A$2:$C$26,3)*SIGN(T66-T65),0) | AJ66: =IF(AND(ISNUMBER(T66),ISNUMBER(T67)),VLOOKUP(ABS(T66-T67),'IMP Table'!$A$2:$C$26,3)*SIGN(T66-T67),0)
B67: ='By Round'!A53 | C67: ='By Round'!B55 | D67: ='By Round'!C55 | E67: ='By Round'!D55 | F67: =IF(ISBLANK('By Round'!F55),"",'By Round'!F55) | G67: =IF(ISBLANK('By Round'!G55),"",'By Round'!G55) | H67: =IF(ISBLANK('By Round'!H55),"",'By Round'!H55) | I67: =IF(ISBLANK('By Round'!I55),"",'By Round'!I55) | J67: =IF(ISBLANK('By Round'!J55),"",'By Round'!J55) | K67: =IF(ISBLANK('By Round'!K55),"",'By Round'!K55) | L67: =IF(ISBLANK('By Round'!L55),"",'By Round'!L55) | M67: =AVERAGE(AC67:AF67) | N67: =AVERAGE(AG67:AJ67) | O67: =IF(COUNT(U67:X67)>0,Q67/COUNT(U67:X67),0.5) | P67: =IF(COUNT(Y67:AB67)>0,R67/COUNT(Y67:AB67),0.5) | Q67: =SUM(U67:X67) | R67: =SUM(Y67:AB67) | S67: =IF(ISNUMBER(K67),K67,IF(ISNUMBER(L67),-L67,"")) | T67: =IF(ISNUMBER(L67),L67,IF(ISNUMBER(K67),-K67,"")) | U67: =IF(ISNUMBER(S67),IF(ISNUMBER(S63),IF(S67>S63,1.0,IF(S67=S63,0.5,0.0)),""),"") | V67: =IF(ISNUMBER(S67),IF(ISNUMBER(S64),IF(S67>S64,1.0,IF(S67=S64,0.5,0.0)),""),"") | W67: =IF(ISNUMBER(S67),IF(ISNUMBER(S65),IF(S67>S65,1.0,IF(S67=S65,0.5,0.0)),""),"") | X67: =IF(ISNUMBER(S67),IF(ISNUMBER(S66),IF(S67>S66,1.0,IF(S67=S66,0.5,0.0)),""),"") | Y67: =IF(ISNUMBER(T67),IF(ISNUMBER(T63),IF(T67>T63,1.0,IF(T67=T63,0.5,0.0)),""),"") | Z67: =IF(ISNUMBER(T67),IF(ISNUMBER(T64),IF(T67>T64,1.0,IF(T67=T64,0.5,0.0)),""),"") | AA67: =IF(ISNUMBER(T67),IF(ISNUMBER(T65),IF(T67>T65,1.0,IF(T67=T65,0.5,0.0)),""),"") | AB67: =IF(ISNUMBER(T67),IF(ISNUMBER(T66),IF(T67>T66,1.0,IF(T67=T66,0.5,0.0)),""),"") | AC67: =IF(AND(ISNUMBER(S67),ISNUMBER(S63)),VLOOKUP(ABS(S67-S63),'IMP Table'!$A$2:$C$26,3)*SIGN(S67-S63),0) | AD67: =IF(AND(ISNUMBER(S67),ISNUMBER(S64)),VLOOKUP(ABS(S67-S64),'IMP Table'!$A$2:$C$26,3)*SIGN(S67-S64),0) | AE67: =IF(AND(ISNUMBER(S67),ISNUMBER(S65)),VLOOKUP(ABS(S67-S65),'IMP Table'!$A$2:$C$26,3)*SIGN(S67-S65),0) | AF67: =IF(AND(ISNUMBER(S67),ISNUMBER(S66)),VLOOKUP(ABS(S67-S66),'IMP Table'!$A$2:$C$26,3)*SIGN(S67-S66),0) | AG67: =IF(AND(ISNUMBER(T67),ISNUMBER(T63)),VLOOKUP(ABS(T67-T63),'IMP Table'!$A$2:$C$26,3)*SIGN(T67-T63),0) | AH67: =IF(AND(ISNUMBER(T67),ISNUMBER(T64)),VLOOKUP(ABS(T67-T64),'IMP Table'!$A$2:$C$26,3)*SIGN(T67-T64),0) | AI67: =IF(AND(ISNUMBER(T67),ISNUMBER(T65)),VLOOKUP(ABS(T67-T65),'IMP Table'!$A$2:$C$26,3)*SIGN(T67-T65),0) | AJ67: =IF(AND(ISNUMBER(T67),ISNUMBER(T66)),VLOOKUP(ABS(T67-T66),'IMP Table'!$A$2:$C$26,3)*SIGN(T67-T66),0)
A68: 14 | B68: ='By Round'!A63 | C68: ='By Round'!B63 | D68: ='By Round'!C63 | E68: ='By Round'!D63 | F68: =IF(ISBLANK('By Round'!F64),"",'By Round'!F64) | G68: =IF(ISBLANK('By Round'!G64),"",'By Round'!G64) | H68: =IF(ISBLANK('By Round'!H64),"",'By Round'!H64) | I68: =IF(ISBLANK('By Round'!I64),"",'By Round'!I64) | J68: =IF(ISBLANK('By Round'!J64),"",'By Round'!J64) | K68: =IF(ISBLANK('By Round'!K64),"",'By Round'!K64) | L68: =IF(ISBLANK('By Round'!L64),"",'By Round'!L64) | M68: =AVERAGE(AC68:AF68) | N68: =AVERAGE(AG68:AJ68) | O68: =IF(COUNT(U68:X68)>0,Q68/COUNT(U68:X68),0.5) | P68: =IF(COUNT(Y68:AB68)>0,R68/COUNT(Y68:AB68),0.5) | Q68: =SUM(U68:X68) | R68: =SUM(Y68:AB68) | S68: =IF(ISNUMBER(K68),K68,IF(ISNUMBER(L68),-L68,"")) | T68: =IF(ISNUMBER(L68),L68,IF(ISNUMBER(K68),-K68,"")) | U68: =IF(ISNUMBER(S68),IF(ISNUMBER(S69),IF(S68>S69,1.0,IF(S68=S69,0.5,0.0)),""),"") | V68: =IF(ISNUMBER(S68),IF(ISNUMBER(S70),IF(S68>S70,1.0,IF(S68=S70,0.5,0.0)),""),"") | W68: =IF(ISNUMBER(S68),IF(ISNUMBER(S71),IF(S68>S71,1.0,IF(S68=S71,0.5,0.0)),""),"") | X68: =IF(ISNUMBER(S68),IF(ISNUMBER(S72),IF(S68>S72,1.0,IF(S68=S72,0.5,0.0)),""),"") | Y68: =IF(ISNUMBER(T68),IF(ISNUMBER(T69),IF(T68>T69,1.0,IF(T68=T69,0.5,0.0)),""),"") | Z68: =IF(ISNUMBER(T68),IF(ISNUMBER(T70),IF(T68>T70,1.0,IF(T68=T70,0.5,0.0)),""),"") | AA68: =IF(ISNUMBER(T68),IF(ISNUMBER(T71),IF(T68>T71,1.0,IF(T68=T71,0.5,0.0)),""),"") | AB68: =IF(ISNUMBER(T68),IF(ISNUMBER(T72),IF(T68>T72,1.0,IF(T68=T72,0.5,0.0)),""),"") | AC68: =IF(AND(ISNUMBER(S68),ISNUMBER(S69)),VLOOKUP(ABS(S68-S69),'IMP Table'!$A$2:$C$26,3)*SIGN(S68-S69),0) | AD68: =IF(AND(ISNUMBER(S68),ISNUMBER(S70)),VLOOKUP(ABS(S68-S70),'IMP Table'!$A$2:$C$26,3)*SIGN(S68-S70),0) | AE68: =IF(AND(ISNUMBER(S68),ISNUMBER(S71)),VLOOKUP(ABS(S68-S71),'IMP Table'!$A$2:$C$26,3)*SIGN(S68-S71),0) | AF68: =IF(AND(ISNUMBER(S68),ISNUMBER(S72)),VLOOKUP(ABS(S68-S72),'IMP Table'!$A$2:$C$26,3)*SIGN(S68-S72),0) | AG68: =IF(AND(ISNUMBER(T68),ISNUMBER(T69)),VLOOKUP(ABS(T68-T69),'IMP Table'!$A$2:$C$26,3)*SIGN(T68-T69),0) | AH68: =IF(AND(ISNUMBER(T68),ISNUMBER(T70)),VLOOKUP(ABS(T68-T70),'IMP Table'!$A$2:$C$26,3)*SIGN(T68-T70),0) | AI68: =IF(AND(ISNUMBER(T68),ISNUMBER(T71)),VLOOKUP(ABS(T68-T71),'IMP Table'!$A$2:$C$26,3)*SIGN(T68-T71),0) | AJ68: =IF(AND(ISNUMBER(T68),ISNUMBER(T72)),VLOOKUP(ABS(T68-T72),'IMP Table'!$A$2:$C$26,3)*SIGN(T68-T72),0)
B69: ='By Round'!A43 | C69: ='By Round'!B47 | D69: ='By Round'!C47 | E69: ='By Round'!D47 | F69: =IF(ISBLANK('By Round'!F48),"",'By Round'!F48) | G69: =IF(ISBLANK('By Round'!G48),"",'By Round'!G48) | H69: =IF(ISBLANK('By Round'!H48),"",'By Round'!H48) | I69: =IF(ISBLANK('By Round'!I48),"",'By Round'!I48) | J69: =IF(ISBLANK('By Round'!J48),"",'By Round'!J48) | K69: =IF(ISBLANK('By Round'!K48),"",'By Round'!K48) | L69: =IF(ISBLANK('By Round'!L48),"",'By Round'!L48) | M69: =AVERAGE(AC69:AF69) | N69: =AVERAGE(AG69:AJ69) | O69: =IF(COUNT(U69:X69)>0,Q69/COUNT(U69:X69),0.5) | P69: =IF(COUNT(Y69:AB69)>0,R69/COUNT(Y69:AB69),0.5) | Q69: =SUM(U69:X69) | R69: =SUM(Y69:AB69) | S69: =IF(ISNUMBER(K69),K69,IF(ISNUMBER(L69),-L69,"")) | T69: =IF(ISNUMBER(L69),L69,IF(ISNUMBER(K69),-K69,"")) | U69: =IF(ISNUMBER(S69),IF(ISNUMBER(S68),IF(S69>S68,1.0,IF(S69=S68,0.5,0.0)),""),"") | V69: =IF(ISNUMBER(S69),IF(ISNUMBER(S70),IF(S69>S70,1.0,IF(S69=S70,0.5,0.0)),""),"") | W69: =IF(ISNUMBER(S69),IF(ISNUMBER(S71),IF(S69>S71,1.0,IF(S69=S71,0.5,0.0)),""),"") | X69: =IF(ISNUMBER(S69),IF(ISNUMBER(S72),IF(S69>S72,1.0,IF(S69=S72,0.5,0.0)),""),"") | Y69: =IF(ISNUMBER(T69),IF(ISNUMBER(T68),IF(T69>T68,1.0,IF(T69=T68,0.5,0.0)),""),"") | Z69: =IF(ISNUMBER(T69),IF(ISNUMBER(T70),IF(T69>T70,1.0,IF(T69=T70,0.5,0.0)),""),"") | AA69: =IF(ISNUMBER(T69),IF(ISNUMBER(T71),IF(T69>T71,1.0,IF(T69=T71,0.5,0.0)),""),"") | AB69: =IF(ISNUMBER(T69),IF(ISNUMBER(T72),IF(T69>T72,1.0,IF(T69=T72,0.5,0.0)),""),"") | AC69: =IF(AND(ISNUMBER(S69),ISNUMBER(S68)),VLOOKUP(ABS(S69-S68),'IMP Table'!$A$2:$C$26,3)*SIGN(S69-S68),0) | AD69: =IF(AND(ISNUMBER(S69),ISNUMBER(S70)),VLOOKUP(ABS(S69-S70),'IMP Table'!$A$2:$C$26,3)*SIGN(S69-S70),0) | AE69: =IF(AND(ISNUMBER(S69),ISNUMBER(S71)),VLOOKUP(ABS(S69-S71),'IMP Table'!$A$2:$C$26,3)*SIGN(S69-S71),0) | AF69: =IF(AND(ISNUMBER(S69),ISNUMBER(S72)),VLOOKUP(ABS(S69-S72),'IMP Table'!$A$2:$C$26,3)*SIGN(S69-S72),0) | AG69: =IF(AND(ISNUMBER(T69),ISNUMBER(T68)),VLOOKUP(ABS(T69-T68),'IMP Table'!$A$2:$C$26,3)*SIGN(T69-T68),0) | AH69: =IF(AND(ISNUMBER(T69),ISNUMBER(T70)),VLOOKUP(ABS(T69-T70),'IMP Table'!$A$2:$C$26,3)*SIGN(T69-T70),0) | AI69: =IF(AND(ISNUMBER(T69),ISNUMBER(T71)),VLOOKUP(ABS(T69-T71),'IMP Table'!$A$2:$C$26,3)*SIGN(T69-T71),0) | AJ69: =IF(AND(ISNUMBER(T69),ISNUMBER(T72)),VLOOKUP(ABS(T69-T72),'IMP Table'!$A$2:$C$26,3)*SIGN(T69-T72),0)
B70: ='By Round'!A83 | C70: ='By Round'!B89 | D70: ='By Round'!C89 | E70: ='By Round'!D89 | F70: =IF(ISBLANK('By Round'!F90),"",'By Round'!F90) | G70: =IF(ISBLANK('By Round'!G90),"",'By Round'!G90) | H70: =IF(ISBLANK('By Round'!H90),"",'By Round'!H90) | I70: =IF(ISBLANK('By Round'!I90),"",'By Round'!I90) | J70: =IF(ISBLANK('By Round'!J90),"",'By Round'!J90) | K70: =IF(ISBLANK('By Round'!K90),"",'By Round'!K90) | L70: =IF(ISBLANK('By Round'!L90),"",'By Round'!L90) | M70: =AVERAGE(AC70:AF70) | N70: =AVERAGE(AG70:AJ70) | O70: =IF(COUNT(U70:X70)>0,Q70/COUNT(U70:X70),0.5) | P70: =IF(COUNT(Y70:AB70)>0,R70/COUNT(Y70:AB70),0.5) | Q70: =SUM(U70:X70) | R70: =SUM(Y70:AB70) | S70: =IF(ISNUMBER(K70),K70,IF(ISNUMBER(L70),-L70,"")) | T70: =IF(ISNUMBER(L70),L70,IF(ISNUMBER(K70),-K70,"")) | U70: =IF(ISNUMBER(S70),IF(ISNUMBER(S68),IF(S70>S68,1.0,IF(S70=S68,0.5,0.0)),""),"") | V70: =IF(ISNUMBER(S70),IF(ISNUMBER(S69),IF(S70>S69,1.0,IF(S70=S69,0.5,0.0)),""),"") | W70: =IF(ISNUMBER(S70),IF(ISNUMBER(S71),IF(S70>S71,1.0,IF(S70=S71,0.5,0.0)),""),"") | X70: =IF(ISNUMBER(S70),IF(ISNUMBER(S72),IF(S70>S72,1.0,IF(S70=S72,0.5,0.0)),""),"") | Y70: =IF(ISNUMBER(T70),IF(ISNUMBER(T68),IF(T70>T68,1.0,IF(T70=T68,0.5,0.0)),""),"") | Z70: =IF(ISNUMBER(T70),IF(ISNUMBER(T69),IF(T70>T69,1.0,IF(T70=T69,0.5,0.0)),""),"") | AA70: =IF(ISNUMBER(T70),IF(ISNUMBER(T71),IF(T70>T71,1.0,IF(T70=T71,0.5,0.0)),""),"") | AB70: =IF(ISNUMBER(T70),IF(ISNUMBER(T72),IF(T70>T72,1.0,IF(T70=T72,0.5,0.0)),""),"") | AC70: =IF(AND(ISNUMBER(S70),ISNUMBER(S68)),VLOOKUP(ABS(S70-S68),'IMP Table'!$A$2:$C$26,3)*SIGN(S70-S68),0) | AD70: =IF(AND(ISNUMBER(S70),ISNUMBER(S69)),VLOOKUP(ABS(S70-S69),'IMP Table'!$A$2:$C$26,3)*SIGN(S70-S69),0) | AE70: =IF(AND(ISNUMBER(S70),ISNUMBER(S71)),VLOOKUP(ABS(S70-S71),'IMP Table'!$A$2:$C$26,3)*SIGN(S70-S71),0) | AF70: =IF(AND(ISNUMBER(S70),ISNUMBER(S72)),VLOOKUP(ABS(S70-S72),'IMP Table'!$A$2:$C$26,3)*SIGN(S70-S72),0) | AG70: =IF(AND(ISNUMBER(T70),ISNUMBER(T68)),VLOOKUP(ABS(T70-T68),'IMP Table'!$A$2:$C$26,3)*SIGN(T70-T68),0) | AH70: =IF(AND(ISNUMBER(T70),ISNUMBER(T69)),VLOOKUP(ABS(T70-T69),'IMP Table'!$A$2:$C$26,3)*SIGN(T70-T69),0) | AI70: =IF(AND(ISNUMBER(T70),ISNUMBER(T71)),VLOOKUP(ABS(T70-T71),'IMP Table'!$A$2:$C$26,3)*SIGN(T70-T71),0) | AJ70: =IF(AND(ISNUMBER(T70),ISNUMBER(T72)),VLOOKUP(ABS(T70-T72),'IMP Table'!$A$2:$C$26,3)*SIGN(T70-T72),0)
B71: ='By Round'!A73 | C71: ='By Round'!B81 | D71: ='By Round'!C81 | E71: ='By Round'!D81 | F71: =IF(ISBLANK('By Round'!F82),"",'By Round'!F82) | G71: =IF(ISBLANK('By Round'!G82),"",'By Round'!G82) | H71: =IF(ISBLANK('By Round'!H82),"",'By Round'!H82) | I71: =IF(ISBLANK('By Round'!I82),"",'By Round'!I82) | J71: =IF(ISBLANK('By Round'!J82),"",'By Round'!J82) | K71: =IF(ISBLANK('By Round'!K82),"",'By Round'!K82) | L71: =IF(ISBLANK('By Round'!L82),"",'By Round'!L82) | M71: =AVERAGE(AC71:AF71) | N71: =AVERAGE(AG71:AJ71) | O71: =IF(COUNT(U71:X71)>0,Q71/COUNT(U71:X71),0.5) | P71: =IF(COUNT(Y71:AB71)>0,R71/COUNT(Y71:AB71),0.5) | Q71: =SUM(U71:X71) | R71: =SUM(Y71:AB71) | S71: =IF(ISNUMBER(K71),K71,IF(ISNUMBER(L71),-L71,"")) | T71: =IF(ISNUMBER(L71),L71,IF(ISNUMBER(K71),-K71,"")) | U71: =IF(ISNUMBER(S71),IF(ISNUMBER(S68),IF(S71>S68,1.0,IF(S71=S68,0.5,0.0)),""),"") | V71: =IF(ISNUMBER(S71),IF(ISNUMBER(S69),IF(S71>S69,1.0,IF(S71=S69,0.5,0.0)),""),"") | W71: =IF(ISNUMBER(S71),IF(ISNUMBER(S70),IF(S71>S70,1.0,IF(S71=S70,0.5,0.0)),""),"") | X71: =IF(ISNUMBER(S71),IF(ISNUMBER(S72),IF(S71>S72,1.0,IF(S71=S72,0.5,0.0)),""),"") | Y71: =IF(ISNUMBER(T71),IF(ISNUMBER(T68),IF(T71>T68,1.0,IF(T71=T68,0.5,0.0)),""),"") | Z71: =IF(ISNUMBER(T71),IF(ISNUMBER(T69),IF(T71>T69,1.0,IF(T71=T69,0.5,0.0)),""),"") | AA71: =IF(ISNUMBER(T71),IF(ISNUMBER(T70),IF(T71>T70,1.0,IF(T71=T70,0.5,0.0)),""),"") | AB71: =IF(ISNUMBER(T71),IF(ISNUMBER(T72),IF(T71>T72,1.0,IF(T71=T72,0.5,0.0)),""),"") | AC71: =IF(AND(ISNUMBER(S71),ISNUMBER(S68)),VLOOKUP(ABS(S71-S68),'IMP Table'!$A$2:$C$26,3)*SIGN(S71-S68),0) | AD71: =IF(AND(ISNUMBER(S71),ISNUMBER(S69)),VLOOKUP(ABS(S71-S69),'IMP Table'!$A$2:$C$26,3)*SIGN(S71-S69),0) | AE71: =IF(AND(ISNUMBER(S71),ISNUMBER(S70)),VLOOKUP(ABS(S71-S70),'IMP Table'!$A$2:$C$26,3)*SIGN(S71-S70),0) | AF71: =IF(AND(ISNUMBER(S71),ISNUMBER(S72)),VLOOKUP(ABS(S71-S72),'IMP Table'!$A$2:$C$26,3)*SIGN(S71-S72),0) | AG71: =IF(AND(ISNUMBER(T71),ISNUMBER(T68)),VLOOKUP(ABS(T71-T68),'IMP Table'!$A$2:$C$26,3)*SIGN(T71-T68),0) | AH71: =IF(AND(ISNUMBER(T71),ISNUMBER(T69)),VLOOKUP(ABS(T71-T69),'IMP Table'!$A$2:$C$26,3)*SIGN(T71-T69),0) | AI71: =IF(AND(ISNUMBER(T71),ISNUMBER(T70)),VLOOKUP(ABS(T71-T70),'IMP Table'!$A$2:$C$26,3)*SIGN(T71-T70),0) | AJ71: =IF(AND(ISNUMBER(T71),ISNUMBER(T72)),VLOOKUP(ABS(T71-T72),'IMP Table'!$A$2:$C$26,3)*SIGN(T71-T72),0)
B72: ='By Round'!A53 | C72: ='By Round'!B55 | D72: ='By Round'!C55 | E72: ='By Round'!D55 | F72: =IF(ISBLANK('By Round'!F56),"",'By Round'!F56) | G72: =IF(ISBLANK('By Round'!G56),"",'By Round'!G56) | H72: =IF(ISBLANK('By Round'!H56),"",'By Round'!H56) | I72: =IF(ISBLANK('By Round'!I56),"",'By Round'!I56) | J72: =IF(ISBLANK('By Round'!J56),"",'By Round'!J56) | K72: =IF(ISBLANK('By Round'!K56),"",'By Round'!K56) | L72: =IF(ISBLANK('By Round'!L56),"",'By Round'!L56) | M72: =AVERAGE(AC72:AF72) | N72: =AVERAGE(AG72:AJ72) | O72: =IF(COUNT(U72:X72)>0,Q72/COUNT(U72:X72),0.5) | P72: =IF(COUNT(Y72:AB72)>0,R72/COUNT(Y72:AB72),0.5) | Q72: =SUM(U72:X72) | R72: =SUM(Y72:AB72) | S72: =IF(ISNUMBER(K72),K72,IF(ISNUMBER(L72),-L72,"")) | T72: =IF(ISNUMBER(L72),L72,IF(ISNUMBER(K72),-K72,"")) | U72: =IF(ISNUMBER(S72),IF(ISNUMBER(S68),IF(S72>S68,1.0,IF(S72=S68,0.5,0.0)),""),"") | V72: =IF(ISNUMBER(S72),IF(ISNUMBER(S69),IF(S72>S69,1.0,IF(S72=S69,0.5,0.0)),""),"") | W72: =IF(ISNUMBER(S72),IF(ISNUMBER(S70),IF(S72>S70,1.0,IF(S72=S70,0.5,0.0)),""),"") | X72: =IF(ISNUMBER(S72),IF(ISNUMBER(S71),IF(S72>S71,1.0,IF(S72=S71,0.5,0.0)),""),"") | Y72: =IF(ISNUMBER(T72),IF(ISNUMBER(T68),IF(T72>T68,1.0,IF(T72=T68,0.5,0.0)),""),"") | Z72: =IF(ISNUMBER(T72),IF(ISNUMBER(T69),IF(T72>T69,1.0,IF(T72=T69,0.5,0.0)),""),"") | AA72: =IF(ISNUMBER(T72),IF(ISNUMBER(T70),IF(T72>T70,1.0,IF(T72=T70,0.5,0.0)),""),"") | AB72: =IF(ISNUMBER(T72),IF(ISNUMBER(T71),IF(T72>T71,1.0,IF(T72=T71,0.5,0.0)),""),"") | AC72: =IF(AND(ISNUMBER(S72),ISNUMBER(S68)),VLOOKUP(ABS(S72-S68),'IMP Table'!$A$2:$C$26,3)*SIGN(S72-S68),0) | AD72: =IF(AND(ISNUMBER(S72),ISNUMBER(S69)),VLOOKUP(ABS(S72-S69),'IMP Table'!$A$2:$C$26,3)*SIGN(S72-S69),0) | AE72: =IF(AND(ISNUMBER(S72),ISNUMBER(S70)),VLOOKUP(ABS(S72-S70),'IMP Table'!$A$2:$C$26,3)*SIGN(S72-S70),0) | AF72: =IF(AND(ISNUMBER(S72),ISNUMBER(S71)),VLOOKUP(ABS(S72-S71),'IMP Table'!$A$2:$C$26,3)*SIGN(S72-S71),0) | AG72: =IF(AND(ISNUMBER(T72),ISNUMBER(T68)),VLOOKUP(ABS(T72-T68),'IMP Table'!$A$2:$C$26,3)*SIGN(T72-T68),0) | AH72: =IF(AND(ISNUMBER(T72),ISNUMBER(T69)),VLOOKUP(ABS(T72-T69),'IMP Table'!$A$2:$C$26,3)*SIGN(T72-T69),0) | AI72: =IF(AND(ISNUMBER(T72),ISNUMBER(T70)),VLOOKUP(ABS(T72-T70),'IMP Table'!$A$2:$C$26,3)*SIGN(T72-T70),0) | AJ72: =IF(AND(ISNUMBER(T72),ISNUMBER(T71)),VLOOKUP(ABS(T72-T71),'IMP Table'!$A$2:$C$26,3)*SIGN(T72-T71),0)
A73: 15 | B73: ='By Round'!A73 | C73: ='By Round'!B73 | D73: ='By Round'!C73 | E73: ='By Round'!D73 | F73: =IF(ISBLANK('By Round'!F73),"",'By Round'!F73) | G73: =IF(ISBLANK('By Round'!G73),"",'By Round'!G73) | H73: =IF(ISBLANK('By Round'!H73),"",'By Round'!H73) | I73: =IF(ISBLANK('By Round'!I73),"",'By Round'!I73) | J73: =IF(ISBLANK('By Round'!J73),"",'By Round'!J73) | K73: =IF(ISBLANK('By Round'!K73),"",'By Round'!K73) | L73: =IF(ISBLANK('By Round'!L73),"",'By Round'!L73) | M73: =AVERAGE(AC73:AF73) | N73: =AVERAGE(AG73:AJ73) | O73: =IF(COUNT(U73:X73)>0,Q73/COUNT(U73:X73),0.5) | P73: =IF(COUNT(Y73:AB73)>0,R73/COUNT(Y73:AB73),0.5) | Q73: =SUM(U73:X73) | R73: =SUM(Y73:AB73) | S73: =IF(ISNUMBER(K73),K73,IF(ISNUMBER(L73),-L73,"")) | T73: =IF(ISNUMBER(L73),L73,IF(ISNUMBER(K73),-K73,"")) | U73: =IF(ISNUMBER(S73),IF(ISNUMBER(S74),IF(S73>S74,1.0,IF(S73=S74,0.5,0.0)),""),"") | V73: =IF(ISNUMBER(S73),IF(ISNUMBER(S75),IF(S73>S75,1.0,IF(S73=S75,0.5,0.0)),""),"") | W73: =IF(ISNUMBER(S73),IF(ISNUMBER(S76),IF(S73>S76,1.0,IF(S73=S76,0.5,0.0)),""),"") | X73: =IF(ISNUMBER(S73),IF(ISNUMBER(S77),IF(S73>S77,1.0,IF(S73=S77,0.5,0.0)),""),"") | Y73: =IF(ISNUMBER(T73),IF(ISNUMBER(T74),IF(T73>T74,1.0,IF(T73=T74,0.5,0.0)),""),"") | Z73: =IF(ISNUMBER(T73),IF(ISNUMBER(T75),IF(T73>T75,1.0,IF(T73=T75,0.5,0.0)),""),"") | AA73: =IF(ISNUMBER(T73),IF(ISNUMBER(T76),IF(T73>T76,1.0,IF(T73=T76,0.5,0.0)),""),"") | AB73: =IF(ISNUMBER(T73),IF(ISNUMBER(T77),IF(T73>T77,1.0,IF(T73=T77,0.5,0.0)),""),"") | AC73: =IF(AND(ISNUMBER(S73),ISNUMBER(S74)),VLOOKUP(ABS(S73-S74),'IMP Table'!$A$2:$C$26,3)*SIGN(S73-S74),0) | AD73: =IF(AND(ISNUMBER(S73),ISNUMBER(S75)),VLOOKUP(ABS(S73-S75),'IMP Table'!$A$2:$C$26,3)*SIGN(S73-S75),0) | AE73: =IF(AND(ISNUMBER(S73),ISNUMBER(S76)),VLOOKUP(ABS(S73-S76),'IMP Table'!$A$2:$C$26,3)*SIGN(S73-S76),0) | AF73: =IF(AND(ISNUMBER(S73),ISNUMBER(S77)),VLOOKUP(ABS(S73-S77),'IMP Table'!$A$2:$C$26,3)*SIGN(S73-S77),0) | AG73: =IF(AND(ISNUMBER(T73),ISNUMBER(T74)),VLOOKUP(ABS(T73-T74),'IMP Table'!$A$2:$C$26,3)*SIGN(T73-T74),0) | AH73: =IF(AND(ISNUMBER(T73),ISNUMBER(T75)),VLOOKUP(ABS(T73-T75),'IMP Table'!$A$2:$C$26,3)*SIGN(T73-T75),0) | AI73: =IF(AND(ISNUMBER(T73),ISNUMBER(T76)),VLOOKUP(ABS(T73-T76),'IMP Table'!$A$2:$C$26,3)*SIGN(T73-T76),0) | AJ73: =IF(AND(ISNUMBER(T73),ISNUMBER(T77)),VLOOKUP(ABS(T73-T77),'IMP Table'!$A$2:$C$26,3)*SIGN(T73-T77),0)
B74: ='By Round'!A53 | C74: ='By Round'!B57 | D74: ='By Round'!C57 | E74: ='By Round'!D57 | F74: =IF(ISBLANK('By Round'!F57),"",'By Round'!F57) | G74: =IF(ISBLANK('By Round'!G57),"",'By Round'!G57) | H74: =IF(ISBLANK('By Round'!H57),"",'By Round'!H57) | I74: =IF(ISBLANK('By Round'!I57),"",'By Round'!I57) | J74: =IF(ISBLANK('By Round'!J57),"",'By Round'!J57) | K74: =IF(ISBLANK('By Round'!K57),"",'By Round'!K57) | L74: =IF(ISBLANK('By Round'!L57),"",'By Round'!L57) | M74: =AVERAGE(AC74:AF74) | N74: =AVERAGE(AG74:AJ74) | O74: =IF(COUNT(U74:X74)>0,Q74/COUNT(U74:X74),0.5) | P74: =IF(COUNT(Y74:AB74)>0,R74/COUNT(Y74:AB74),0.5) | Q74: =SUM(U74:X74) | R74: =SUM(Y74:AB74) | S74: =IF(ISNUMBER(K74),K74,IF(ISNUMBER(L74),-L74,"")) | T74: =IF(ISNUMBER(L74),L74,IF(ISNUMBER(K74),-K74,"")) | U74: =IF(ISNUMBER(S74),IF(ISNUMBER(S73),IF(S74>S73,1.0,IF(S74=S73,0.5,0.0)),""),"") | V74: =IF(ISNUMBER(S74),IF(ISNUMBER(S75),IF(S74>S75,1.0,IF(S74=S75,0.5,0.0)),""),"") | W74: =IF(ISNUMBER(S74),IF(ISNUMBER(S76),IF(S74>S76,1.0,IF(S74=S76,0.5,0.0)),""),"") | X74: =IF(ISNUMBER(S74),IF(ISNUMBER(S77),IF(S74>S77,1.0,IF(S74=S77,0.5,0.0)),""),"") | Y74: =IF(ISNUMBER(T74),IF(ISNUMBER(T73),IF(T74>T73,1.0,IF(T74=T73,0.5,0.0)),""),"") | Z74: =IF(ISNUMBER(T74),IF(ISNUMBER(T75),IF(T74>T75,1.0,IF(T74=T75,0.5,0.0)),""),"") | AA74: =IF(ISNUMBER(T74),IF(ISNUMBER(T76),IF(T74>T76,1.0,IF(T74=T76,0.5,0.0)),""),"") | AB74: =IF(ISNUMBER(T74),IF(ISNUMBER(T77),IF(T74>T77,1.0,IF(T74=T77,0.5,0.0)),""),"") | AC74: =IF(AND(ISNUMBER(S74),ISNUMBER(S73)),VLOOKUP(ABS(S74-S73),'IMP Table'!$A$2:$C$26,3)*SIGN(S74-S73),0) | AD74: =IF(AND(ISNUMBER(S74),ISNUMBER(S75)),VLOOKUP(ABS(S74-S75),'IMP Table'!$A$2:$C$26,3)*SIGN(S74-S75),0) | AE74: =IF(AND(ISNUMBER(S74),ISNUMBER(S76)),VLOOKUP(ABS(S74-S76),'IMP Table'!$A$2:$C$26,3)*SIGN(S74-S76),0) | AF74: =IF(AND(ISNUMBER(S74),ISNUMBER(S77)),VLOOKUP(ABS(S74-S77),'IMP Table'!$A$2:$C$26,3)*SIGN(S74-S77),0) | AG74: =IF(AND(ISNUMBER(T74),ISNUMBER(T73)),VLOOKUP(ABS(T74-T73),'IMP Table'!$A$2:$C$26,3)*SIGN(T74-T73),0) | AH74: =IF(AND(ISNUMBER(T74),ISNUMBER(T75)),VLOOKUP(ABS(T74-T75),'IMP Table'!$A$2:$C$26,3)*SIGN(T74-T75),0) | AI74: =IF(AND(ISNUMBER(T74),ISNUMBER(T76)),VLOOKUP(ABS(T74-T76),'IMP Table'!$A$2:$C$26,3)*SIGN(T74-T76),0) | AJ74: =IF(AND(ISNUMBER(T74),ISNUMBER(T77)),VLOOKUP(ABS(T74-T77),'IMP Table'!$A$2:$C$26,3)*SIGN(T74-T77),0)
B75: ='By Round'!A3 | C75: ='By Round'!B9 | D75: ='By Round'!C9 | E75: ='By Round'!D9 | F75: =IF(ISBLANK('By Round'!F9),"",'By Round'!F9) | G75: =IF(ISBLANK('By Round'!G9),"",'By Round'!G9) | H75: =IF(ISBLANK('By Round'!H9),"",'By Round'!H9) | I75: =IF(ISBLANK('By Round'!I9),"",'By Round'!I9) | J75: =IF(ISBLANK('By Round'!J9),"",'By Round'!J9) | K75: =IF(ISBLANK('By Round'!K9),"",'By Round'!K9) | L75: =IF(ISBLANK('By Round'!L9),"",'By Round'!L9) | M75: =AVERAGE(AC75:AF75) | N75: =AVERAGE(AG75:AJ75) | O75: =IF(COUNT(U75:X75)>0,Q75/COUNT(U75:X75),0.5) | P75: =IF(COUNT(Y75:AB75)>0,R75/COUNT(Y75:AB75),0.5) | Q75: =SUM(U75:X75) | R75: =SUM(Y75:AB75) | S75: =IF(ISNUMBER(K75),K75,IF(ISNUMBER(L75),-L75,"")) | T75: =IF(ISNUMBER(L75),L75,IF(ISNUMBER(K75),-K75,"")) | U75: =IF(ISNUMBER(S75),IF(ISNUMBER(S73),IF(S75>S73,1.0,IF(S75=S73,0.5,0.0)),""),"") | V75: =IF(ISNUMBER(S75),IF(ISNUMBER(S74),IF(S75>S74,1.0,IF(S75=S74,0.5,0.0)),""),"") | W75: =IF(ISNUMBER(S75),IF(ISNUMBER(S76),IF(S75>S76,1.0,IF(S75=S76,0.5,0.0)),""),"") | X75: =IF(ISNUMBER(S75),IF(ISNUMBER(S77),IF(S75>S77,1.0,IF(S75=S77,0.5,0.0)),""),"") | Y75: =IF(ISNUMBER(T75),IF(ISNUMBER(T73),IF(T75>T73,1.0,IF(T75=T73,0.5,0.0)),""),"") | Z75: =IF(ISNUMBER(T75),IF(ISNUMBER(T74),IF(T75>T74,1.0,IF(T75=T74,0.5,0.0)),""),"") | AA75: =IF(ISNUMBER(T75),IF(ISNUMBER(T76),IF(T75>T76,1.0,IF(T75=T76,0.5,0.0)),""),"") | AB75: =IF(ISNUMBER(T75),IF(ISNUMBER(T77),IF(T75>T77,1.0,IF(T75=T77,0.5,0.0)),""),"") | AC75: =IF(AND(ISNUMBER(S75),ISNUMBER(S73)),VLOOKUP(ABS(S75-S73),'IMP Table'!$A$2:$C$26,3)*SIGN(S75-S73),0) | AD75: =IF(AND(ISNUMBER(S75),ISNUMBER(S74)),VLOOKUP(ABS(S75-S74),'IMP Table'!$A$2:$C$26,3)*SIGN(S75-S74),0) | AE75: =IF(AND(ISNUMBER(S75),ISNUMBER(S76)),VLOOKUP(ABS(S75-S76),'IMP Table'!$A$2:$C$26,3)*SIGN(S75-S76),0) | AF75: =IF(AND(ISNUMBER(S75),ISNUMBER(S77)),VLOOKUP(ABS(S75-S77),'IMP Table'!$A$2:$C$26,3)*SIGN(S75-S77),0) | AG75: =IF(AND(ISNUMBER(T75),ISNUMBER(T73)),VLOOKUP(ABS(T75-T73),'IMP Table'!$A$2:$C$26,3)*SIGN(T75-T73),0) | AH75: =IF(AND(ISNUMBER(T75),ISNUMBER(T74)),VLOOKUP(ABS(T75-T74),'IMP Table'!$A$2:$C$26,3)*SIGN(T75-T74),0) | AI75: =IF(AND(ISNUMBER(T75),ISNUMBER(T76)),VLOOKUP(ABS(T75-T76),'IMP Table'!$A$2:$C$26,3)*SIGN(T75-T76),0) | AJ75: =IF(AND(ISNUMBER(T75),ISNUMBER(T77)),VLOOKUP(ABS(T75-T77),'IMP Table'!$A$2:$C$26,3)*SIGN(T75-T77),0)
B76: ='By Round'!A83 | C76: ='By Round'!B91 | D76: ='By Round'!C91 | E76: ='By Round'!D91 | F76: =IF(ISBLANK('By Round'!F91),"",'By Round'!F91) | G76: =IF(ISBLANK('By Round'!G91),"",'By Round'!G91) | H76: =IF(ISBLANK('By Round'!H91),"",'By Round'!H91) | I76: =IF(ISBLANK('By Round'!I91),"",'By Round'!I91) | J76: =IF(ISBLANK('By Round'!J91),"",'By Round'!J91) | K76: =IF(ISBLANK('By Round'!K91),"",'By Round'!K91) | L76: =IF(ISBLANK('By Round'!L91),"",'By Round'!L91) | M76: =AVERAGE(AC76:AF76) | N76: =AVERAGE(AG76:AJ76) | O76: =IF(COUNT(U76:X76)>0,Q76/COUNT(U76:X76),0.5) | P76: =IF(COUNT(Y76:AB76)>0,R76/COUNT(Y76:AB76),0.5) | Q76: =SUM(U76:X76) | R76: =SUM(Y76:AB76) | S76: =IF(ISNUMBER(K76),K76,IF(ISNUMBER(L76),-L76,"")) | T76: =IF(ISNUMBER(L76),L76,IF(ISNUMBER(K76),-K76,"")) | U76: =IF(ISNUMBER(S76),IF(ISNUMBER(S73),IF(S76>S73,1.0,IF(S76=S73,0.5,0.0)),""),"") | V76: =IF(ISNUMBER(S76),IF(ISNUMBER(S74),IF(S76>S74,1.0,IF(S76=S74,0.5,0.0)),""),"") | W76: =IF(ISNUMBER(S76),IF(ISNUMBER(S75),IF(S76>S75,1.0,IF(S76=S75,0.5,0.0)),""),"") | X76: =IF(ISNUMBER(S76),IF(ISNUMBER(S77),IF(S76>S77,1.0,IF(S76=S77,0.5,0.0)),""),"") | Y76: =IF(ISNUMBER(T76),IF(ISNUMBER(T73),IF(T76>T73,1.0,IF(T76=T73,0.5,0.0)),""),"") | Z76: =IF(ISNUMBER(T76),IF(ISNUMBER(T74),IF(T76>T74,1.0,IF(T76=T74,0.5,0.0)),""),"") | AA76: =IF(ISNUMBER(T76),IF(ISNUMBER(T75),IF(T76>T75,1.0,IF(T76=T75,0.5,0.0)),""),"") | AB76: =IF(ISNUMBER(T76),IF(ISNUMBER(T77),IF(T76>T77,1.0,IF(T76=T77,0.5,0.0)),""),"") | AC76: =IF(AND(ISNUMBER(S76),ISNUMBER(S73)),VLOOKUP(ABS(S76-S73),'IMP Table'!$A$2:$C$26,3)*SIGN(S76-S73),0) | AD76: =IF(AND(ISNUMBER(S76),ISNUMBER(S74)),VLOOKUP(ABS(S76-S74),'IMP Table'!$A$2:$C$26,3)*SIGN(S76-S74),0) | AE76: =IF(AND(ISNUMBER(S76),ISNUMBER(S75)),VLOOKUP(ABS(S76-S75),'IMP Table'!$A$2:$C$26,3)*SIGN(S76-S75),0) | AF76: =IF(AND(ISNUMBER(S76),ISNUMBER(S77)),VLOOKUP(ABS(S76-S77),'IMP Table'!$A$2:$C$26,3)*SIGN(S76-S77),0) | AG76: =IF(AND(ISNUMBER(T76),ISNUMBER(T73)),VLOOKUP(ABS(T76-T73),'IMP Table'!$A$2:$C$26,3)*SIGN(T76-T73),0) | AH76: =IF(AND(ISNUMBER(T76),ISNUMBER(T74)),VLOOKUP(ABS(T76-T74),'IMP Table'!$A$2:$C$26,3)*SIGN(T76-T74),0) | AI76: =IF(AND(ISNUMBER(T76),ISNUMBER(T75)),VLOOKUP(ABS(T76-T75),'IMP Table'!$A$2:$C$26,3)*SIGN(T76-T75),0) | AJ76: =IF(AND(ISNUMBER(T76),ISNUMBER(T77)),VLOOKUP(ABS(T76-T77),'IMP Table'!$A$2:$C$26,3)*SIGN(T76-T77),0)
B77: ='By Round'!A63 | C77: ='By Round'!B65 | D77: ='By Round'!C65 | E77: ='By Round'!D65 | F77: =IF(ISBLANK('By Round'!F65),"",'By Round'!F65) | G77: =IF(ISBLANK('By Round'!G65),"",'By Round'!G65) | H77: =IF(ISBLANK('By Round'!H65),"",'By Round'!H65) | I77: =IF(ISBLANK('By Round'!I65),"",'By Round'!I65) | J77: =IF(ISBLANK('By Round'!J65),"",'By Round'!J65) | K77: =IF(ISBLANK('By Round'!K65),"",'By Round'!K65) | L77: =IF(ISBLANK('By Round'!L65),"",'By Round'!L65) | M77: =AVERAGE(AC77:AF77) | N77: =AVERAGE(AG77:AJ77) | O77: =IF(COUNT(U77:X77)>0,Q77/COUNT(U77:X77),0.5) | P77: =IF(COUNT(Y77:AB77)>0,R77/COUNT(Y77:AB77),0.5) | Q77: =SUM(U77:X77) | R77: =SUM(Y77:AB77) | S77: =IF(ISNUMBER(K77),K77,IF(ISNUMBER(L77),-L77,"")) | T77: =IF(ISNUMBER(L77),L77,IF(ISNUMBER(K77),-K77,"")) | U77: =IF(ISNUMBER(S77),IF(ISNUMBER(S73),IF(S77>S73,1.0,IF(S77=S73,0.5,0.0)),""),"") | V77: =IF(ISNUMBER(S77),IF(ISNUMBER(S74),IF(S77>S74,1.0,IF(S77=S74,0.5,0.0)),""),"") | W77: =IF(ISNUMBER(S77),IF(ISNUMBER(S75),IF(S77>S75,1.0,IF(S77=S75,0.5,0.0)),""),"") | X77: =IF(ISNUMBER(S77),IF(ISNUMBER(S76),IF(S77>S76,1.0,IF(S77=S76,0.5,0.0)),""),"") | Y77: =IF(ISNUMBER(T77),IF(ISNUMBER(T73),IF(T77>T73,1.0,IF(T77=T73,0.5,0.0)),""),"") | Z77: =IF(ISNUMBER(T77),IF(ISNUMBER(T74),IF(T77>T74,1.0,IF(T77=T74,0.5,0.0)),""),"") | AA77: =IF(ISNUMBER(T77),IF(ISNUMBER(T75),IF(T77>T75,1.0,IF(T77=T75,0.5,0.0)),""),"") | AB77: =IF(ISNUMBER(T77),IF(ISNUMBER(T76),IF(T77>T76,1.0,IF(T77=T76,0.5,0.0)),""),"") | AC77: =IF(AND(ISNUMBER(S77),ISNUMBER(S73)),VLOOKUP(ABS(S77-S73),'IMP Table'!$A$2:$C$26,3)*SIGN(S77-S73),0) | AD77: =IF(AND(ISNUMBER(S77),ISNUMBER(S74)),VLOOKUP(ABS(S77-S74),'IMP Table'!$A$2:$C$26,3)*SIGN(S77-S74),0) | AE77: =IF(AND(ISNUMBER(S77),ISNUMBER(S75)),VLOOKUP(ABS(S77-S75),'IMP Table'!$A$2:$C$26,3)*SIGN(S77-S75),0) | AF77: =IF(AND(ISNUMBER(S77),ISNUMBER(S76)),VLOOKUP(ABS(S77-S76),'IMP Table'!$A$2:$C$26,3)*SIGN(S77-S76),0) | AG77: =IF(AND(ISNUMBER(T77),ISNUMBER(T73)),VLOOKUP(ABS(T77-T73),'IMP Table'!$A$2:$C$26,3)*SIGN(T77-T73),0) | AH77: =IF(AND(ISNUMBER(T77),ISNUMBER(T74)),VLOOKUP(ABS(T77-T74),'IMP Table'!$A$2:$C$26,3)*SIGN(T77-T74),0) | AI77: =IF(AND(ISNUMBER(T77),ISNUMBER(T75)),VLOOKUP(ABS(T77-T75),'IMP Table'!$A$2:$C$26,3)*SIGN(T77-T75),0) | AJ77: =IF(AND(ISNUMBER(T77),ISNUMBER(T76)),VLOOKUP(ABS(T77-T76),'IMP Table'!$A$2:$C$26,3)*SIGN(T77-T76),0)
A78: 16 | B78: ='By Round'!A73 | C78: ='By Round'!B73 | D78: ='By Round'!C73 | E78: ='By Round'!D73 | F78: =IF(ISBLANK('By Round'!F74),"",'By Round'!F74) | G78: =IF(ISBLANK('By Round'!G74),"",'By Round'!G74) | H78: =IF(ISBLANK('By Round'!H74),"",'By Round'!H74) | I78: =IF(ISBLANK('By Round'!I74),"",'By Round'!I74) | J78: =IF(ISBLANK('By Round'!J74),"",'By Round'!J74) | K78: =IF(ISBLANK('By Round'!K74),"",'By Round'!K74) | L78: =IF(ISBLANK('By Round'!L74),"",'By Round'!L74) | M78: =AVERAGE(AC78:AF78) | N78: =AVERAGE(AG78:AJ78) | O78: =IF(COUNT(U78:X78)>0,Q78/COUNT(U78:X78),0.5) | P78: =IF(COUNT(Y78:AB78)>0,R78/COUNT(Y78:AB78),0.5) | Q78: =SUM(U78:X78) | R78: =SUM(Y78:AB78) | S78: =IF(ISNUMBER(K78),K78,IF(ISNUMBER(L78),-L78,"")) | T78: =IF(ISNUMBER(L78),L78,IF(ISNUMBER(K78),-K78,"")) | U78: =IF(ISNUMBER(S78),IF(ISNUMBER(S79),IF(S78>S79,1.0,IF(S78=S79,0.5,0.0)),""),"") | V78: =IF(ISNUMBER(S78),IF(ISNUMBER(S80),IF(S78>S80,1.0,IF(S78=S80,0.5,0.0)),""),"") | W78: =IF(ISNUMBER(S78),IF(ISNUMBER(S81),IF(S78>S81,1.0,IF(S78=S81,0.5,0.0)),""),"") | X78: =IF(ISNUMBER(S78),IF(ISNUMBER(S82),IF(S78>S82,1.0,IF(S78=S82,0.5,0.0)),""),"") | Y78: =IF(ISNUMBER(T78),IF(ISNUMBER(T79),IF(T78>T79,1.0,IF(T78=T79,0.5,0.0)),""),"") | Z78: =IF(ISNUMBER(T78),IF(ISNUMBER(T80),IF(T78>T80,1.0,IF(T78=T80,0.5,0.0)),""),"") | AA78: =IF(ISNUMBER(T78),IF(ISNUMBER(T81),IF(T78>T81,1.0,IF(T78=T81,0.5,0.0)),""),"") | AB78: =IF(ISNUMBER(T78),IF(ISNUMBER(T82),IF(T78>T82,1.0,IF(T78=T82,0.5,0.0)),""),"") | AC78: =IF(AND(ISNUMBER(S78),ISNUMBER(S79)),VLOOKUP(ABS(S78-S79),'IMP Table'!$A$2:$C$26,3)*SIGN(S78-S79),0) | AD78: =IF(AND(ISNUMBER(S78),ISNUMBER(S80)),VLOOKUP(ABS(S78-S80),'IMP Table'!$A$2:$C$26,3)*SIGN(S78-S80),0) | AE78: =IF(AND(ISNUMBER(S78),ISNUMBER(S81)),VLOOKUP(ABS(S78-S81),'IMP Table'!$A$2:$C$26,3)*SIGN(S78-S81),0) | AF78: =IF(AND(ISNUMBER(S78),ISNUMBER(S82)),VLOOKUP(ABS(S78-S82),'IMP Table'!$A$2:$C$26,3)*SIGN(S78-S82),0) | AG78: =IF(AND(ISNUMBER(T78),ISNUMBER(T79)),VLOOKUP(ABS(T78-T79),'IMP Table'!$A$2:$C$26,3)*SIGN(T78-T79),0) | AH78: =IF(AND(ISNUMBER(T78),ISNUMBER(T80)),VLOOKUP(ABS(T78-T80),'IMP Table'!$A$2:$C$26,3)*SIGN(T78-T80),0) | AI78: =IF(AND(ISNUMBER(T78),ISNUMBER(T81)),VLOOKUP(ABS(T78-T81),'IMP Table'!$A$2:$C$26,3)*SIGN(T78-T81),0) | AJ78: =IF(AND(ISNUMBER(T78),ISNUMBER(T82)),VLOOKUP(ABS(T78-T82),'IMP Table'!$A$2:$C$26,3)*SIGN(T78-T82),0)
B79: ='By Round'!A53 | C79: ='By Round'!B57 | D79: ='By Round'!C57 | E79: ='By Round'!D57 | F79: =IF(ISBLANK('By Round'!F58),"",'By Round'!F58) | G79: =IF(ISBLANK('By Round'!G58),"",'By Round'!G58) | H79: =IF(ISBLANK('By Round'!H58),"",'By Round'!H58) | I79: =IF(ISBLANK('By Round'!I58),"",'By Round'!I58) | J79: =IF(ISBLANK('By Round'!J58),"",'By Round'!J58) | K79: =IF(ISBLANK('By Round'!K58),"",'By Round'!K58) | L79: =IF(ISBLANK('By Round'!L58),"",'By Round'!L58) | M79: =AVERAGE(AC79:AF79) | N79: =AVERAGE(AG79:AJ79) | O79: =IF(COUNT(U79:X79)>0,Q79/COUNT(U79:X79),0.5) | P79: =IF(COUNT(Y79:AB79)>0,R79/COUNT(Y79:AB79),0.5) | Q79: =SUM(U79:X79) | R79: =SUM(Y79:AB79) | S79: =IF(ISNUMBER(K79),K79,IF(ISNUMBER(L79),-L79,"")) | T79: =IF(ISNUMBER(L79),L79,IF(ISNUMBER(K79),-K79,"")) | U79: =IF(ISNUMBER(S79),IF(ISNUMBER(S78),IF(S79>S78,1.0,IF(S79=S78,0.5,0.0)),""),"") | V79: =IF(ISNUMBER(S79),IF(ISNUMBER(S80),IF(S79>S80,1.0,IF(S79=S80,0.5,0.0)),""),"") | W79: =IF(ISNUMBER(S79),IF(ISNUMBER(S81),IF(S79>S81,1.0,IF(S79=S81,0.5,0.0)),""),"") | X79: =IF(ISNUMBER(S79),IF(ISNUMBER(S82),IF(S79>S82,1.0,IF(S79=S82,0.5,0.0)),""),"") | Y79: =IF(ISNUMBER(T79),IF(ISNUMBER(T78),IF(T79>T78,1.0,IF(T79=T78,0.5,0.0)),""),"") | Z79: =IF(ISNUMBER(T79),IF(ISNUMBER(T80),IF(T79>T80,1.0,IF(T79=T80,0.5,0.0)),""),"") | AA79: =IF(ISNUMBER(T79),IF(ISNUMBER(T81),IF(T79>T81,1.0,IF(T79=T81,0.5,0.0)),""),"") | AB79: =IF(ISNUMBER(T79),IF(ISNUMBER(T82),IF(T79>T82,1.0,IF(T79=T82,0.5,0.0)),""),"") | AC79: =IF(AND(ISNUMBER(S79),ISNUMBER(S78)),VLOOKUP(ABS(S79-S78),'IMP Table'!$A$2:$C$26,3)*SIGN(S79-S78),0) | AD79: =IF(AND(ISNUMBER(S79),ISNUMBER(S80)),VLOOKUP(ABS(S79-S80),'IMP Table'!$A$2:$C$26,3)*SIGN(S79-S80),0) | AE79: =IF(AND(ISNUMBER(S79),ISNUMBER(S81)),VLOOKUP(ABS(S79-S81),'IMP Table'!$A$2:$C$26,3)*SIGN(S79-S81),0) | AF79: =IF(AND(ISNUMBER(S79),ISNUMBER(S82)),VLOOKUP(ABS(S79-S82),'IMP Table'!$A$2:$C$26,3)*SIGN(S79-S82),0) | AG79: =IF(AND(ISNUMBER(T79),ISNUMBER(T78)),VLOOKUP(ABS(T79-T78),'IMP Table'!$A$2:$C$26,3)*SIGN(T79-T78),0) | AH79: =IF(AND(ISNUMBER(T79),ISNUMBER(T80)),VLOOKUP(ABS(T79-T80),'IMP Table'!$A$2:$C$26,3)*SIGN(T79-T80),0) | AI79: =IF(AND(ISNUMBER(T79),ISNUMBER(T81)),VLOOKUP(ABS(T79-T81),'IMP Table'!$A$2:$C$26,3)*SIGN(T79-T81),0) | AJ79: =IF(AND(ISNUMBER(T79),ISNUMBER(T82)),VLOOKUP(ABS(T79-T82),'IMP Table'!$A$2:$C$26,3)*SIGN(T79-T82),0)
B80: ='By Round'!A3 | C80: ='By Round'!B9 | D80: ='By Round'!C9 | E80: ='By Round'!D9 | F80: =IF(ISBLANK('By Round'!F10),"",'By Round'!F10) | G80: =IF(ISBLANK('By Round'!G10),"",'By Round'!G10) | H80: =IF(ISBLANK('By Round'!H10),"",'By Round'!H10) | I80: =IF(ISBLANK('By Round'!I10),"",'By Round'!I10) | J80: =IF(ISBLANK('By Round'!J10),"",'By Round'!J10) | K80: =IF(ISBLANK('By Round'!K10),"",'By Round'!K10) | L80: =IF(ISBLANK('By Round'!L10),"",'By Round'!L10) | M80: =AVERAGE(AC80:AF80) | N80: =AVERAGE(AG80:AJ80) | O80: =IF(COUNT(U80:X80)>0,Q80/COUNT(U80:X80),0.5) | P80: =IF(COUNT(Y80:AB80)>0,R80/COUNT(Y80:AB80),0.5) | Q80: =SUM(U80:X80) | R80: =SUM(Y80:AB80) | S80: =IF(ISNUMBER(K80),K80,IF(ISNUMBER(L80),-L80,"")) | T80: =IF(ISNUMBER(L80),L80,IF(ISNUMBER(K80),-K80,"")) | U80: =IF(ISNUMBER(S80),IF(ISNUMBER(S78),IF(S80>S78,1.0,IF(S80=S78,0.5,0.0)),""),"") | V80: =IF(ISNUMBER(S80),IF(ISNUMBER(S79),IF(S80>S79,1.0,IF(S80=S79,0.5,0.0)),""),"") | W80: =IF(ISNUMBER(S80),IF(ISNUMBER(S81),IF(S80>S81,1.0,IF(S80=S81,0.5,0.0)),""),"") | X80: =IF(ISNUMBER(S80),IF(ISNUMBER(S82),IF(S80>S82,1.0,IF(S80=S82,0.5,0.0)),""),"") | Y80: =IF(ISNUMBER(T80),IF(ISNUMBER(T78),IF(T80>T78,1.0,IF(T80=T78,0.5,0.0)),""),"") | Z80: =IF(ISNUMBER(T80),IF(ISNUMBER(T79),IF(T80>T79,1.0,IF(T80=T79,0.5,0.0)),""),"") | AA80: =IF(ISNUMBER(T80),IF(ISNUMBER(T81),IF(T80>T81,1.0,IF(T80=T81,0.5,0.0)),""),"") | AB80: =IF(ISNUMBER(T80),IF(ISNUMBER(T82),IF(T80>T82,1.0,IF(T80=T82,0.5,0.0)),""),"") | AC80: =IF(AND(ISNUMBER(S80),ISNUMBER(S78)),VLOOKUP(ABS(S80-S78),'IMP Table'!$A$2:$C$26,3)*SIGN(S80-S78),0) | AD80: =IF(AND(ISNUMBER(S80),ISNUMBER(S79)),VLOOKUP(ABS(S80-S79),'IMP Table'!$A$2:$C$26,3)*SIGN(S80-S79),0) | AE80: =IF(AND(ISNUMBER(S80),ISNUMBER(S81)),VLOOKUP(ABS(S80-S81),'IMP Table'!$A$2:$C$26,3)*SIGN(S80-S81),0) | AF80: =IF(AND(ISNUMBER(S80),ISNUMBER(S82)),VLOOKUP(ABS(S80-S82),'IMP Table'!$A$2:$C$26,3)*SIGN(S80-S82),0) | AG80: =IF(AND(ISNUMBER(T80),ISNUMBER(T78)),VLOOKUP(ABS(T80-T78),'IMP Table'!$A$2:$C$26,3)*SIGN(T80-T78),0) | AH80: =IF(AND(ISNUMBER(T80),ISNUMBER(T79)),VLOOKUP(ABS(T80-T79),'IMP Table'!$A$2:$C$26,3)*SIGN(T80-T79),0) | AI80: =IF(AND(ISNUMBER(T80),ISNUMBER(T81)),VLOOKUP(ABS(T80-T81),'IMP Table'!$A$2:$C$26,3)*SIGN(T80-T81),0) | AJ80: =IF(AND(ISNUMBER(T80),ISNUMBER(T82)),VLOOKUP(ABS(T80-T82),'IMP Table'!$A$2:$C$26,3)*SIGN(T80-T82),0)
B81: ='By Round'!A83 | C81: ='By Round'!B91 | D81: ='By Round'!C91 | E81: ='By Round'!D91 | F81: =IF(ISBLANK('By Round'!F92),"",'By Round'!F92) | G81: =IF(ISBLANK('By Round'!G92),"",'By Round'!G92) | H81: =IF(ISBLANK('By Round'!H92),"",'By Round'!H92) | I81: =IF(ISBLANK('By Round'!I92),"",'By Round'!I92) | J81: =IF(ISBLANK('By Round'!J92),"",'By Round'!J92) | K81: =IF(ISBLANK('By Round'!K92),"",'By Round'!K92) | L81: =IF(ISBLANK('By Round'!L92),"",'By Round'!L92) | M81: =AVERAGE(AC81:AF81) | N81: =AVERAGE(AG81:AJ81) | O81: =IF(COUNT(U81:X81)>0,Q81/COUNT(U81:X81),0.5) | P81: =IF(COUNT(Y81:AB81)>0,R81/COUNT(Y81:AB81),0.5) | Q81: =SUM(U81:X81) | R81: =SUM(Y81:AB81) | S81: =IF(ISNUMBER(K81),K81,IF(ISNUMBER(L81),-L81,"")) | T81: =IF(ISNUMBER(L81),L81,IF(ISNUMBER(K81),-K81,"")) | U81: =IF(ISNUMBER(S81),IF(ISNUMBER(S78),IF(S81>S78,1.0,IF(S81=S78,0.5,0.0)),""),"") | V81: =IF(ISNUMBER(S81),IF(ISNUMBER(S79),IF(S81>S79,1.0,IF(S81=S79,0.5,0.0)),""),"") | W81: =IF(ISNUMBER(S81),IF(ISNUMBER(S80),IF(S81>S80,1.0,IF(S81=S80,0.5,0.0)),""),"") | X81: =IF(ISNUMBER(S81),IF(ISNUMBER(S82),IF(S81>S82,1.0,IF(S81=S82,0.5,0.0)),""),"") | Y81: =IF(ISNUMBER(T81),IF(ISNUMBER(T78),IF(T81>T78,1.0,IF(T81=T78,0.5,0.0)),""),"") | Z81: =IF(ISNUMBER(T81),IF(ISNUMBER(T79),IF(T81>T79,1.0,IF(T81=T79,0.5,0.0)),""),"") | AA81: =IF(ISNUMBER(T81),IF(ISNUMBER(T80),IF(T81>T80,1.0,IF(T81=T80,0.5,0.0)),""),"") | AB81: =IF(ISNUMBER(T81),IF(ISNUMBER(T82),IF(T81>T82,1.0,IF(T81=T82,0.5,0.0)),""),"") | AC81: =IF(AND(ISNUMBER(S81),ISNUMBER(S78)),VLOOKUP(ABS(S81-S78),'IMP Table'!$A$2:$C$26,3)*SIGN(S81-S78),0) | AD81: =IF(AND(ISNUMBER(S81),ISNUMBER(S79)),VLOOKUP(ABS(S81-S79),'IMP Table'!$A$2:$C$26,3)*SIGN(S81-S79),0) | AE81: =IF(AND(ISNUMBER(S81),ISNUMBER(S80)),VLOOKUP(ABS(S81-S80),'IMP Table'!$A$2:$C$26,3)*SIGN(S81-S80),0) | AF81: =IF(AND(ISNUMBER(S81),ISNUMBER(S82)),VLOOKUP(ABS(S81-S82),'IMP Table'!$A$2:$C$26,3)*SIGN(S81-S82),0) | AG81: =IF(AND(ISNUMBER(T81),ISNUMBER(T78)),VLOOKUP(ABS(T81-T78),'IMP Table'!$A$2:$C$26,3)*SIGN(T81-T78),0) | AH81: =IF(AND(ISNUMBER(T81),ISNUMBER(T79)),VLOOKUP(ABS(T81-T79),'IMP Table'!$A$2:$C$26,3)*SIGN(T81-T79),0) | AI81: =IF(AND(ISNUMBER(T81),ISNUMBER(T80)),VLOOKUP(ABS(T81-T80),'IMP Table'!$A$2:$C$26,3)*SIGN(T81-T80),0) | AJ81: =IF(AND(ISNUMBER(T81),ISNUMBER(T82)),VLOOKUP(ABS(T81-T82),'IMP Table'!$A$2:$C$26,3)*SIGN(T81-T82),0)
B82: ='By Round'!A63 | C82: ='By Round'!B65 | D82: ='By Round'!C65 | E82: ='By Round'!D65 | F82: =IF(ISBLANK('By Round'!F66),"",'By Round'!F66) | G82: =IF(ISBLANK('By Round'!G66),"",'By Round'!G66) | H82: =IF(ISBLANK('By Round'!H66),"",'By Round'!H66) | I82: =IF(ISBLANK('By Round'!I66),"",'By Round'!I66) | J82: =IF(ISBLANK('By Round'!J66),"",'By Round'!J66) | K82: =IF(ISBLANK('By Round'!K66),"",'By Round'!K66) | L82: =IF(ISBLANK('By Round'!L66),"",'By Round'!L66) | M82: =AVERAGE(AC82:AF82) | N82: =AVERAGE(AG82:AJ82) | O82: =IF(COUNT(U82:X82)>0,Q82/COUNT(U82:X82),0.5) | P82: =IF(COUNT(Y82:AB82)>0,R82/COUNT(Y82:AB82),0.5) | Q82: =SUM(U82:X82) | R82: =SUM(Y82:AB82) | S82: =IF(ISNUMBER(K82),K82,IF(ISNUMBER(L82),-L82,"")) | T82: =IF(ISNUMBER(L82),L82,IF(ISNUMBER(K82),-K82,"")) | U82: =IF(ISNUMBER(S82),IF(ISNUMBER(S78),IF(S82>S78,1.0,IF(S82=S78,0.5,0.0)),""),"") | V82: =IF(ISNUMBER(S82),IF(ISNUMBER(S79),IF(S82>S79,1.0,IF(S82=S79,0.5,0.0)),""),"") | W82: =IF(ISNUMBER(S82),IF(ISNUMBER(S80),IF(S82>S80,1.0,IF(S82=S80,0.5,0.0)),""),"") | X82: =IF(ISNUMBER(S82),IF(ISNUMBER(S81),IF(S82>S81,1.0,IF(S82=S81,0.5,0.0)),""),"") | Y82: =IF(ISNUMBER(T82),IF(ISNUMBER(T78),IF(T82>T78,1.0,IF(T82=T78,0.5,0.0)),""),"") | Z82: =IF(ISNUMBER(T82),IF(ISNUMBER(T79),IF(T82>T79,1.0,IF(T82=T79,0.5,0.0)),""),"") | AA82: =IF(ISNUMBER(T82),IF(ISNUMBER(T80),IF(T82>T80,1.0,IF(T82=T80,0.5,0.0)),""),"") | AB82: =IF(ISNUMBER(T82),IF(ISNUMBER(T81),IF(T82>T81,1.0,IF(T82=T81,0.5,0.0)),""),"") | AC82: =IF(AND(ISNUMBER(S82),ISNUMBER(S78)),VLOOKUP(ABS(S82-S78),'IMP Table'!$A$2:$C$26,3)*SIGN(S82-S78),0) | AD82: =IF(AND(ISNUMBER(S82),ISNUMBER(S79)),VLOOKUP(ABS(S82-S79),'IMP Table'!$A$2:$C$26,3)*SIGN(S82-S79),0) | AE82: =IF(AND(ISNUMBER(S82),ISNUMBER(S80)),VLOOKUP(ABS(S82-S80),'IMP Table'!$A$2:$C$26,3)*SIGN(S82-S80),0) | AF82: =IF(AND(ISNUMBER(S82),ISNUMBER(S81)),VLOOKUP(ABS(S82-S81),'IMP Table'!$A$2:$C$26,3)*SIGN(S82-S81),0) | AG82: =IF(AND(ISNUMBER(T82),ISNUMBER(T78)),VLOOKUP(ABS(T82-T78),'IMP Table'!$A$2:$C$26,3)*SIGN(T82-T78),0) | AH82: =IF(AND(ISNUMBER(T82),ISNUMBER(T79)),VLOOKUP(ABS(T82-T79),'IMP Table'!$A$2:$C$26,3)*SIGN(T82-T79),0) | AI82: =IF(AND(ISNUMBER(T82),ISNUMBER(T80)),VLOOKUP(ABS(T82-T80),'IMP Table'!$A$2:$C$26,3)*SIGN(T82-T80),0) | AJ82: =IF(AND(ISNUMBER(T82),ISNUMBER(T81)),VLOOKUP(ABS(T82-T81),'IMP Table'!$A$2:$C$26,3)*SIGN(T82-T81),0)
A83: 17 | B83: ='By Round'!A83 | C83: ='By Round'!B83 | D83: ='By Round'!C83 | E83: ='By Round'!D83 | F83: =IF(ISBLANK('By Round'!F83),"",'By Round'!F83) | G83: =IF(ISBLANK('By Round'!G83),"",'By Round'!G83) | H83: =IF(ISBLANK('By Round'!H83),"",'By Round'!H83) | I83: =IF(ISBLANK('By Round'!I83),"",'By Round'!I83) | J83: =IF(ISBLANK('By Round'!J83),"",'By Round'!J83) | K83: =IF(ISBLANK('By Round'!K83),"",'By Round'!K83) | L83: =IF(ISBLANK('By Round'!L83),"",'By Round'!L83) | M83: =AVERAGE(AC83:AF83) | N83: =AVERAGE(AG83:AJ83) | O83: =IF(COUNT(U83:X83)>0,Q83/COUNT(U83:X83),0.5) | P83: =IF(COUNT(Y83:AB83)>0,R83/COUNT(Y83:AB83),0.5) | Q83: =SUM(U83:X83) | R83: =SUM(Y83:AB83) | S83: =IF(ISNUMBER(K83),K83,IF(ISNUMBER(L83),-L83,"")) | T83: =IF(ISNUMBER(L83),L83,IF(ISNUMBER(K83),-K83,"")) | U83: =IF(ISNUMBER(S83),IF(ISNUMBER(S84),IF(S83>S84,1.0,IF(S83=S84,0.5,0.0)),""),"") | V83: =IF(ISNUMBER(S83),IF(ISNUMBER(S85),IF(S83>S85,1.0,IF(S83=S85,0.5,0.0)),""),"") | W83: =IF(ISNUMBER(S83),IF(ISNUMBER(S86),IF(S83>S86,1.0,IF(S83=S86,0.5,0.0)),""),"") | X83: =IF(ISNUMBER(S83),IF(ISNUMBER(S87),IF(S83>S87,1.0,IF(S83=S87,0.5,0.0)),""),"") | Y83: =IF(ISNUMBER(T83),IF(ISNUMBER(T84),IF(T83>T84,1.0,IF(T83=T84,0.5,0.0)),""),"") | Z83: =IF(ISNUMBER(T83),IF(ISNUMBER(T85),IF(T83>T85,1.0,IF(T83=T85,0.5,0.0)),""),"") | AA83: =IF(ISNUMBER(T83),IF(ISNUMBER(T86),IF(T83>T86,1.0,IF(T83=T86,0.5,0.0)),""),"") | AB83: =IF(ISNUMBER(T83),IF(ISNUMBER(T87),IF(T83>T87,1.0,IF(T83=T87,0.5,0.0)),""),"") | AC83: =IF(AND(ISNUMBER(S83),ISNUMBER(S84)),VLOOKUP(ABS(S83-S84),'IMP Table'!$A$2:$C$26,3)*SIGN(S83-S84),0) | AD83: =IF(AND(ISNUMBER(S83),ISNUMBER(S85)),VLOOKUP(ABS(S83-S85),'IMP Table'!$A$2:$C$26,3)*SIGN(S83-S85),0) | AE83: =IF(AND(ISNUMBER(S83),ISNUMBER(S86)),VLOOKUP(ABS(S83-S86),'IMP Table'!$A$2:$C$26,3)*SIGN(S83-S86),0) | AF83: =IF(AND(ISNUMBER(S83),ISNUMBER(S87)),VLOOKUP(ABS(S83-S87),'IMP Table'!$A$2:$C$26,3)*SIGN(S83-S87),0) | AG83: =IF(AND(ISNUMBER(T83),ISNUMBER(T84)),VLOOKUP(ABS(T83-T84),'IMP Table'!$A$2:$C$26,3)*SIGN(T83-T84),0) | AH83: =IF(AND(ISNUMBER(T83),ISNUMBER(T85)),VLOOKUP(ABS(T83-T85),'IMP Table'!$A$2:$C$26,3)*SIGN(T83-T85),0) | AI83: =IF(AND(ISNUMBER(T83),ISNUMBER(T86)),VLOOKUP(ABS(T83-T86),'IMP Table'!$A$2:$C$26,3)*SIGN(T83-T86),0) | AJ83: =IF(AND(ISNUMBER(T83),ISNUMBER(T87)),VLOOKUP(ABS(T83-T87),'IMP Table'!$A$2:$C$26,3)*SIGN(T83-T87),0)
B84: ='By Round'!A63 | C84: ='By Round'!B67 | D84: ='By Round'!C67 | E84: ='By Round'!D67 | F84: =IF(ISBLANK('By Round'!F67),"",'By Round'!F67) | G84: =IF(ISBLANK('By Round'!G67),"",'By Round'!G67) | H84: =IF(ISBLANK('By Round'!H67),"",'By Round'!H67) | I84: =IF(ISBLANK('By Round'!I67),"",'By Round'!I67) | J84: =IF(ISBLANK('By Round'!J67),"",'By Round'!J67) | K84: =IF(ISBLANK('By Round'!K67),"",'By Round'!K67) | L84: =IF(ISBLANK('By Round'!L67),"",'By Round'!L67) | M84: =AVERAGE(AC84:AF84) | N84: =AVERAGE(AG84:AJ84) | O84: =IF(COUNT(U84:X84)>0,Q84/COUNT(U84:X84),0.5) | P84: =IF(COUNT(Y84:AB84)>0,R84/COUNT(Y84:AB84),0.5) | Q84: =SUM(U84:X84) | R84: =SUM(Y84:AB84) | S84: =IF(ISNUMBER(K84),K84,IF(ISNUMBER(L84),-L84,"")) | T84: =IF(ISNUMBER(L84),L84,IF(ISNUMBER(K84),-K84,"")) | U84: =IF(ISNUMBER(S84),IF(ISNUMBER(S83),IF(S84>S83,1.0,IF(S84=S83,0.5,0.0)),""),"") | V84: =IF(ISNUMBER(S84),IF(ISNUMBER(S85),IF(S84>S85,1.0,IF(S84=S85,0.5,0.0)),""),"") | W84: =IF(ISNUMBER(S84),IF(ISNUMBER(S86),IF(S84>S86,1.0,IF(S84=S86,0.5,0.0)),""),"") | X84: =IF(ISNUMBER(S84),IF(ISNUMBER(S87),IF(S84>S87,1.0,IF(S84=S87,0.5,0.0)),""),"") | Y84: =IF(ISNUMBER(T84),IF(ISNUMBER(T83),IF(T84>T83,1.0,IF(T84=T83,0.5,0.0)),""),"") | Z84: =IF(ISNUMBER(T84),IF(ISNUMBER(T85),IF(T84>T85,1.0,IF(T84=T85,0.5,0.0)),""),"") | AA84: =IF(ISNUMBER(T84),IF(ISNUMBER(T86),IF(T84>T86,1.0,IF(T84=T86,0.5,0.0)),""),"") | AB84: =IF(ISNUMBER(T84),IF(ISNUMBER(T87),IF(T84>T87,1.0,IF(T84=T87,0.5,0.0)),""),"") | AC84: =IF(AND(ISNUMBER(S84),ISNUMBER(S83)),VLOOKUP(ABS(S84-S83),'IMP Table'!$A$2:$C$26,3)*SIGN(S84-S83),0) | AD84: =IF(AND(ISNUMBER(S84),ISNUMBER(S85)),VLOOKUP(ABS(S84-S85),'IMP Table'!$A$2:$C$26,3)*SIGN(S84-S85),0) | AE84: =IF(AND(ISNUMBER(S84),ISNUMBER(S86)),VLOOKUP(ABS(S84-S86),'IMP Table'!$A$2:$C$26,3)*SIGN(S84-S86),0) | AF84: =IF(AND(ISNUMBER(S84),ISNUMBER(S87)),VLOOKUP(ABS(S84-S87),'IMP Table'!$A$2:$C$26,3)*SIGN(S84-S87),0) | AG84: =IF(AND(ISNUMBER(T84),ISNUMBER(T83)),VLOOKUP(ABS(T84-T83),'IMP Table'!$A$2:$C$26,3)*SIGN(T84-T83),0) | AH84: =IF(AND(ISNUMBER(T84),ISNUMBER(T85)),VLOOKUP(ABS(T84-T85),'IMP Table'!$A$2:$C$26,3)*SIGN(T84-T85),0) | AI84: =IF(AND(ISNUMBER(T84),ISNUMBER(T86)),VLOOKUP(ABS(T84-T86),'IMP Table'!$A$2:$C$26,3)*SIGN(T84-T86),0) | AJ84: =IF(AND(ISNUMBER(T84),ISNUMBER(T87)),VLOOKUP(ABS(T84-T87),'IMP Table'!$A$2:$C$26,3)*SIGN(T84-T87),0)
B85: ='By Round'!A13 | C85: ='By Round'!B19 | D85: ='By Round'!C19 | E85: ='By Round'!D19 | F85: =IF(ISBLANK('By Round'!F19),"",'By Round'!F19) | G85: =IF(ISBLANK('By Round'!G19),"",'By Round'!G19) | H85: =IF(ISBLANK('By Round'!H19),"",'By Round'!H19) | I85: =IF(ISBLANK('By Round'!I19),"",'By Round'!I19) | J85: =IF(ISBLANK('By Round'!J19),"",'By Round'!J19) | K85: =IF(ISBLANK('By Round'!K19),"",'By Round'!K19) | L85: =IF(ISBLANK('By Round'!L19),"",'By Round'!L19) | M85: =AVERAGE(AC85:AF85) | N85: =AVERAGE(AG85:AJ85) | O85: =IF(COUNT(U85:X85)>0,Q85/COUNT(U85:X85),0.5) | P85: =IF(COUNT(Y85:AB85)>0,R85/COUNT(Y85:AB85),0.5) | Q85: =SUM(U85:X85) | R85: =SUM(Y85:AB85) | S85: =IF(ISNUMBER(K85),K85,IF(ISNUMBER(L85),-L85,"")) | T85: =IF(ISNUMBER(L85),L85,IF(ISNUMBER(K85),-K85,"")) | U85: =IF(ISNUMBER(S85),IF(ISNUMBER(S83),IF(S85>S83,1.0,IF(S85=S83,0.5,0.0)),""),"") | V85: =IF(ISNUMBER(S85),IF(ISNUMBER(S84),IF(S85>S84,1.0,IF(S85=S84,0.5,0.0)),""),"") | W85: =IF(ISNUMBER(S85),IF(ISNUMBER(S86),IF(S85>S86,1.0,IF(S85=S86,0.5,0.0)),""),"") | X85: =IF(ISNUMBER(S85),IF(ISNUMBER(S87),IF(S85>S87,1.0,IF(S85=S87,0.5,0.0)),""),"") | Y85: =IF(ISNUMBER(T85),IF(ISNUMBER(T83),IF(T85>T83,1.0,IF(T85=T83,0.5,0.0)),""),"") | Z85: =IF(ISNUMBER(T85),IF(ISNUMBER(T84),IF(T85>T84,1.0,IF(T85=T84,0.5,0.0)),""),"") | AA85: =IF(ISNUMBER(T85),IF(ISNUMBER(T86),IF(T85>T86,1.0,IF(T85=T86,0.5,0.0)),""),"") | AB85: =IF(ISNUMBER(T85),IF(ISNUMBER(T87),IF(T85>T87,1.0,IF(T85=T87,0.5,0.0)),""),"") | AC85: =IF(AND(ISNUMBER(S85),ISNUMBER(S83)),VLOOKUP(ABS(S85-S83),'IMP Table'!$A$2:$C$26,3)*SIGN(S85-S83),0) | AD85: =IF(AND(ISNUMBER(S85),ISNUMBER(S84)),VLOOKUP(ABS(S85-S84),'IMP Table'!$A$2:$C$26,3)*SIGN(S85-S84),0) | AE85: =IF(AND(ISNUMBER(S85),ISNUMBER(S86)),VLOOKUP(ABS(S85-S86),'IMP Table'!$A$2:$C$26,3)*SIGN(S85-S86),0) | AF85: =IF(AND(ISNUMBER(S85),ISNUMBER(S87)),VLOOKUP(ABS(S85-S87),'IMP Table'!$A$2:$C$26,3)*SIGN(S85-S87),0) | AG85: =IF(AND(ISNUMBER(T85),ISNUMBER(T83)),VLOOKUP(ABS(T85-T83),'IMP Table'!$A$2:$C$26,3)*SIGN(T85-T83),0) | AH85: =IF(AND(ISNUMBER(T85),ISNUMBER(T84)),VLOOKUP(ABS(T85-T84),'IMP Table'!$A$2:$C$26,3)*SIGN(T85-T84),0) | AI85: =IF(AND(ISNUMBER(T85),ISNUMBER(T86)),VLOOKUP(ABS(T85-T86),'IMP Table'!$A$2:$C$26,3)*SIGN(T85-T86),0) | AJ85: =IF(AND(ISNUMBER(T85),ISNUMBER(T87)),VLOOKUP(ABS(T85-T87),'IMP Table'!$A$2:$C$26,3)*SIGN(T85-T87),0)
B86: ='By Round'!A3 | C86: ='By Round'!B11 | D86: ='By Round'!C11 | E86: ='By Round'!D11 | F86: =IF(ISBLANK('By Round'!F11),"",'By Round'!F11) | G86: =IF(ISBLANK('By Round'!G11),"",'By Round'!G11) | H86: =IF(ISBLANK('By Round'!H11),"",'By Round'!H11) | I86: =IF(ISBLANK('By Round'!I11),"",'By Round'!I11) | J86: =IF(ISBLANK('By Round'!J11),"",'By Round'!J11) | K86: =IF(ISBLANK('By Round'!K11),"",'By Round'!K11) | L86: =IF(ISBLANK('By Round'!L11),"",'By Round'!L11) | M86: =AVERAGE(AC86:AF86) | N86: =AVERAGE(AG86:AJ86) | O86: =IF(COUNT(U86:X86)>0,Q86/COUNT(U86:X86),0.5) | P86: =IF(COUNT(Y86:AB86)>0,R86/COUNT(Y86:AB86),0.5) | Q86: =SUM(U86:X86) | R86: =SUM(Y86:AB86) | S86: =IF(ISNUMBER(K86),K86,IF(ISNUMBER(L86),-L86,"")) | T86: =IF(ISNUMBER(L86),L86,IF(ISNUMBER(K86),-K86,"")) | U86: =IF(ISNUMBER(S86),IF(ISNUMBER(S83),IF(S86>S83,1.0,IF(S86=S83,0.5,0.0)),""),"") | V86: =IF(ISNUMBER(S86),IF(ISNUMBER(S84),IF(S86>S84,1.0,IF(S86=S84,0.5,0.0)),""),"") | W86: =IF(ISNUMBER(S86),IF(ISNUMBER(S85),IF(S86>S85,1.0,IF(S86=S85,0.5,0.0)),""),"") | X86: =IF(ISNUMBER(S86),IF(ISNUMBER(S87),IF(S86>S87,1.0,IF(S86=S87,0.5,0.0)),""),"") | Y86: =IF(ISNUMBER(T86),IF(ISNUMBER(T83),IF(T86>T83,1.0,IF(T86=T83,0.5,0.0)),""),"") | Z86: =IF(ISNUMBER(T86),IF(ISNUMBER(T84),IF(T86>T84,1.0,IF(T86=T84,0.5,0.0)),""),"") | AA86: =IF(ISNUMBER(T86),IF(ISNUMBER(T85),IF(T86>T85,1.0,IF(T86=T85,0.5,0.0)),""),"") | AB86: =IF(ISNUMBER(T86),IF(ISNUMBER(T87),IF(T86>T87,1.0,IF(T86=T87,0.5,0.0)),""),"") | AC86: =IF(AND(ISNUMBER(S86),ISNUMBER(S83)),VLOOKUP(ABS(S86-S83),'IMP Table'!$A$2:$C$26,3)*SIGN(S86-S83),0) | AD86: =IF(AND(ISNUMBER(S86),ISNUMBER(S84)),VLOOKUP(ABS(S86-S84),'IMP Table'!$A$2:$C$26,3)*SIGN(S86-S84),0) | AE86: =IF(AND(ISNUMBER(S86),ISNUMBER(S85)),VLOOKUP(ABS(S86-S85),'IMP Table'!$A$2:$C$26,3)*SIGN(S86-S85),0) | AF86: =IF(AND(ISNUMBER(S86),ISNUMBER(S87)),VLOOKUP(ABS(S86-S87),'IMP Table'!$A$2:$C$26,3)*SIGN(S86-S87),0) | AG86: =IF(AND(ISNUMBER(T86),ISNUMBER(T83)),VLOOKUP(ABS(T86-T83),'IMP Table'!$A$2:$C$26,3)*SIGN(T86-T83),0) | AH86: =IF(AND(ISNUMBER(T86),ISNUMBER(T84)),VLOOKUP(ABS(T86-T84),'IMP Table'!$A$2:$C$26,3)*SIGN(T86-T84),0) | AI86: =IF(AND(ISNUMBER(T86),ISNUMBER(T85)),VLOOKUP(ABS(T86-T85),'IMP Table'!$A$2:$C$26,3)*SIGN(T86-T85),0) | AJ86: =IF(AND(ISNUMBER(T86),ISNUMBER(T87)),VLOOKUP(ABS(T86-T87),'IMP Table'!$A$2:$C$26,3)*SIGN(T86-T87),0)
