Workbook

Sheet Roster
A1: For public domain. No rights reserved. Generated on Sep 06, 2026.
A2: Howell Tournament
A3: Pairs | C3: 7
A4: Tables | C4: 4
A5: Rounds | C5: 7
A6: Boards per round | C6: 3
A7: Total Boards to play | C7: 21
A9: Pairs | D9: MP | E9: IMP
A10: 1 | B10: Name 30 | C10: Name 79 | D10: =SUMIF('By Board'!D3:D86,"="&A10,'By Board'!Q3:Q86)/36+SUMIF('By Board'!E3:E86,"="&A10,'By Board'!R3:R86)/36 | E10: =SUMIF('By Board'!D3:D86,"="&A10,'By Board'!M3:M86)+SUMIF('By Board'!E3:E86,"="&A10,'By Board'!N3:N86)
A11: 2 | B11: Name 63 | C11: Name 33 | D11: =SUMIF('By Board'!D3:D86,"="&A11,'By Board'!Q3:Q86)/36+SUMIF('By Board'!E3:E86,"="&A11,'By Board'!R3:R86)/36 | E11: =SUMIF('By Board'!D3:D86,"="&A11,'By Board'!M3:M86)+SUMIF('By Board'!E3:E86,"="&A11,'By Board'!N3:N86)
A12: 3 | B12: Name 25 | C12: Name 26 | D12: =SUMIF('By Board'!D3:D86,"="&A12,'By Board'!Q3:Q86)/36+SUMIF('By Board'!E3:E86,"="&A12,'By Board'!R3:R86)/36 | E12: =SUMIF('By Board'!D3:D86,"="&A12,'By Board'!M3:M86)+SUMIF('By Board'!E3:E86,"="&A12,'By Board'!N3:N86)
A13: 4 | B13: Name 17 | C13: Name 60 | D13: =SUMIF('By Board'!D3:D86,"="&A13,'By Board'!Q3:Q86)/36+SUMIF('By Board'!E3:E86,"="&A13,'By Board'!R3:R86)/36 | E13: =SUMIF('By Board'!D3:D86,"="&A13,'By Board'!M3:M86)+SUMIF('By Board'!E3:E86,"="&A13,'By Board'!N3:N86)
A14: 5 | B14: Name 77 | C14: Name 15 | D14: =SUMIF('By Board'!D3:D86,"="&A14,'By Board'!Q3:Q86)/36+SUMIF('By Board'!E3:E86,"="&A14,'By Board'!R3:R86)/36 | E14: =SUMIF('By Board'!D3:D86,"="&A14,'By Board'!M3:M86)+SUMIF('By Board'!E3:E86,"="&A14,'By Board'!N3:N86)
A15: 6 | B15: Name 64 | C15: Name 80 | D15: =SUMIF('By Board'!D3:D86,"="&A15,'By Board'!Q3:Q86)/36+SUMIF('By Board'!E3:E86,"="&A15,'By Board'!R3:R86)/36 | E15: =SUMIF('By Board'!D3:D86,"="&A15,'By Board'!M3:M86)+SUMIF('By Board'!E3:E86,"="&A15,'By Board'!N3:N86)
A16: 7 | B16: Name 77 | C16: Name 14 | D16: =SUMIF('By Board'!D3:D86,"="&A16,'By Board'!Q3:Q86)/36+SUMIF('By Board'!E3:E86,"="&A16,'By Board'!R3:R86)/36 | E16: =SUMIF('By Board'!D3:D86,"="&A16,'By Board'!M3:M86)+SUMIF('By Board'!E3:E86,"="&A16,'By Board'!N3:N86)
D17: =AVERAGE(D10:D16) | E17: =SUM(E10:E16)

Sheet By Board
I1: Result | K1: Score | M1: IMP | O1: MP % | Q1: MP Pts | S1: Net | U1: MP Calculation | Y1: IMP Calculation
A2: Board | B2: Round | C2: Table | D2: NS | E2: EW | F2: Vul | G2: Contract | H2: By | I2: Made | J2: Down | K2: NS | L2: EW | M2: NS | N2: EW | O2: NS | P2: EW | Q2: NS | R2: EW | S2: NS | T2: EW | U2: NS MP Scores | W2: EW MP Scores | Y2: NS IMP Pair-wise | AA2: EW IMP Pair-wise
A3: 1 | B3: ='By Round'!A3 | C3: ='By Round'!B3 | D3: ='By Round'!C3 | E3: ='By Round'!D3 | F3: =IF(ISBLANK('By Round'!F3),"",'By Round'!F3) | G3: =IF(ISBLANK('By Round'!G3),"",'By Round'!G3) | H3: =IF(ISBLANK('By Round'!H3),"",'By Round'!H3) | I3: =IF(ISBLANK('By Round'!I3),"",'By Round'!I3) | J3: =IF(ISBLANK('By Round'!J3),"",'By Round'!J3) | K3: =IF(ISBLANK('By Round'!K3),"",'By Round'!K3) | L3: =IF(ISBLANK('By Round'!L3),"",'By Round'!L3) | M3: =IF(ISBLANK('By Round'!M3),"",'By Round'!M3) | ... X3: =IF(ISBLANK('By Round'!X3),"",'By Round'!X3)
B4: ='By Round'!A63 | C4: ='By Round'!B69 | D4: ='By Round'!C69 | E4: ='By Round'!D69 | F4: =IF(ISBLANK('By Round'!F69),"",'By Round'!F69) | G4: =IF(ISBLANK('By Round'!G69),"",'By Round'!G69) | H4: =IF(ISBLANK('By Round'!H69),"",'By Round'!H69) | I4: =IF(ISBLANK('By Round'!I69),"",'By Round'!I69) | J4: =IF(ISBLANK('By Round'!J69),"",'By Round'!J69) | K4: =IF(ISBLANK('By Round'!K69),"",'By Round'!K69) | L4: =IF(ISBLANK('By Round'!L69),"",'By Round'!L69) | M4: =AVERAGE(Y4:Z4) | N4: =AVERAGE(AA4:AB4) | O4: =IF(COUNT(U4:V4)>0,Q4/COUNT(U4:V4),0.5) | P4: =IF(COUNT(W4:X4)>0,R4/COUNT(W4:X4),0.5) | Q4: =SUM(U4:V4) | R4: =SUM(W4:X4) | S4: =IF(ISNUMBER(K4),K4,IF(ISNUMBER(L4),-L4,"")) | T4: =IF(ISNUMBER(L4),L4,IF(ISNUMBER(K4),-K4,"")) | U4: =IF(ISNUMBER(S4),IF(ISNUMBER(S5),IF(S4>S5,1.0,IF(S4=S5,0.5,0.0)),0.5),0.5) | V4: =IF(ISNUMBER(S4),IF(ISNUMBER(S6),IF(S4>S6,1.0,IF(S4=S6,0.5,0.0)),0.5),0.5) | W4: =IF(ISNUMBER(T4),IF(ISNUMBER(T5),IF(T4>T5,1.0,IF(T4=T5,0.5,0.0)),0.5),0.5) | X4: =IF(ISNUMBER(T4),IF(ISNUMBER(T6),IF(T4>T6,1.0,IF(T4=T6,0.5,0.0)),0.5),0.5) | Y4: =IF(AND(ISNUMBER(S4),ISNUMBER(S5)),VLOOKUP(ABS(S4-S5),'IMP Table'!$A$2:$C$26,3)*SIGN(S4-S5),0) | Z4: =IF(AND(ISNUMBER(S4),ISNUMBER(S6)),VLOOKUP(ABS(S4-S6),'IMP Table'!$A$2:$C$26,3)*SIGN(S4-S6),0) | AA4: =IF(AND(ISNUMBER(T4),ISNUMBER(T5)),VLOOKUP(ABS(T4-T5),'IMP Table'!$A$2:$C$26,3)*SIGN(T4-T5),0) | AB4: =IF(AND(ISNUMBER(T4),ISNUMBER(T6)),VLOOKUP(ABS(T4-T6),'IMP Table'!$A$2:$C$26,3)*SIGN(T4-T6),0)
B5: ='By Round'!A39 | C5: ='By Round'!B48 | D5: ='By Round'!C48 | E5: ='By Round'!D48 | F5: =IF(ISBLANK('By Round'!F48),"",'By Round'!F48) | G5: =IF(ISBLANK('By Round'!G48),"",'By Round'!G48) | H5: =IF(ISBLANK('By Round'!H48),"",'By Round'!H48) | I5: =IF(ISBLANK('By Round'!I48),"",'By Round'!I48) | J5: =IF(ISBLANK('By Round'!J48),"",'By Round'!J48) | K5: =IF(ISBLANK('By Round'!K48),"",'By Round'!K48) | L5: =IF(ISBLANK('By Round'!L48),"",'By Round'!L48) | M5: =AVERAGE(Y5:Z5) | N5: =AVERAGE(AA5:AB5) | O5: =IF(COUNT(U5:V5)>0,Q5/COUNT(U5:V5),0.5) | P5: =IF(COUNT(W5:X5)>0,R5/COUNT(W5:X5),0.5) | Q5: =SUM(U5:V5) | R5: =SUM(W5:X5) | S5: =IF(ISNUMBER(K5),K5,IF(ISNUMBER(L5),-L5,"")) | T5: =IF(ISNUMBER(L5),L5,IF(ISNUMBER(K5),-K5,"")) | U5: =IF(ISNUMBER(S5),IF(ISNUMBER(S4),IF(S5>S4,1.0,IF(S5=S4,0.5,0.0)),0.5),0.5) | V5: =IF(ISNUMBER(S5),IF(ISNUMBER(S6),IF(S5>S6,1.0,IF(S5=S6,0.5,0.0)),0.5),0.5) | W5: =IF(ISNUMBER(T5),IF(ISNUMBER(T4),IF(T5>T4,1.0,IF(T5=T4,0.5,0.0)),0.5),0.5) | X5: =IF(ISNUMBER(T5),IF(ISNUMBER(T6),IF(T5>T6,1.0,IF(T5=T6,0.5,0.0)),0.5),0.5) | Y5: =IF(AND(ISNUMBER(S5),ISNUMBER(S4)),VLOOKUP(ABS(S5-S4),'IMP Table'!$A$2:$C$26,3)*SIGN(S5-S4),0) | Z5: =IF(AND(ISNUMBER(S5),ISNUMBER(S6)),VLOOKUP(ABS(S5-S6),'IMP Table'!$A$2:$C$26,3)*SIGN(S5-S6),0) | AA5: =IF(AND(ISNUMBER(T5),ISNUMBER(T4)),VLOOKUP(ABS(T5-T4),'IMP Table'!$A$2:$C$26,3)*SIGN(T5-T4),0) | AB5: =IF(AND(ISNUMBER(T5),ISNUMBER(T6)),VLOOKUP(ABS(T5-T6),'IMP Table'!$A$2:$C$26,3)*SIGN(T5-T6),0)
B6: ='By Round'!A75 | C6: ='By Round'!B78 | D6: ='By Round'!C78 | E6: ='By Round'!D78 | F6: =IF(ISBLANK('By Round'!F78),"",'By Round'!F78) | G6: =IF(ISBLANK('By Round'!G78),"",'By Round'!G78) | H6: =IF(ISBLANK('By Round'!H78),"",'By Round'!H78) | I6: =IF(ISBLANK('By Round'!I78),"",'By Round'!I78) | J6: =IF(ISBLANK('By Round'!J78),"",'By Round'!J78) | K6: =IF(ISBLANK('By Round'!K78),"",'By Round'!K78) | L6: =IF(ISBLANK('By Round'!L78),"",'By Round'!L78) | M6: =AVERAGE(Y6:Z6) | N6: =AVERAGE(AA6:AB6) | O6: =IF(COUNT(U6:V6)>0,Q6/COUNT(U6:V6),0.5) | P6: =IF(COUNT(W6:X6)>0,R6/COUNT(W6:X6),0.5) | Q6: =SUM(U6:V6) | R6: =SUM(W6:X6) | S6: =IF(ISNUMBER(K6),K6,IF(ISNUMBER(L6),-L6,"")) | T6: =IF(ISNUMBER(L6),L6,IF(ISNUMBER(K6),-K6,"")) | U6: =IF(ISNUMBER(S6),IF(ISNUMBER(S4),IF(S6>S4,1.0,IF(S6=S4,0.5,0.0)),0.5),0.5) | V6: =IF(ISNUMBER(S6),IF(ISNUMBER(S5),IF(S6>S5,1.0,IF(S6=S5,0.5,0.0)),0.5),0.5) | W6: =IF(ISNUMBER(T6),IF(ISNUMBER(T4),IF(T6>T4,1.0,IF(T6=T4,0.5,0.0)),0.5),0.5) | X6: =IF(ISNUMBER(T6),IF(ISNUMBER(T5),IF(T6>T5,1.0,IF(T6=T5,0.5,0.0)),0.5),0.5) | Y6: =IF(AND(ISNUMBER(S6),ISNUMBER(S4)),VLOOKUP(ABS(S6-S4),'IMP Table'!$A$2:$C$26,3)*SIGN(S6-S4),0) | Z6: =IF(AND(ISNUMBER(S6),ISNUMBER(S5)),VLOOKUP(ABS(S6-S5),'IMP Table'!$A$2:$C$26,3)*SIGN(S6-S5),0) | AA6: =IF(AND(ISNUMBER(T6),ISNUMBER(T4)),VLOOKUP(ABS(T6-T4),'IMP Table'!$A$2:$C$26,3)*SIGN(T6-T4),0) | AB6: =IF(AND(ISNUMBER(T6),ISNUMBER(T5)),VLOOKUP(ABS(T6-T5),'IMP Table'!$A$2:$C$26,3)*SIGN(T6-T5),0)
A7: 2 | B7: ='By Round'!A3 | C7: ='By Round'!B3 | D7: ='By Round'!C3 | E7: ='By Round'!D3 | F7: =IF(ISBLANK('By Round'!F4),"",'By Round'!F4) | G7: =IF(ISBLANK('By Round'!G4),"",'By Round'!G4) | H7: =IF(ISBLANK('By Round'!H4),"",'By Round'!H4) | I7: =IF(ISBLANK('By Round'!I4),"",'By Round'!I4) | J7: =IF(ISBLANK('By Round'!J4),"",'By Round'!J4) | K7: =IF(ISBLANK('By Round'!K4),"",'By Round'!K4) | L7: =IF(ISBLANK('By Round'!L4),"",'By Round'!L4) | M7: =IF(ISBLANK('By Round'!M4),"",'By Round'!M4) | ... X7: =IF(ISBLANK('By Round'!X4),"",'By Round'!X4)
B8: ='By Round'!A63 | C8: ='By Round'!B69 | D8: ='By Round'!C69 | E8: ='By Round'!D69 | F8: =IF(ISBLANK('By Round'!F70),"",'By Round'!F70) | G8: =IF(ISBLANK('By Round'!G70),"",'By Round'!G70) | H8: =IF(ISBLANK('By Round'!H70),"",'By Round'!H70) | I8: =IF(ISBLANK('By Round'!I70),"",'By Round'!I70) | J8: =IF(ISBLANK('By Round'!J70),"",'By Round'!J70) | K8: =IF(ISBLANK('By Round'!K70),"",'By Round'!K70) | L8: =IF(ISBLANK('By Round'!L70),"",'By Round'!L70) | M8: =AVERAGE(Y8:Z8) | N8: =AVERAGE(AA8:AB8) | O8: =IF(COUNT(U8:V8)>0,Q8/COUNT(U8:V8),0.5) | P8: =IF(COUNT(W8:X8)>0,R8/COUNT(W8:X8),0.5) | Q8: =SUM(U8:V8) | R8: =SUM(W8:X8) | S8: =IF(ISNUMBER(K8),K8,IF(ISNUMBER(L8),-L8,"")) | T8: =IF(ISNUMBER(L8),L8,IF(ISNUMBER(K8),-K8,"")) | U8: =IF(ISNUMBER(S8),IF(ISNUMBER(S9),IF(S8>S9,1.0,IF(S8=S9,0.5,0.0)),0.5),0.5) | V8: =IF(ISNUMBER(S8),IF(ISNUMBER(S10),IF(S8>S10,1.0,IF(S8=S10,0.5,0.0)),0.5),0.5) | W8: =IF(ISNUMBER(T8),IF(ISNUMBER(T9),IF(T8>T9,1.0,IF(T8=T9,0.5,0.0)),0.5),0.5) | X8: =IF(ISNUMBER(T8),IF(ISNUMBER(T10),IF(T8>T10,1.0,IF(T8=T10,0.5,0.0)),0.5),0.5) | Y8: =IF(AND(ISNUMBER(S8),ISNUMBER(S9)),VLOOKUP(ABS(S8-S9),'IMP Table'!$A$2:$C$26,3)*SIGN(S8-S9),0) | Z8: =IF(AND(ISNUMBER(S8),ISNUMBER(S10)),VLOOKUP(ABS(S8-S10),'IMP Table'!$A$2:$C$26,3)*SIGN(S8-S10),0) | AA8: =IF(AND(ISNUMBER(T8),ISNUMBER(T9)),VLOOKUP(ABS(T8-T9),'IMP Table'!$A$2:$C$26,3)*SIGN(T8-T9),0) | AB8: =IF(AND(ISNUMBER(T8),ISNUMBER(T10)),VLOOKUP(ABS(T8-T10),'IMP Table'!$A$2:$C$26,3)*SIGN(T8-T10),0)
B9: ='By Round'!A39 | C9: ='By Round'!B48 | D9: ='By Round'!C48 | E9: ='By Round'!D48 | F9: =IF(ISBLANK('By Round'!F49),"",'By Round'!F49) | G9: =IF(ISBLANK('By Round'!G49),"",'By Round'!G49) | H9: =IF(ISBLANK('By Round'!H49),"",'By Round'!H49) | I9: =IF(ISBLANK('By Round'!I49),"",'By Round'!I49) | J9: =IF(ISBLANK('By Round'!J49),"",'By Round'!J49) | K9: =IF(ISBLANK('By Round'!K49),"",'By Round'!K49) | L9: =IF(ISBLANK('By Round'!L49),"",'By Round'!L49) | M9: =AVERAGE(Y9:Z9) | N9: =AVERAGE(AA9:AB9) | O9: =IF(COUNT(U9:V9)>0,Q9/COUNT(U9:V9),0.5) | P9: =IF(COUNT(W9:X9)>0,R9/COUNT(W9:X9),0.5) | Q9: =SUM(U9:V9) | R9: =SUM(W9:X9) | S9: =IF(ISNUMBER(K9),K9,IF(ISNUMBER(L9),-L9,"")) | T9: =IF(ISNUMBER(L9),L9,IF(ISNUMBER(K9),-K9,"")) | U9: =IF(ISNUMBER(S9),IF(ISNUMBER(S8),IF(S9>S8,1.0,IF(S9=S8,0.5,0.0)),0.5),0.5) | V9: =IF(ISNUMBER(S9),IF(ISNUMBER(S10),IF(S9>S10,1.0,IF(S9=S10,0.5,0.0)),0.5),0.5) | W9: =IF(ISNUMBER(T9),IF(ISNUMBER(T8),IF(T9>T8,1.0,IF(T9=T8,0.5,0.0)),0.5),0.5) | X9: =IF(ISNUMBER(T9),IF(ISNUMBER(T10),IF(T9>T10,1.0,IF(T9=T10,0.5,0.0)),0.5),0.5) | Y9: =IF(AND(ISNUMBER(S9),ISNUMBER(S8)),VLOOKUP(ABS(S9-S8),'IMP Table'!$A$2:$C$26,3)*SIGN(S9-S8),0) | Z9: =IF(AND(ISNUMBER(S9),ISNUMBER(S10)),VLOOKUP(ABS(S9-S10),'IMP Table'!$A$2:$C$26,3)*SIGN(S9-S10),0) | AA9: =IF(AND(ISNUMBER(T9),ISNUMBER(T8)),VLOOKUP(ABS(T9-T8),'IMP Table'!$A$2:$C$26,3)*SIGN(T9-T8),0) | AB9: =IF(AND(ISNUMBER(T9),ISNUMBER(T10)),VLOOKUP(ABS(T9-T10),'IMP Table'!$A$2:$C$26,3)*SIGN(T9-T10),0)
B10: ='By Round'!A75 | C10: ='By Round'!B78 | D10: ='By Round'!C78 | E10: ='By Round'!D78 | F10: =IF(ISBLANK('By Round'!F79),"",'By Round'!F79) | G10: =IF(ISBLANK('By Round'!G79),"",'By Round'!G79) | H10: =IF(ISBLANK('By Round'!H79),"",'By Round'!H79) | I10: =IF(ISBLANK('By Round'!I79),"",'By Round'!I79) | J10: =IF(ISBLANK('By Round'!J79),"",'By Round'!J79) | K10: =IF(ISBLANK('By Round'!K79),"",'By Round'!K79) | L10: =IF(ISBLANK('By Round'!L79),"",'By Round'!L79) | M10: =AVERAGE(Y10:Z10) | N10: =AVERAGE(AA10:AB10) | O10: =IF(COUNT(U10:V10)>0,Q10/COUNT(U10:V10),0.5) | P10: =IF(COUNT(W10:X10)>0,R10/COUNT(W10:X10),0.5) | Q10: =SUM(U10:V10) | R10: =SUM(W10:X10) | S10: =IF(ISNUMBER(K10),K10,IF(ISNUMBER(L10),-L10,"")) | T10: =IF(ISNUMBER(L10),L10,IF(ISNUMBER(K10),-K10,"")) | U10: =IF(ISNUMBER(S10),IF(ISNUMBER(S8),IF(S10>S8,1.0,IF(S10=S8,0.5,0.0)),0.5),0.5) | V10: =IF(ISNUMBER(S10),IF(ISNUMBER(S9),IF(S10>S9,1.0,IF(S10=S9,0.5,0.0)),0.5),0.5) | W10: =IF(ISNUMBER(T10),IF(ISNUMBER(T8),IF(T10>T8,1.0,IF(T10=T8,0.5,0.0)),0.5),0.5) | X10: =IF(ISNUMBER(T10),IF(ISNUMBER(T9),IF(T10>T9,1.0,IF(T10=T9,0.5,0.0)),0.5),0.5) | Y10: =IF(AND(ISNUMBER(S10),ISNUMBER(S8)),VLOOKUP(ABS(S10-S8),'IMP Table'!$A$2:$C$26,3)*SIGN(S10-S8),0) | Z10: =IF(AND(ISNUMBER(S10),ISNUMBER(S9)),VLOOKUP(ABS(S10-S9),'IMP Table'!$A$2:$C$26,3)*SIGN(S10-S9),0) | AA10: =IF(AND(ISNUMBER(T10),ISNUMBER(T8)),VLOOKUP(ABS(T10-T8),'IMP Table'!$A$2:$C$26,3)*SIGN(T10-T8),0) | AB10: =IF(AND(ISNUMBER(T10),ISNUMBER(T9)),VLOOKUP(ABS(T10-T9),'IMP Table'!$A$2:$C$26,3)*SIGN(T10-T9),0)
A11: 3 | B11: ='By Round'!A3 | C11: ='By Round'!B3 | D11: ='By Round'!C3 | E11: ='By Round'!D3 | F11: =IF(ISBLANK('By Round'!F5),"",'By Round'!F5) | G11: =IF(ISBLANK('By Round'!G5),"",'By Round'!G5) | H11: =IF(ISBLANK('By Round'!H5),"",'By Round'!H5) | I11: =IF(ISBLANK('By Round'!I5),"",'By Round'!I5) | J11: =IF(ISBLANK('By Round'!J5),"",'By Round'!J5) | K11: =IF(ISBLANK('By Round'!K5),"",'By Round'!K5) | L11: =IF(ISBLANK('By Round'!L5),"",'By Round'!L5) | M11: =IF(ISBLANK('By Round'!M5),"",'By Round'!M5) | ... X11: =IF(ISBLANK('By Round'!X5),"",'By Round'!X5)
B12: ='By Round'!A63 | C12: ='By Round'!B69 | D12: ='By Round'!C69 | E12: ='By Round'!D69 | F12: =IF(ISBLANK('By Round'!F71),"",'By Round'!F71) | G12: =IF(ISBLANK('By Round'!G71),"",'By Round'!G71) | H12: =IF(ISBLANK('By Round'!H71),"",'By Round'!H71) | I12: =IF(ISBLANK('By Round'!I71),"",'By Round'!I71) | J12: =IF(ISBLANK('By Round'!J71),"",'By Round'!J71) | K12: =IF(ISBLANK('By Round'!K71),"",'By Round'!K71) | L12: =IF(ISBLANK('By Round'!L71),"",'By Round'!L71) | M12: =AVERAGE(Y12:Z12) | N12: =AVERAGE(AA12:AB12) | O12: =IF(COUNT(U12:V12)>0,Q12/COUNT(U12:V12),0.5) | P12: =IF(COUNT(W12:X12)>0,R12/COUNT(W12:X12),0.5) | Q12: =SUM(U12:V12) | R12: =SUM(W12:X12) | S12: =IF(ISNUMBER(K12),K12,IF(ISNUMBER(L12),-L12,"")) | T12: =IF(ISNUMBER(L12),L12,IF(ISNUMBER(K12),-K12,"")) | U12: =IF(ISNUMBER(S12),IF(ISNUMBER(S13),IF(S12>S13,1.0,IF(S12=S13,0.5,0.0)),0.5),0.5) | V12: =IF(ISNUMBER(S12),IF(ISNUMBER(S14),IF(S12>S14,1.0,IF(S12=S14,0.5,0.0)),0.5),0.5) | W12: =IF(ISNUMBER(T12),IF(ISNUMBER(T13),IF(T12>T13,1.0,IF(T12=T13,0.5,0.0)),0.5),0.5) | X12: =IF(ISNUMBER(T12),IF(ISNUMBER(T14),IF(T12>T14,1.0,IF(T12=T14,0.5,0.0)),0.5),0.5) | Y12: =IF(AND(ISNUMBER(S12),ISNUMBER(S13)),VLOOKUP(ABS(S12-S13),'IMP Table'!$A$2:$C$26,3)*SIGN(S12-S13),0) | Z12: =IF(AND(ISNUMBER(S12),ISNUMBER(S14)),VLOOKUP(ABS(S12-S14),'IMP Table'!$A$2:$C$26,3)*SIGN(S12-S14),0) | AA12: =IF(AND(ISNUMBER(T12),ISNUMBER(T13)),VLOOKUP(ABS(T12-T13),'IMP Table'!$A$2:$C$26,3)*SIGN(T12-T13),0) | AB12: =IF(AND(ISNUMBER(T12),ISNUMBER(T14)),VLOOKUP(ABS(T12-T14),'IMP Table'!$A$2:$C$26,3)*SIGN(T12-T14),0)
B13: ='By Round'!A39 | C13: ='By Round'!B48 | D13: ='By Round'!C48 | E13: ='By Round'!D48 | F13: =IF(ISBLANK('By Round'!F50),"",'By Round'!F50) | G13: =IF(ISBLANK('By Round'!G50),"",'By Round'!G50) | H13: =IF(ISBLANK('By Round'!H50),"",'By Round'!H50) | I13: =IF(ISBLANK('By Round'!I50),"",'By Round'!I50) | J13: =IF(ISBLANK('By Round'!J50),"",'By Round'!J50) | K13: =IF(ISBLANK('By Round'!K50),"",'By Round'!K50) | L13: =IF(ISBLANK('By Round'!L50),"",'By Round'!L50) | M13: =AVERAGE(Y13:Z13) | N13: =AVERAGE(AA13:AB13) | O13: =IF(COUNT(U13:V13)>0,Q13/COUNT(U13:V13),0.5) | P13: =IF(COUNT(W13:X13)>0,R13/COUNT(W13:X13),0.5) | Q13: =SUM(U13:V13) | R13: =SUM(W13:X13) | S13: =IF(ISNUMBER(K13),K13,IF(ISNUMBER(L13),-L13,"")) | T13: =IF(ISNUMBER(L13),L13,IF(ISNUMBER(K13),-K13,"")) | U13: =IF(ISNUMBER(S13),IF(ISNUMBER(S12),IF(S13>S12,1.0,IF(S13=S12,0.5,0.0)),0.5),0.5) | V13: =IF(ISNUMBER(S13),IF(ISNUMBER(S14),IF(S13>S14,1.0,IF(S13=S14,0.5,0.0)),0.5),0.5) | W13: =IF(ISNUMBER(T13),IF(ISNUMBER(T12),IF(T13>T12,1.0,IF(T13=T12,0.5,0.0)),0.5),0.5) | X13: =IF(ISNUMBER(T13),IF(ISNUMBER(T14),IF(T13>T14,1.0,IF(T13=T14,0.5,0.0)),0.5),0.5) | Y13: =IF(AND(ISNUMBER(S13),ISNUMBER(S12)),VLOOKUP(ABS(S13-S12),'IMP Table'!$A$2:$C$26,3)*SIGN(S13-S12),0) | Z13: =IF(AND(ISNUMBER(S13),ISNUMBER(S14)),VLOOKUP(ABS(S13-S14),'IMP Table'!$A$2:$C$26,3)*SIGN(S13-S14),0) | AA13: =IF(AND(ISNUMBER(T13),ISNUMBER(T12)),VLOOKUP(ABS(T13-T12),'IMP Table'!$A$2:$C$26,3)*SIGN(T13-T12),0) | AB13: =IF(AND(ISNUMBER(T13),ISNUMBER(T14)),VLOOKUP(ABS(T13-T14),'IMP Table'!$A$2:$C$26,3)*SIGN(T13-T14),0)
B14: ='By Round'!A75 | C14: ='By Round'!B78 | D14: ='By Round'!C78 | E14: ='By Round'!D78 | F14: =IF(ISBLANK('By Round'!F80),"",'By Round'!F80) | G14: =IF(ISBLANK('By Round'!G80),"",'By Round'!G80) | H14: =IF(ISBLANK('By Round'!H80),"",'By Round'!H80) | I14: =IF(ISBLANK('By Round'!I80),"",'By Round'!I80) | J14: =IF(ISBLANK('By Round'!J80),"",'By Round'!J80) | K14: =IF(ISBLANK('By Round'!K80),"",'By Round'!K80) | L14: =IF(ISBLANK('By Round'!L80),"",'By Round'!L80) | M14: =AVERAGE(Y14:Z14) | N14: =AVERAGE(AA14:AB14) | O14: =IF(COUNT(U14:V14)>0,Q14/COUNT(U14:V14),0.5) | P14: =IF(COUNT(W14:X14)>0,R14/COUNT(W14:X14),0.5) | Q14: =SUM(U14:V14) | R14: =SUM(W14:X14) | S14: =IF(ISNUMBER(K14),K14,IF(ISNUMBER(L14),-L14,"")) | T14: =IF(ISNUMBER(L14),L14,IF(ISNUMBER(K14),-K14,"")) | U14: =IF(ISNUMBER(S14),IF(ISNUMBER(S12),IF(S14>S12,1.0,IF(S14=S12,0.5,0.0)),0.5),0.5) | V14: =IF(ISNUMBER(S14),IF(ISNUMBER(S13),IF(S14>S13,1.0,IF(S14=S13,0.5,0.0)),0.5),0.5) | W14: =IF(ISNUMBER(T14),IF(ISNUMBER(T12),IF(T14>T12,1.0,IF(T14=T12,0.5,0.0)),0.5),0.5) | X14: =IF(ISNUMBER(T14),IF(ISNUMBER(T13),IF(T14>T13,1.0,IF(T14=T13,0.5,0.0)),0.5),0.5) | Y14: =IF(AND(ISNUMBER(S14),ISNUMBER(S12)),VLOOKUP(ABS(S14-S12),'IMP Table'!$A$2:$C$26,3)*SIGN(S14-S12),0) | Z14: =IF(AND(ISNUMBER(S14),ISNUMBER(S13)),VLOOKUP(ABS(S14-S13),'IMP Table'!$A$2:$C$26,3)*SIGN(S14-S13),0) | AA14: =IF(AND(ISNUMBER(T14),ISNUMBER(T12)),VLOOKUP(ABS(T14-T12),'IMP Table'!$A$2:$C$26,3)*SIGN(T14-T12),0) | AB14: =IF(AND(ISNUMBER(T14),ISNUMBER(T13)),VLOOKUP(ABS(T14-T13),'IMP Table'!$A$2:$C$26,3)*SIGN(T14-T13),0)
A15: 4 | B15: ='By Round'!A15 | C15: ='By Round'!B15 | D15: ='By Round'!C15 | E15: ='By Round'!D15 | F15: =IF(ISBLANK('By Round'!F15),"",'By Round'!F15) | G15: =IF(ISBLANK('By Round'!G15),"",'By Round'!G15) | H15: =IF(ISBLANK('By Round'!H15),"",'By Round'!H15) | I15: =IF(ISBLANK('By Round'!I15),"",'By Round'!I15) | J15: =IF(ISBLANK('By Round'!J15),"",'By Round'!J15) | K15: =IF(ISBLANK('By Round'!K15),"",'By Round'!K15) | L15: =IF(ISBLANK('By Round'!L15),"",'By Round'!L15) | M15: =IF(ISBLANK('By Round'!M15),"",'By Round'!M15) | ... X15: =IF(ISBLANK('By Round'!X15),"",'By Round'!X15)
B16: ='By Round'!A75 | C16: ='By Round'!B81 | D16: ='By Round'!C81 | E16: ='By Round'!D81 | F16: =IF(ISBLANK('By Round'!F81),"",'By Round'!F81) | G16: =IF(ISBLANK('By Round'!G81),"",'By Round'!G81) | H16: =IF(ISBLANK('By Round'!H81),"",'By Round'!H81) | I16: =IF(ISBLANK('By Round'!I81),"",'By Round'!I81) | J16: =IF(ISBLANK('By Round'!J81),"",'By Round'!J81) | K16: =IF(ISBLANK('By Round'!K81),"",'By Round'!K81) | L16: =IF(ISBLANK('By Round'!L81),"",'By Round'!L81) | M16: =AVERAGE(Y16:Z16) | N16: =AVERAGE(AA16:AB16) | O16: =IF(COUNT(U16:V16)>0,Q16/COUNT(U16:V16),0.5) | P16: =IF(COUNT(W16:X16)>0,R16/COUNT(W16:X16),0.5) | Q16: =SUM(U16:V16) | R16: =SUM(W16:X16) | S16: =IF(ISNUMBER(K16),K16,IF(ISNUMBER(L16),-L16,"")) | T16: =IF(ISNUMBER(L16),L16,IF(ISNUMBER(K16),-K16,"")) | U16: =IF(ISNUMBER(S16),IF(ISNUMBER(S17),IF(S16>S17,1.0,IF(S16=S17,0.5,0.0)),0.5),0.5) | V16: =IF(ISNUMBER(S16),IF(ISNUMBER(S18),IF(S16>S18,1.0,IF(S16=S18,0.5,0.0)),0.5),0.5) | W16: =IF(ISNUMBER(T16),IF(ISNUMBER(T17),IF(T16>T17,1.0,IF(T16=T17,0.5,0.0)),0.5),0.5) | X16: =IF(ISNUMBER(T16),IF(ISNUMBER(T18),IF(T16>T18,1.0,IF(T16=T18,0.5,0.0)),0.5),0.5) | Y16: =IF(AND(ISNUMBER(S16),ISNUMBER(S17)),VLOOKUP(ABS(S16-S17),'IMP Table'!$A$2:$C$26,3)*SIGN(S16-S17),0) | Z16: =IF(AND(ISNUMBER(S16),ISNUMBER(S18)),VLOOKUP(ABS(S16-S18),'IMP Table'!$A$2:$C$26,3)*SIGN(S16-S18),0) | AA16: =IF(AND(ISNUMBER(T16),ISNUMBER(T17)),VLOOKUP(ABS(T16-T17),'IMP Table'!$A$2:$C$26,3)*SIGN(T16-T17),0) | AB16: =IF(AND(ISNUMBER(T16),ISNUMBER(T18)),VLOOKUP(ABS(T16-T18),'IMP Table'!$A$2:$C$26,3)*SIGN(T16-T18),0)
B17: ='By Round'!A51 | C17: ='By Round'!B60 | D17: ='By Round'!C60 | E17: ='By Round'!D60 | F17: =IF(ISBLANK('By Round'!F60),"",'By Round'!F60) | G17: =IF(ISBLANK('By Round'!G60),"",'By Round'!G60) | H17: =IF(ISBLANK('By Round'!H60),"",'By Round'!H60) | I17: =IF(ISBLANK('By Round'!I60),"",'By Round'!I60) | J17: =IF(ISBLANK('By Round'!J60),"",'By Round'!J60) | K17: =IF(ISBLANK('By Round'!K60),"",'By Round'!K60) | L17: =IF(ISBLANK('By Round'!L60),"",'By Round'!L60) | M17: =AVERAGE(Y17:Z17) | N17: =AVERAGE(AA17:AB17) | O17: =IF(COUNT(U17:V17)>0,Q17/COUNT(U17:V17),0.5) | P17: =IF(COUNT(W17:X17)>0,R17/COUNT(W17:X17),0.5) | Q17: =SUM(U17:V17) | R17: =SUM(W17:X17) | S17: =IF(ISNUMBER(K17),K17,IF(ISNUMBER(L17),-L17,"")) | T17: =IF(ISNUMBER(L17),L17,IF(ISNUMBER(K17),-K17,"")) | U17: =IF(ISNUMBER(S17),IF(ISNUMBER(S16),IF(S17>S16,1.0,IF(S17=S16,0.5,0.0)),0.5),0.5) | V17: =IF(ISNUMBER(S17),IF(ISNUMBER(S18),IF(S17>S18,1.0,IF(S17=S18,0.5,0.0)),0.5),0.5) | W17: =IF(ISNUMBER(T17),IF(ISNUMBER(T16),IF(T17>T16,1.0,IF(T17=T16,0.5,0.0)),0.5),0.5) | X17: =IF(ISNUMBER(T17),IF(ISNUMBER(T18),IF(T17>T18,1.0,IF(T17=T18,0.5,0.0)),0.5),0.5) | Y17: =IF(AND(ISNUMBER(S17),ISNUMBER(S16)),VLOOKUP(ABS(S17-S16),'IMP Table'!$A$2:$C$26,3)*SIGN(S17-S16),0) | Z17: =IF(AND(ISNUMBER(S17),ISNUMBER(S18)),VLOOKUP(ABS(S17-S18),'IMP Table'!$A$2:$C$26,3)*SIGN(S17-S18),0) | AA17: =IF(AND(ISNUMBER(T17),ISNUMBER(T16)),VLOOKUP(ABS(T17-T16),'IMP Table'!$A$2:$C$26,3)*SIGN(T17-T16),0) | AB17: =IF(AND(ISNUMBER(T17),ISNUMBER(T18)),VLOOKUP(ABS(T17-T18),'IMP Table'!$A$2:$C$26,3)*SIGN(T17-T18),0)
B18: ='By Round'!A3 | C18: ='By Round'!B6 | D18: ='By Round'!C6 | E18: ='By Round'!D6 | F18: =IF(ISBLANK('By Round'!F6),"",'By Round'!F6) | G18: =IF(ISBLANK('By Round'!G6),"",'By Round'!G6) | H18: =IF(ISBLANK('By Round'!H6),"",'By Round'!H6) | I18: =IF(ISBLANK('By Round'!I6),"",'By Round'!I6) | J18: =IF(ISBLANK('By Round'!J6),"",'By Round'!J6) | K18: =IF(ISBLANK('By Round'!K6),"",'By Round'!K6) | L18: =IF(ISBLANK('By Round'!L6),"",'By Round'!L6) | M18: =AVERAGE(Y18:Z18) | N18: =AVERAGE(AA18:AB18) | O18: =IF(COUNT(U18:V18)>0,Q18/COUNT(U18:V18),0.5) | P18: =IF(COUNT(W18:X18)>0,R18/COUNT(W18:X18),0.5) | Q18: =SUM(U18:V18) | R18: =SUM(W18:X18) | S18: =IF(ISNUMBER(K18),K18,IF(ISNUMBER(L18),-L18,"")) | T18: =IF(ISNUMBER(L18),L18,IF(ISNUMBER(K18),-K18,"")) | U18: =IF(ISNUMBER(S18),IF(ISNUMBER(S16),IF(S18>S16,1.0,IF(S18=S16,0.5,0.0)),0.5),0.5) | V18: =IF(ISNUMBER(S18),IF(ISNUMBER(S17),IF(S18>S17,1.0,IF(S18=S17,0.5,0.0)),0.5),0.5) | W18: =IF(ISNUMBER(T18),IF(ISNUMBER(T16),IF(T18>T16,1.0,IF(T18=T16,0.5,0.0)),0.5),0.5) | X18: =IF(ISNUMBER(T18),IF(ISNUMBER(T17),IF(T18>T17,1.0,IF(T18=T17,0.5,0.0)),0.5),0.5) | Y18: =IF(AND(ISNUMBER(S18),ISNUMBER(S16)),VLOOKUP(ABS(S18-S16),'IMP Table'!$A$2:$C$26,3)*SIGN(S18-S16),0) | Z18: =IF(AND(ISNUMBER(S18),ISNUMBER(S17)),VLOOKUP(ABS(S18-S17),'IMP Table'!$A$2:$C$26,3)*SIGN(S18-S17),0) | AA18: =IF(AND(ISNUMBER(T18),ISNUMBER(T16)),VLOOKUP(ABS(T18-T16),'IMP Table'!$A$2:$C$26,3)*SIGN(T18-T16),0) | AB18: =IF(AND(ISNUMBER(T18),ISNUMBER(T17)),VLOOKUP(ABS(T18-T17),'IMP Table'!$A$2:$C$26,3)*SIGN(T18-T17),0)
A19: 5 | B19: ='By Round'!A15 | C19: ='By Round'!B15 | D19: ='By Round'!C15 | E19: ='By Round'!D15 | F19: =IF(ISBLANK('By Round'!F16),"",'By Round'!F16) | G19: =IF(ISBLANK('By Round'!G16),"",'By Round'!G16) | H19: =IF(ISBLANK('By Round'!H16),"",'By Round'!H16) | I19: =IF(ISBLANK('By Round'!I16),"",'By Round'!I16) | J19: =IF(ISBLANK('By Round'!J16),"",'By Round'!J16) | K19: =IF(ISBLANK('By Round'!K16),"",'By Round'!K16) | L19: =IF(ISBLANK('By Round'!L16),"",'By Round'!L16) | M19: =IF(ISBLANK('By Round'!M16),"",'By Round'!M16) | ... X19: =IF(ISBLANK('By Round'!X16),"",'By Round'!X16)
B20: ='By Round'!A75 | C20: ='By Round'!B81 | D20: ='By Round'!C81 | E20: ='By Round'!D81 | F20: =IF(ISBLANK('By Round'!F82),"",'By Round'!F82) | G20: =IF(ISBLANK('By Round'!G82),"",'By Round'!G82) | H20: =IF(ISBLANK('By Round'!H82),"",'By Round'!H82) | I20: =IF(ISBLANK('By Round'!I82),"",'By Round'!I82) | J20: =IF(ISBLANK('By Round'!J82),"",'By Round'!J82) | K20: =IF(ISBLANK('By Round'!K82),"",'By Round'!K82) | L20: =IF(ISBLANK('By Round'!L82),"",'By Round'!L82) | M20: =AVERAGE(Y20:Z20) | N20: =AVERAGE(AA20:AB20) | O20: =IF(COUNT(U20:V20)>0,Q20/COUNT(U20:V20),0.5) | P20: =IF(COUNT(W20:X20)>0,R20/COUNT(W20:X20),0.5) | Q20: =SUM(U20:V20) | R20: =SUM(W20:X20) | S20: =IF(ISNUMBER(K20),K20,IF(ISNUMBER(L20),-L20,"")) | T20: =IF(ISNUMBER(L20),L20,IF(ISNUMBER(K20),-K20,"")) | U20: =IF(ISNUMBER(S20),IF(ISNUMBER(S21),IF(S20>S21,1.0,IF(S20=S21,0.5,0.0)),0.5),0.5) | V20: =IF(ISNUMBER(S20),IF(ISNUMBER(S22),IF(S20>S22,1.0,IF(S20=S22,0.5,0.0)),0.5),0.5) | W20: =IF(ISNUMBER(T20),IF(ISNUMBER(T21),IF(T20>T21,1.0,IF(T20=T21,0.5,0.0)),0.5),0.5) | X20: =IF(ISNUMBER(T20),IF(ISNUMBER(T22),IF(T20>T22,1.0,IF(T20=T22,0.5,0.0)),0.5),0.5) | Y20: =IF(AND(ISNUMBER(S20),ISNUMBER(S21)),VLOOKUP(ABS(S20-S21),'IMP Table'!$A$2:$C$26,3)*SIGN(S20-S21),0) | Z20: =IF(AND(ISNUMBER(S20),ISNUMBER(S22)),VLOOKUP(ABS(S20-S22),'IMP Table'!$A$2:$C$26,3)*SIGN(S20-S22),0) | AA20: =IF(AND(ISNUMBER(T20),ISNUMBER(T21)),VLOOKUP(ABS(T20-T21),'IMP Table'!$A$2:$C$26,3)*SIGN(T20-T21),0) | AB20: =IF(AND(ISNUMBER(T20),ISNUMBER(T22)),VLOOKUP(ABS(T20-T22),'IMP Table'!$A$2:$C$26,3)*SIGN(T20-T22),0)
B21: ='By Round'!A51 | C21: ='By Round'!B60 | D21: ='By Round'!C60 | E21: ='By Round'!D60 | F21: =IF(ISBLANK('By Round'!F61),"",'By Round'!F61) | G21: =IF(ISBLANK('By Round'!G61),"",'By Round'!G61) | H21: =IF(ISBLANK('By Round'!H61),"",'By Round'!H61) | I21: =IF(ISBLANK('By Round'!I61),"",'By Round'!I61) | J21: =IF(ISBLANK('By Round'!J61),"",'By Round'!J61) | K21: =IF(ISBLANK('By Round'!K61),"",'By Round'!K61) | L21: =IF(ISBLANK('By Round'!L61),"",'By Round'!L61) | M21: =AVERAGE(Y21:Z21) | N21: =AVERAGE(AA21:AB21) | O21: =IF(COUNT(U21:V21)>0,Q21/COUNT(U21:V21),0.5) | P21: =IF(COUNT(W21:X21)>0,R21/COUNT(W21:X21),0.5) | Q21: =SUM(U21:V21) | R21: =SUM(W21:X21) | S21: =IF(ISNUMBER(K21),K21,IF(ISNUMBER(L21),-L21,"")) | T21: =IF(ISNUMBER(L21),L21,IF(ISNUMBER(K21),-K21,"")) | U21: =IF(ISNUMBER(S21),IF(ISNUMBER(S20),IF(S21>S20,1.0,IF(S21=S20,0.5,0.0)),0.5),0.5) | V21: =IF(ISNUMBER(S21),IF(ISNUMBER(S22),IF(S21>S22,1.0,IF(S21=S22,0.5,0.0)),0.5),0.5) | W21: =IF(ISNUMBER(T21),IF(ISNUMBER(T20),IF(T21>T20,1.0,IF(T21=T20,0.5,0.0)),0.5),0.5) | X21: =IF(ISNUMBER(T21),IF(ISNUMBER(T22),IF(T21>T22,1.0,IF(T21=T22,0.5,0.0)),0.5),0.5) | Y21: =IF(AND(ISNUMBER(S21),ISNUMBER(S20)),VLOOKUP(ABS(S21-S20),'IMP Table'!$A$2:$C$26,3)*SIGN(S21-S20),0) | Z21: =IF(AND(ISNUMBER(S21),ISNUMBER(S22)),VLOOKUP(ABS(S21-S22),'IMP Table'!$A$2:$C$26,3)*SIGN(S21-S22),0) | AA21: =IF(AND(ISNUMBER(T21),ISNUMBER(T20)),VLOOKUP(ABS(T21-T20),'IMP Table'!$A$2:$C$26,3)*SIGN(T21-T20),0) | AB21: =IF(AND(ISNUMBER(T21),ISNUMBER(T22)),VLOOKUP(ABS(T21-T22),'IMP Table'!$A$2:$C$26,3)*SIGN(T21-T22),0)
B22: ='By Round'!A3 | C22: ='By Round'!B6 | D22: ='By Round'!C6 | E22: ='By Round'!D6 | F22: =IF(ISBLANK('By Round'!F7),"",'By Round'!F7) | G22: =IF(ISBLANK('By Round'!G7),"",'By Round'!G7) | H22: =IF(ISBLANK('By Round'!H7),"",'By Round'!H7) | I22: =IF(ISBLANK('By Round'!I7),"",'By Round'!I7) | J22: =IF(ISBLANK('By Round'!J7),"",'By Round'!J7) | K22: =IF(ISBLANK('By Round'!K7),"",'By Round'!K7) | L22: =IF(ISBLANK('By Round'!L7),"",'By Round'!L7) | M22: =AVERAGE(Y22:Z22) | N22: =AVERAGE(AA22:AB22) | O22: =IF(COUNT(U22:V22)>0,Q22/COUNT(U22:V22),0.5) | P22: =IF(COUNT(W22:X22)>0,R22/COUNT(W22:X22),0.5) | Q22: =SUM(U22:V22) | R22: =SUM(W22:X22) | S22: =IF(ISNUMBER(K22),K22,IF(ISNUMBER(L22),-L22,"")) | T22: =IF(ISNUMBER(L22),L22,IF(ISNUMBER(K22),-K22,"")) | U22: =IF(ISNUMBER(S22),IF(ISNUMBER(S20),IF(S22>S20,1.0,IF(S22=S20,0.5,0.0)),0.5),0.5) | V22: =IF(ISNUMBER(S22),IF(ISNUMBER(S21),IF(S22>S21,1.0,IF(S22=S21,0.5,0.0)),0.5),0.5) | W22: =IF(ISNUMBER(T22),IF(ISNUMBER(T20),IF(T22>T20,1.0,IF(T22=T20,0.5,0.0)),0.5),0.5) | X22: =IF(ISNUMBER(T22),IF(ISNUMBER(T21),IF(T22>T21,1.0,IF(T22=T21,0.5,0.0)),0.5),0.5) | Y22: =IF(AND(ISNUMBER(S22),ISNUMBER(S20)),VLOOKUP(ABS(S22-S20),'IMP Table'!$A$2:$C$26,3)*SIGN(S22-S20),0) | Z22: =IF(AND(ISNUMBER(S22),ISNUMBER(S21)),VLOOKUP(ABS(S22-S21),'IMP Table'!$A$2:$C$26,3)*SIGN(S22-S21),0) | AA22: =IF(AND(ISNUMBER(T22),ISNUMBER(T20)),VLOOKUP(ABS(T22-T20),'IMP Table'!$A$2:$C$26,3)*SIGN(T22-T20),0) | AB22: =IF(AND(ISNUMBER(T22),ISNUMBER(T21)),VLOOKUP(ABS(T22-T21),'IMP Table'!$A$2:$C$26,3)*SIGN(T22-T21),0)
A23: 6 | B23: ='By Round'!A15 | C23: ='By Round'!B15 | D23: ='By Round'!C15 | E23: ='By Round'!D15 | F23: =IF(ISBLANK('By Round'!F17),"",'By Round'!F17) | G23: =IF(ISBLANK('By Round'!G17),"",'By Round'!G17) | H23: =IF(ISBLANK('By Round'!H17),"",'By Round'!H17) | I23: =IF(ISBLANK('By Round'!I17),"",'By Round'!I17) | J23: =IF(ISBLANK('By Round'!J17),"",'By Round'!J17) | K23: =IF(ISBLANK('By Round'!K17),"",'By Round'!K17) | L23: =IF(ISBLANK('By Round'!L17),"",'By Round'!L17) | M23: =IF(ISBLANK('By Round'!M17),"",'By Round'!M17) | ... X23: =IF(ISBLANK('By Round'!X17),"",'By Round'!X17)
B24: ='By Round'!A75 | C24: ='By Round'!B81 | D24: ='By Round'!C81 | E24: ='By Round'!D81 | F24: =IF(ISBLANK('By Round'!F83),"",'By Round'!F83) | G24: =IF(ISBLANK('By Round'!G83),"",'By Round'!G83) | H24: =IF(ISBLANK('By Round'!H83),"",'By Round'!H83) | I24: =IF(ISBLANK('By Round'!I83),"",'By Round'!I83) | J24: =IF(ISBLANK('By Round'!J83),"",'By Round'!J83) | K24: =IF(ISBLANK('By Round'!K83),"",'By Round'!K83) | L24: =IF(ISBLANK('By Round'!L83),"",'By Round'!L83) | M24: =AVERAGE(Y24:Z24) | N24: =AVERAGE(AA24:AB24) | O24: =IF(COUNT(U24:V24)>0,Q24/COUNT(U24:V24),0.5) | P24: =IF(COUNT(W24:X24)>0,R24/COUNT(W24:X24),0.5) | Q24: =SUM(U24:V24) | R24: =SUM(W24:X24) | S24: =IF(ISNUMBER(K24),K24,IF(ISNUMBER(L24),-L24,"")) | T24: =IF(ISNUMBER(L24),L24,IF(ISNUMBER(K24),-K24,"")) | U24: =IF(ISNUMBER(S24),IF(ISNUMBER(S25),IF(S24>S25,1.0,IF(S24=S25,0.5,0.0)),0.5),0.5) | V24: =IF(ISNUMBER(S24),IF(ISNUMBER(S26),IF(S24>S26,1.0,IF(S24=S26,0.5,0.0)),0.5),0.5) | W24: =IF(ISNUMBER(T24),IF(ISNUMBER(T25),IF(T24>T25,1.0,IF(T24=T25,0.5,0.0)),0.5),0.5) | X24: =IF(ISNUMBER(T24),IF(ISNUMBER(T26),IF(T24>T26,1.0,IF(T24=T26,0.5,0.0)),0.5),0.5) | Y24: =IF(AND(ISNUMBER(S24),ISNUMBER(S25)),VLOOKUP(ABS(S24-S25),'IMP Table'!$A$2:$C$26,3)*SIGN(S24-S25),0) | Z24: =IF(AND(ISNUMBER(S24),ISNUMBER(S26)),VLOOKUP(ABS(S24-S26),'IMP Table'!$A$2:$C$26,3)*SIGN(S24-S26),0) | AA24: =IF(AND(ISNUMBER(T24),ISNUMBER(T25)),VLOOKUP(ABS(T24-T25),'IMP Table'!$A$2:$C$26,3)*SIGN(T24-T25),0) | AB24: =IF(AND(ISNUMBER(T24),ISNUMBER(T26)),VLOOKUP(ABS(T24-T26),'IMP Table'!$A$2:$C$26,3)*SIGN(T24-T26),0)
B25: ='By Round'!A51 | C25: ='By Round'!B60 | D25: ='By Round'!C60 | E25: ='By Round'!D60 | F25: =IF(ISBLANK('By Round'!F62),"",'By Round'!F62) | G25: =IF(ISBLANK('By Round'!G62),"",'By Round'!G62) | H25: =IF(ISBLANK('By Round'!H62),"",'By Round'!H62) | I25: =IF(ISBLANK('By Round'!I62),"",'By Round'!I62) | J25: =IF(ISBLANK('By Round'!J62),"",'By Round'!J62) | K25: =IF(ISBLANK('By Round'!K62),"",'By Round'!K62) | L25: =IF(ISBLANK('By Round'!L62),"",'By Round'!L62) | M25: =AVERAGE(Y25:Z25) | N25: =AVERAGE(AA25:AB25) | O25: =IF(COUNT(U25:V25)>0,Q25/COUNT(U25:V25),0.5) | P25: =IF(COUNT(W25:X25)>0,R25/COUNT(W25:X25),0.5) | Q25: =SUM(U25:V25) | R25: =SUM(W25:X25) | S25: =IF(ISNUMBER(K25),K25,IF(ISNUMBER(L25),-L25,"")) | T25: =IF(ISNUMBER(L25),L25,IF(ISNUMBER(K25),-K25,"")) | U25: =IF(ISNUMBER(S25),IF(ISNUMBER(S24),IF(S25>S24,1.0,IF(S25=S24,0.5,0.0)),0.5),0.5) | V25: =IF(ISNUMBER(S25),IF(ISNUMBER(S26),IF(S25>S26,1.0,IF(S25=S26,0.5,0.0)),0.5),0.5) | W25: =IF(ISNUMBER(T25),IF(ISNUMBER(T24),IF(T25>T24,1.0,IF(T25=T24,0.5,0.0)),0.5),0.5) | X25: =IF(ISNUMBER(T25),IF(ISNUMBER(T26),IF(T25>T26,1.0,IF(T25=T26,0.5,0.0)),0.5),0.5) | Y25: =IF(AND(ISNUMBER(S25),ISNUMBER(S24)),VLOOKUP(ABS(S25-S24),'IMP Table'!$A$2:$C$26,3)*SIGN(S25-S24),0) | Z25: =IF(AND(ISNUMBER(S25),ISNUMBER(S26)),VLOOKUP(ABS(S25-S26),'IMP Table'!$A$2:$C$26,3)*SIGN(S25-S26),0) | AA25: =IF(AND(ISNUMBER(T25),ISNUMBER(T24)),VLOOKUP(ABS(T25-T24),'IMP Table'!$A$2:$C$26,3)*SIGN(T25-T24),0) | AB25: =IF(AND(ISNUMBER(T25),ISNUMBER(T26)),VLOOKUP(ABS(T25-T26),'IMP Table'!$A$2:$C$26,3)*SIGN(T25-T26),0)
B26: ='By Round'!A3 | C26: ='By Round'!B6 | D26: ='By Round'!C6 | E26: ='By Round'!D6 | F26: =IF(ISBLANK('By Round'!F8),"",'By Round'!F8) | G26: =IF(ISBLANK('By Round'!G8),"",'By Round'!G8) | H26: =IF(ISBLANK('By Round'!H8),"",'By Round'!H8) | I26: =IF(ISBLANK('By Round'!I8),"",'By Round'!I8) | J26: =IF(ISBLANK('By Round'!J8),"",'By Round'!J8) | K26: =IF(ISBLANK('By Round'!K8),"",'By Round'!K8) | L26: =IF(ISBLANK('By Round'!L8),"",'By Round'!L8) | M26: =AVERAGE(Y26:Z26) | N26: =AVERAGE(AA26:AB26) | O26: =IF(COUNT(U26:V26)>0,Q26/COUNT(U26:V26),0.5) | P26: =IF(COUNT(W26:X26)>0,R26/COUNT(W26:X26),0.5) | Q26: =SUM(U26:V26) | R26: =SUM(W26:X26) | S26: =IF(ISNUMBER(K26),K26,IF(ISNUMBER(L26),-L26,"")) | T26: =IF(ISNUMBER(L26),L26,IF(ISNUMBER(K26),-K26,"")) | U26: =IF(ISNUMBER(S26),IF(ISNUMBER(S24),IF(S26>S24,1.0,IF(S26=S24,0.5,0.0)),0.5),0.5) | V26: =IF(ISNUMBER(S26),IF(ISNUMBER(S25),IF(S26>S25,1.0,IF(S26=S25,0.5,0.0)),0.5),0.5) | W26: =IF(ISNUMBER(T26),IF(ISNUMBER(T24),IF(T26>T24,1.0,IF(T26=T24,0.5,0.0)),0.5),0.5) | X26: =IF(ISNUMBER(T26),IF(ISNUMBER(T25),IF(T26>T25,1.0,IF(T26=T25,0.5,0.0)),0.5),0.5) | Y26: =IF(AND(ISNUMBER(S26),ISNUMBER(S24)),VLOOKUP(ABS(S26-S24),'IMP Table'!$A$2:$C$26,3)*SIGN(S26-S24),0) | Z26: =IF(AND(ISNUMBER(S26),ISNUMBER(S25)),VLOOKUP(ABS(S26-S25),'IMP Table'!$A$2:$C$26,3)*SIGN(S26-S25),0) | AA26: =IF(AND(ISNUMBER(T26),ISNUMBER(T24)),VLOOKUP(ABS(T26-T24),'IMP Table'!$A$2:$C$26,3)*SIGN(T26-T24),0) | AB26: =IF(AND(ISNUMBER(T26),ISNUMBER(T25)),VLOOKUP(ABS(T26-T25),'IMP Table'!$A$2:$C$26,3)*SIGN(T26-T25),0)
A27: 7 | B27: ='By Round'!A27 | C27: ='By Round'!B27 | D27: ='By Round'!C27 | E27: ='By Round'!D27 | F27: =IF(ISBLANK('By Round'!F27),"",'By Round'!F27) | G27: =IF(ISBLANK('By Round'!G27),"",'By Round'!G27) | H27: =IF(ISBLANK('By Round'!H27),"",'By Round'!H27) | I27: =IF(ISBLANK('By Round'!I27),"",'By Round'!I27) | J27: =IF(ISBLANK('By Round'!J27),"",'By Round'!J27) | K27: =IF(ISBLANK('By Round'!K27),"",'By Round'!K27) | L27: =IF(ISBLANK('By Round'!L27),"",'By Round'!L27) | M27: =IF(ISBLANK('By Round'!M27),"",'By Round'!M27) | ... X27: =IF(ISBLANK('By Round'!X27),"",'By Round'!X27)
B28: ='By Round'!A3 | C28: ='By Round'!B9 | D28: ='By Round'!C9 | E28: ='By Round'!D9 | F28: =IF(ISBLANK('By Round'!F9),"",'By Round'!F9) | G28: =IF(ISBLANK('By Round'!G9),"",'By Round'!G9) | H28: =IF(ISBLANK('By Round'!H9),"",'By Round'!H9) | I28: =IF(ISBLANK('By Round'!I9),"",'By Round'!I9) | J28: =IF(ISBLANK('By Round'!J9),"",'By Round'!J9) | K28: =IF(ISBLANK('By Round'!K9),"",'By Round'!K9) | L28: =IF(ISBLANK('By Round'!L9),"",'By Round'!L9) | M28: =AVERAGE(Y28:Z28) | N28: =AVERAGE(AA28:AB28) | O28: =IF(COUNT(U28:V28)>0,Q28/COUNT(U28:V28),0.5) | P28: =IF(COUNT(W28:X28)>0,R28/COUNT(W28:X28),0.5) | Q28: =SUM(U28:V28) | R28: =SUM(W28:X28) | S28: =IF(ISNUMBER(K28),K28,IF(ISNUMBER(L28),-L28,"")) | T28: =IF(ISNUMBER(L28),L28,IF(ISNUMBER(K28),-K28,"")) | U28: =IF(ISNUMBER(S28),IF(ISNUMBER(S29),IF(S28>S29,1.0,IF(S28=S29,0.5,0.0)),0.5),0.5) | V28: =IF(ISNUMBER(S28),IF(ISNUMBER(S30),IF(S28>S30,1.0,IF(S28=S30,0.5,0.0)),0.5),0.5) | W28: =IF(ISNUMBER(T28),IF(ISNUMBER(T29),IF(T28>T29,1.0,IF(T28=T29,0.5,0.0)),0.5),0.5) | X28: =IF(ISNUMBER(T28),IF(ISNUMBER(T30),IF(T28>T30,1.0,IF(T28=T30,0.5,0.0)),0.5),0.5) | Y28: =IF(AND(ISNUMBER(S28),ISNUMBER(S29)),VLOOKUP(ABS(S28-S29),'IMP Table'!$A$2:$C$26,3)*SIGN(S28-S29),0) | Z28: =IF(AND(ISNUMBER(S28),ISNUMBER(S30)),VLOOKUP(ABS(S28-S30),'IMP Table'!$A$2:$C$26,3)*SIGN(S28-S30),0) | AA28: =IF(AND(ISNUMBER(T28),ISNUMBER(T29)),VLOOKUP(ABS(T28-T29),'IMP Table'!$A$2:$C$26,3)*SIGN(T28-T29),0) | AB28: =IF(AND(ISNUMBER(T28),ISNUMBER(T30)),VLOOKUP(ABS(T28-T30),'IMP Table'!$A$2:$C$26,3)*SIGN(T28-T30),0)
B29: ='By Round'!A63 | C29: ='By Round'!B72 | D29: ='By Round'!C72 | E29: ='By Round'!D72 | F29: =IF(ISBLANK('By Round'!F72),"",'By Round'!F72) | G29: =IF(ISBLANK('By Round'!G72),"",'By Round'!G72) | H29: =IF(ISBLANK('By Round'!H72),"",'By Round'!H72) | I29: =IF(ISBLANK('By Round'!I72),"",'By Round'!I72) | J29: =IF(ISBLANK('By Round'!J72),"",'By Round'!J72) | K29: =IF(ISBLANK('By Round'!K72),"",'By Round'!K72) | L29: =IF(ISBLANK('By Round'!L72),"",'By Round'!L72) | M29: =AVERAGE(Y29:Z29) | N29: =AVERAGE(AA29:AB29) | O29: =IF(COUNT(U29:V29)>0,Q29/COUNT(U29:V29),0.5) | P29: =IF(COUNT(W29:X29)>0,R29/COUNT(W29:X29),0.5) | Q29: =SUM(U29:V29) | R29: =SUM(W29:X29) | S29: =IF(ISNUMBER(K29),K29,IF(ISNUMBER(L29),-L29,"")) | T29: =IF(ISNUMBER(L29),L29,IF(ISNUMBER(K29),-K29,"")) | U29: =IF(ISNUMBER(S29),IF(ISNUMBER(S28),IF(S29>S28,1.0,IF(S29=S28,0.5,0.0)),0.5),0.5) | V29: =IF(ISNUMBER(S29),IF(ISNUMBER(S30),IF(S29>S30,1.0,IF(S29=S30,0.5,0.0)),0.5),0.5) | W29: =IF(ISNUMBER(T29),IF(ISNUMBER(T28),IF(T29>T28,1.0,IF(T29=T28,0.5,0.0)),0.5),0.5) | X29: =IF(ISNUMBER(T29),IF(ISNUMBER(T30),IF(T29>T30,1.0,IF(T29=T30,0.5,0.0)),0.5),0.5) | Y29: =IF(AND(ISNUMBER(S29),ISNUMBER(S28)),VLOOKUP(ABS(S29-S28),'IMP Table'!$A$2:$C$26,3)*SIGN(S29-S28),0) | Z29: =IF(AND(ISNUMBER(S29),ISNUMBER(S30)),VLOOKUP(ABS(S29-S30),'IMP Table'!$A$2:$C$26,3)*SIGN(S29-S30),0) | AA29: =IF(AND(ISNUMBER(T29),ISNUMBER(T28)),VLOOKUP(ABS(T29-T28),'IMP Table'!$A$2:$C$26,3)*SIGN(T29-T28),0) | AB29: =IF(AND(ISNUMBER(T29),ISNUMBER(T30)),VLOOKUP(ABS(T29-T30),'IMP Table'!$A$2:$C$26,3)*SIGN(T29-T30),0)
B30: ='By Round'!A15 | C30: ='By Round'!B18 | D30: ='By Round'!C18 | E30: ='By Round'!D18 | F30: =IF(ISBLANK('By Round'!F18),"",'By Round'!F18) | G30: =IF(ISBLANK('By Round'!G18),"",'By Round'!G18) | H30: =IF(ISBLANK('By Round'!H18),"",'By Round'!H18) | I30: =IF(ISBLANK('By Round'!I18),"",'By Round'!I18) | J30: =IF(ISBLANK('By Round'!J18),"",'By Round'!J18) | K30: =IF(ISBLANK('By Round'!K18),"",'By Round'!K18) | L30: =IF(ISBLANK('By Round'!L18),"",'By Round'!L18) | M30: =AVERAGE(Y30:Z30) | N30: =AVERAGE(AA30:AB30) | O30: =IF(COUNT(U30:V30)>0,Q30/COUNT(U30:V30),0.5) | P30: =IF(COUNT(W30:X30)>0,R30/COUNT(W30:X30),0.5) | Q30: =SUM(U30:V30) | R30: =SUM(W30:X30) | S30: =IF(ISNUMBER(K30),K30,IF(ISNUMBER(L30),-L30,"")) | T30: =IF(ISNUMBER(L30),L30,IF(ISNUMBER(K30),-K30,"")) | U30: =IF(ISNUMBER(S30),IF(ISNUMBER(S28),IF(S30>S28,1.0,IF(S30=S28,0.5,0.0)),0.5),0.5) | V30: =IF(ISNUMBER(S30),IF(ISNUMBER(S29),IF(S30>S29,1.0,IF(S30=S29,0.5,0.0)),0.5),0.5) | W30: =IF(ISNUMBER(T30),IF(ISNUMBER(T28),IF(T30>T28,1.0,IF(T30=T28,0.5,0.0)),0.5),0.5) | X30: =IF(ISNUMBER(T30),IF(ISNUMBER(T29),IF(T30>T29,1.0,IF(T30=T29,0.5,0.0)),0.5),0.5) | Y30: =IF(AND(ISNUMBER(S30),ISNUMBER(S28)),VLOOKUP(ABS(S30-S28),'IMP Table'!$A$2:$C$26,3)*SIGN(S30-S28),0) | Z30: =IF(AND(ISNUMBER(S30),ISNUMBER(S29)),VLOOKUP(ABS(S30-S29),'IMP Table'!$A$2:$C$26,3)*SIGN(S30-S29),0) | AA30: =IF(AND(ISNUMBER(T30),ISNUMBER(T28)),VLOOKUP(ABS(T30-T28),'IMP Table'!$A$2:$C$26,3)*SIGN(T30-T28),0) | AB30: =IF(AND(ISNUMBER(T30),ISNUMBER(T29)),VLOOKUP(ABS(T30-T29),'IMP Table'!$A$2:$C$26,3)*SIGN(T30-T29),0)
A31: 8 | B31: ='By Round'!A27 | C31: ='By Round'!B27 | D31: ='By Round'!C27 | E31: ='By Round'!D27 | F31: =IF(ISBLANK('By Round'!F28),"",'By Round'!F28) | G31: =IF(ISBLANK('By Round'!G28),"",'By Round'!G28) | H31: =IF(ISBLANK('By Round'!H28),"",'By Round'!H28) | I31: =IF(ISBLANK('By Round'!I28),"",'By Round'!I28) | J31: =IF(ISBLANK('By Round'!J28),"",'By Round'!J28) | K31: =IF(ISBLANK('By Round'!K28),"",'By Round'!K28) | L31: =IF(ISBLANK('By Round'!L28),"",'By Round'!L28) | M31: =IF(ISBLANK('By Round'!M28),"",'By Round'!M28) | ... X31: =IF(ISBLANK('By Round'!X28),"",'By Round'!X28)
B32: ='By Round'!A3 | C32: ='By Round'!B9 | D32: ='By Round'!C9 | E32: ='By Round'!D9 | F32: =IF(ISBLANK('By Round'!F10),"",'By Round'!F10) | G32: =IF(ISBLANK('By Round'!G10),"",'By Round'!G10) | H32: =IF(ISBLANK('By Round'!H10),"",'By Round'!H10) | I32: =IF(ISBLANK('By Round'!I10),"",'By Round'!I10) | J32: =IF(ISBLANK('By Round'!J10),"",'By Round'!J10) | K32: =IF(ISBLANK('By Round'!K10),"",'By Round'!K10) | L32: =IF(ISBLANK('By Round'!L10),"",'By Round'!L10) | M32: =AVERAGE(Y32:Z32) | N32: =AVERAGE(AA32:AB32) | O32: =IF(COUNT(U32:V32)>0,Q32/COUNT(U32:V32),0.5) | P32: =IF(COUNT(W32:X32)>0,R32/COUNT(W32:X32),0.5) | Q32: =SUM(U32:V32) | R32: =SUM(W32:X32) | S32: =IF(ISNUMBER(K32),K32,IF(ISNUMBER(L32),-L32,"")) | T32: =IF(ISNUMBER(L32),L32,IF(ISNUMBER(K32),-K32,"")) | U32: =IF(ISNUMBER(S32),IF(ISNUMBER(S33),IF(S32>S33,1.0,IF(S32=S33,0.5,0.0)),0.5),0.5) | V32: =IF(ISNUMBER(S32),IF(ISNUMBER(S34),IF(S32>S34,1.0,IF(S32=S34,0.5,0.0)),0.5),0.5) | W32: =IF(ISNUMBER(T32),IF(ISNUMBER(T33),IF(T32>T33,1.0,IF(T32=T33,0.5,0.0)),0.5),0.5) | X32: =IF(ISNUMBER(T32),IF(ISNUMBER(T34),IF(T32>T34,1.0,IF(T32=T34,0.5,0.0)),0.5),0.5) | Y32: =IF(AND(ISNUMBER(S32),ISNUMBER(S33)),VLOOKUP(ABS(S32-S33),'IMP Table'!$A$2:$C$26,3)*SIGN(S32-S33),0) | Z32: =IF(AND(ISNUMBER(S32),ISNUMBER(S34)),VLOOKUP(ABS(S32-S34),'IMP Table'!$A$2:$C$26,3)*SIGN(S32-S34),0) | AA32: =IF(AND(ISNUMBER(T32),ISNUMBER(T33)),VLOOKUP(ABS(T32-T33),'IMP Table'!$A$2:$C$26,3)*SIGN(T32-T33),0) | AB32: =IF(AND(ISNUMBER(T32),ISNUMBER(T34)),VLOOKUP(ABS(T32-T34),'IMP Table'!$A$2:$C$26,3)*SIGN(T32-T34),0)
B33: ='By Round'!A63 | C33: ='By Round'!B72 | D33: ='By Round'!C72 | E33: ='By Round'!D72 | F33: =IF(ISBLANK('By Round'!F73),"",'By Round'!F73) | G33: =IF(ISBLANK('By Round'!G73),"",'By Round'!G73) | H33: =IF(ISBLANK('By Round'!H73),"",'By Round'!H73) | I33: =IF(ISBLANK('By Round'!I73),"",'By Round'!I73) | J33: =IF(ISBLANK('By Round'!J73),"",'By Round'!J73) | K33: =IF(ISBLANK('By Round'!K73),"",'By Round'!K73) | L33: =IF(ISBLANK('By Round'!L73),"",'By Round'!L73) | M33: =AVERAGE(Y33:Z33) | N33: =AVERAGE(AA33:AB33) | O33: =IF(COUNT(U33:V33)>0,Q33/COUNT(U33:V33),0.5) | P33: =IF(COUNT(W33:X33)>0,R33/COUNT(W33:X33),0.5) | Q33: =SUM(U33:V33) | R33: =SUM(W33:X33) | S33: =IF(ISNUMBER(K33),K33,IF(ISNUMBER(L33),-L33,"")) | T33: =IF(ISNUMBER(L33),L33,IF(ISNUMBER(K33),-K33,"")) | U33: =IF(ISNUMBER(S33),IF(ISNUMBER(S32),IF(S33>S32,1.0,IF(S33=S32,0.5,0.0)),0.5),0.5) | V33: =IF(ISNUMBER(S33),IF(ISNUMBER(S34),IF(S33>S34,1.0,IF(S33=S34,0.5,0.0)),0.5),0.5) | W33: =IF(ISNUMBER(T33),IF(ISNUMBER(T32),IF(T33>T32,1.0,IF(T33=T32,0.5,0.0)),0.5),0.5) | X33: =IF(ISNUMBER(T33),IF(ISNUMBER(T34),IF(T33>T34,1.0,IF(T33=T34,0.5,0.0)),0.5),0.5) | Y33: =IF(AND(ISNUMBER(S33),ISNUMBER(S32)),VLOOKUP(ABS(S33-S32),'IMP Table'!$A$2:$C$26,3)*SIGN(S33-S32),0) | Z33: =IF(AND(ISNUMBER(S33),ISNUMBER(S34)),VLOOKUP(ABS(S33-S34),'IMP Table'!$A$2:$C$26,3)*SIGN(S33-S34),0) | AA33: =IF(AND(ISNUMBER(T33),ISNUMBER(T32)),VLOOKUP(ABS(T33-T32),'IMP Table'!$A$2:$C$26,3)*SIGN(T33-T32),0) | AB33: =IF(AND(ISNUMBER(T33),ISNUMBER(T34)),VLOOKUP(ABS(T33-T34),'IMP Table'!$A$2:$C$26,3)*SIGN(T33-T34),0)
B34: ='By Round'!A15 | C34: ='By Round'!B18 | D34: ='By Round'!C18 | E34: ='By Round'!D18 | F34: =IF(ISBLANK('By Round'!F19),"",'By Round'!F19) | G34: =IF(ISBLANK('By Round'!G19),"",'By Round'!G19) | H34: =IF(ISBLANK('By Round'!H19),"",'By Round'!H19) | I34: =IF(ISBLANK('By Round'!I19),"",'By Round'!I19) | J34: =IF(ISBLANK('By Round'!J19),"",'By Round'!J19) | K34: =IF(ISBLANK('By Round'!K19),"",'By Round'!K19) | L34: =IF(ISBLANK('By Round'!L19),"",'By Round'!L19) | M34: =AVERAGE(Y34:Z34) | N34: =AVERAGE(AA34:AB34) | O34: =IF(COUNT(U34:V34)>0,Q34/COUNT(U34:V34),0.5) | P34: =IF(COUNT(W34:X34)>0,R34/COUNT(W34:X34),0.5) | Q34: =SUM(U34:V34) | R34: =SUM(W34:X34) | S34: =IF(ISNUMBER(K34),K34,IF(ISNUMBER(L34),-L34,"")) | T34: =IF(ISNUMBER(L34),L34,IF(ISNUMBER(K34),-K34,"")) | U34: =IF(ISNUMBER(S34),IF(ISNUMBER(S32),IF(S34>S32,1.0,IF(S34=S32,0.5,0.0)),0.5),0.5) | V34: =IF(ISNUMBER(S34),IF(ISNUMBER(S33),IF(S34>S33,1.0,IF(S34=S33,0.5,0.0)),0.5),0.5) | W34: =IF(ISNUMBER(T34),IF(ISNUMBER(T32),IF(T34>T32,1.0,IF(T34=T32,0.5,0.0)),0.5),0.5) | X34: =IF(ISNUMBER(T34),IF(ISNUMBER(T33),IF(T34>T33,1.0,IF(T34=T33,0.5,0.0)),0.5),0.5) | Y34: =IF(AND(ISNUMBER(S34),ISNUMBER(S32)),VLOOKUP(ABS(S34-S32),'IMP Table'!$A$2:$C$26,3)*SIGN(S34-S32),0) | Z34: =IF(AND(ISNUMBER(S34),ISNUMBER(S33)),VLOOKUP(ABS(S34-S33),'IMP Table'!$A$2:$C$26,3)*SIGN(S34-S33),0) | AA34: =IF(AND(ISNUMBER(T34),ISNUMBER(T32)),VLOOKUP(ABS(T34-T32),'IMP Table'!$A$2:$C$26,3)*SIGN(T34-T32),0) | AB34: =IF(AND(ISNUMBER(T34),ISNUMBER(T33)),VLOOKUP(ABS(T34-T33),'IMP Table'!$A$2:$C$26,3)*SIGN(T34-T33),0)
A35: 9 | B35: ='By Round'!A27 | C35: ='By Round'!B27 | D35: ='By Round'!C27 | E35: ='By Round'!D27 | F35: =IF(ISBLANK('By Round'!F29),"",'By Round'!F29) | G35: =IF(ISBLANK('By Round'!G29),"",'By Round'!G29) | H35: =IF(ISBLANK('By Round'!H29),"",'By Round'!H29) | I35: =IF(ISBLANK('By Round'!I29),"",'By Round'!I29) | J35: =IF(ISBLANK('By Round'!J29),"",'By Round'!J29) | K35: =IF(ISBLANK('By Round'!K29),"",'By Round'!K29) | L35: =IF(ISBLANK('By Round'!L29),"",'By Round'!L29) | M35: =IF(ISBLANK('By Round'!M29),"",'By Round'!M29) | ... X35: =IF(ISBLANK('By Round'!X29),"",'By Round'!X29)
B36: ='By Round'!A3 | C36: ='By Round'!B9 | D36: ='By Round'!C9 | E36: ='By Round'!D9 | F36: =IF(ISBLANK('By Round'!F11),"",'By Round'!F11) | G36: =IF(ISBLANK('By Round'!G11),"",'By Round'!G11) | H36: =IF(ISBLANK('By Round'!H11),"",'By Round'!H11) | I36: =IF(ISBLANK('By Round'!I11),"",'By Round'!I11) | J36: =IF(ISBLANK('By Round'!J11),"",'By Round'!J11) | K36: =IF(ISBLANK('By Round'!K11),"",'By Round'!K11) | L36: =IF(ISBLANK('By Round'!L11),"",'By Round'!L11) | M36: =AVERAGE(Y36:Z36) | N36: =AVERAGE(AA36:AB36) | O36: =IF(COUNT(U36:V36)>0,Q36/COUNT(U36:V36),0.5) | P36: =IF(COUNT(W36:X36)>0,R36/COUNT(W36:X36),0.5) | Q36: =SUM(U36:V36) | R36: =SUM(W36:X36) | S36: =IF(ISNUMBER(K36),K36,IF(ISNUMBER(L36),-L36,"")) | T36: =IF(ISNUMBER(L36),L36,IF(ISNUMBER(K36),-K36,"")) | U36: =IF(ISNUMBER(S36),IF(ISNUMBER(S37),IF(S36>S37,1.0,IF(S36=S37,0.5,0.0)),0.5),0.5) | V36: =IF(ISNUMBER(S36),IF(ISNUMBER(S38),IF(S36>S38,1.0,IF(S36=S38,0.5,0.0)),0.5),0.5) | W36: =IF(ISNUMBER(T36),IF(ISNUMBER(T37),IF(T36>T37,1.0,IF(T36=T37,0.5,0.0)),0.5),0.5) | X36: =IF(ISNUMBER(T36),IF(ISNUMBER(T38),IF(T36>T38,1.0,IF(T36=T38,0.5,0.0)),0.5),0.5) | Y36: =IF(AND(ISNUMBER(S36),ISNUMBER(S37)),VLOOKUP(ABS(S36-S37),'IMP Table'!$A$2:$C$26,3)*SIGN(S36-S37),0) | Z36: =IF(AND(ISNUMBER(S36),ISNUMBER(S38)),VLOOKUP(ABS(S36-S38),'IMP Table'!$A$2:$C$26,3)*SIGN(S36-S38),0) | AA36: =IF(AND(ISNUMBER(T36),ISNUMBER(T37)),VLOOKUP(ABS(T36-T37),'IMP Table'!$A$2:$C$26,3)*SIGN(T36-T37),0) | AB36: =IF(AND(ISNUMBER(T36),ISNUMBER(T38)),VLOOKUP(ABS(T36-T38),'IMP Table'!$A$2:$C$26,3)*SIGN(T36-T38),0)
B37: ='By Round'!A63 | C37: ='By Round'!B72 | D37: ='By Round'!C72 | E37: ='By Round'!D72 | F37: =IF(ISBLANK('By Round'!F74),"",'By Round'!F74) | G37: =IF(ISBLANK('By Round'!G74),"",'By Round'!G74) | H37: =IF(ISBLANK('By Round'!H74),"",'By Round'!H74) | I37: =IF(ISBLANK('By Round'!I74),"",'By Round'!I74) | J37: =IF(ISBLANK('By Round'!J74),"",'By Round'!J74) | K37: =IF(ISBLANK('By Round'!K74),"",'By Round'!K74) | L37: =IF(ISBLANK('By Round'!L74),"",'By Round'!L74) | M37: =AVERAGE(Y37:Z37) | N37: =AVERAGE(AA37:AB37) | O37: =IF(COUNT(U37:V37)>0,Q37/COUNT(U37:V37),0.5) | P37: =IF(COUNT(W37:X37)>0,R37/COUNT(W37:X37),0.5) | Q37: =SUM(U37:V37) | R37: =SUM(W37:X37) | S37: =IF(ISNUMBER(K37),K37,IF(ISNUMBER(L37),-L37,"")) | T37: =IF(ISNUMBER(L37),L37,IF(ISNUMBER(K37),-K37,"")) | U37: =IF(ISNUMBER(S37),IF(ISNUMBER(S36),IF(S37>S36,1.0,IF(S37=S36,0.5,0.0)),0.5),0.5) | V37: =IF(ISNUMBER(S37),IF(ISNUMBER(S38),IF(S37>S38,1.0,IF(S37=S38,0.5,0.0)),0.5),0.5) | W37: =IF(ISNUMBER(T37),IF(ISNUMBER(T36),IF(T37>T36,1.0,IF(T37=T36,0.5,0.0)),0.5),0.5) | X37: =IF(ISNUMBER(T37),IF(ISNUMBER(T38),IF(T37>T38,1.0,IF(T37=T38,0.5,0.0)),0.5),0.5) | Y37: =IF(AND(ISNUMBER(S37),ISNUMBER(S36)),VLOOKUP(ABS(S37-S36),'IMP Table'!$A$2:$C$26,3)*SIGN(S37-S36),0) | Z37: =IF(AND(ISNUMBER(S37),ISNUMBER(S38)),VLOOKUP(ABS(S37-S38),'IMP Table'!$A$2:$C$26,3)*SIGN(S37-S38),0) | AA37: =IF(AND(ISNUMBER(T37),ISNUMBER(T36)),VLOOKUP(ABS(T37-T36),'IMP Table'!$A$2:$C$26,3)*SIGN(T37-T36),0) | AB37: =IF(AND(ISNUMBER(T37),ISNUMBER(T38)),VLOOKUP(ABS(T37-T38),'IMP Table'!$A$2:$C$26,3)*SIGN(T37-T38),0)
B38: ='By Round'!A15 | C38: ='By Round'!B18 | D38: ='By Round'!C18 | E38: ='By Round'!D18 | F38: =IF(ISBLANK('By Round'!F20),"",'By Round'!F20) | G38: =IF(ISBLANK('By Round'!G20),"",'By Round'!G20) | H38: =IF(ISBLANK('By Round'!H20),"",'By Round'!H20) | I38: =IF(ISBLANK('By Round'!I20),"",'By Round'!I20) | J38: =IF(ISBLANK('By Round'!J20),"",'By Round'!J20) | K38: =IF(ISBLANK('By Round'!K20),"",'By Round'!K20) | L38: =IF(ISBLANK('By Round'!L20),"",'By Round'!L20) | M38: =AVERAGE(Y38:Z38) | N38: =AVERAGE(AA38:AB38) | O38: =IF(COUNT(U38:V38)>0,Q38/COUNT(U38:V38),0.5) | P38: =IF(COUNT(W38:X38)>0,R38/COUNT(W38:X38),0.5) | Q38: =SUM(U38:V38) | R38: =SUM(W38:X38) | S38: =IF(ISNUMBER(K38),K38,IF(ISNUMBER(L38),-L38,"")) | T38: =IF(ISNUMBER(L38),L38,IF(ISNUMBER(K38),-K38,"")) | U38: =IF(ISNUMBER(S38),IF(ISNUMBER(S36),IF(S38>S36,1.0,IF(S38=S36,0.5,0.0)),0.5),0.5) | V38: =IF(ISNUMBER(S38),IF(ISNUMBER(S37),IF(S38>S37,1.0,IF(S38=S37,0.5,0.0)),0.5),0.5) | W38: =IF(ISNUMBER(T38),IF(ISNUMBER(T36),IF(T38>T36,1.0,IF(T38=T36,0.5,0.0)),0.5),0.5) | X38: =IF(ISNUMBER(T38),IF(ISNUMBER(T37),IF(T38>T37,1.0,IF(T38=T37,0.5,0.0)),0.5),0.5) | Y38: =IF(AND(ISNUMBER(S38),ISNUMBER(S36)),VLOOKUP(ABS(S38-S36),'IMP Table'!$A$2:$C$26,3)*SIGN(S38-S36),0) | Z38: =IF(AND(ISNUMBER(S38),ISNUMBER(S37)),VLOOKUP(ABS(S38-S37),'IMP Table'!$A$2:$C$26,3)*SIGN(S38-S37),0) | AA38: =IF(AND(ISNUMBER(T38),ISNUMBER(T36)),VLOOKUP(ABS(T38-T36),'IMP Table'!$A$2:$C$26,3)*SIGN(T38-T36),0) | AB38: =IF(AND(ISNUMBER(T38),ISNUMBER(T37)),VLOOKUP(ABS(T38-T37),'IMP Table'!$A$2:$C$26,3)*SIGN(T38-T37),0)
A39: 10 | B39: ='By Round'!A39 | C39: ='By Round'!B39 | D39: ='By Round'!C39 | E39: ='By Round'!D39 | F39: =IF(ISBLANK('By Round'!F39),"",'By Round'!F39) | G39: =IF(ISBLANK('By Round'!G39),"",'By Round'!G39) | H39: =IF(ISBLANK('By Round'!H39),"",'By Round'!H39) | I39: =IF(ISBLANK('By Round'!I39),"",'By Round'!I39) | J39: =IF(ISBLANK('By Round'!J39),"",'By Round'!J39) | K39: =IF(ISBLANK('By Round'!K39),"",'By Round'!K39) | L39: =IF(ISBLANK('By Round'!L39),"",'By Round'!L39) | M39: =IF(ISBLANK('By Round'!M39),"",'By Round'!M39) | ... X39: =IF(ISBLANK('By Round'!X39),"",'By Round'!X39)
B40: ='By Round'!A27 | C40: ='By Round'!B30 | D40: ='By Round'!C30 | E40: ='By Round'!D30 | F40: =IF(ISBLANK('By Round'!F30),"",'By Round'!F30) | G40: =IF(ISBLANK('By Round'!G30),"",'By Round'!G30) | H40: =IF(ISBLANK('By Round'!H30),"",'By Round'!H30) | I40: =IF(ISBLANK('By Round'!I30),"",'By Round'!I30) | J40: =IF(ISBLANK('By Round'!J30),"",'By Round'!J30) | K40: =IF(ISBLANK('By Round'!K30),"",'By Round'!K30) | L40: =IF(ISBLANK('By Round'!L30),"",'By Round'!L30) | M40: =AVERAGE(Y40:Z40) | N40: =AVERAGE(AA40:AB40) | O40: =IF(COUNT(U40:V40)>0,Q40/COUNT(U40:V40),0.5) | P40: =IF(COUNT(W40:X40)>0,R40/COUNT(W40:X40),0.5) | Q40: =SUM(U40:V40) | R40: =SUM(W40:X40) | S40: =IF(ISNUMBER(K40),K40,IF(ISNUMBER(L40),-L40,"")) | T40: =IF(ISNUMBER(L40),L40,IF(ISNUMBER(K40),-K40,"")) | U40: =IF(ISNUMBER(S40),IF(ISNUMBER(S41),IF(S40>S41,1.0,IF(S40=S41,0.5,0.0)),0.5),0.5) | V40: =IF(ISNUMBER(S40),IF(ISNUMBER(S42),IF(S40>S42,1.0,IF(S40=S42,0.5,0.0)),0.5),0.5) | W40: =IF(ISNUMBER(T40),IF(ISNUMBER(T41),IF(T40>T41,1.0,IF(T40=T41,0.5,0.0)),0.5),0.5) | X40: =IF(ISNUMBER(T40),IF(ISNUMBER(T42),IF(T40>T42,1.0,IF(T40=T42,0.5,0.0)),0.5),0.5) | Y40: =IF(AND(ISNUMBER(S40),ISNUMBER(S41)),VLOOKUP(ABS(S40-S41),'IMP Table'!$A$2:$C$26,3)*SIGN(S40-S41),0) | Z40: =IF(AND(ISNUMBER(S40),ISNUMBER(S42)),VLOOKUP(ABS(S40-S42),'IMP Table'!$A$2:$C$26,3)*SIGN(S40-S42),0) | AA40: =IF(AND(ISNUMBER(T40),ISNUMBER(T41)),VLOOKUP(ABS(T40-T41),'IMP Table'!$A$2:$C$26,3)*SIGN(T40-T41),0) | AB40: =IF(AND(ISNUMBER(T40),ISNUMBER(T42)),VLOOKUP(ABS(T40-T42),'IMP Table'!$A$2:$C$26,3)*SIGN(T40-T42),0)
B41: ='By Round'!A15 | C41: ='By Round'!B21 | D41: ='By Round'!C21 | E41: ='By Round'!D21 | F41: =IF(ISBLANK('By Round'!F21),"",'By Round'!F21) | G41: =IF(ISBLANK('By Round'!G21),"",'By Round'!G21) | H41: =IF(ISBLANK('By Round'!H21),"",'By Round'!H21) | I41: =IF(ISBLANK('By Round'!I21),"",'By Round'!I21) | J41: =IF(ISBLANK('By Round'!J21),"",'By Round'!J21) | K41: =IF(ISBLANK('By Round'!K21),"",'By Round'!K21) | L41: =IF(ISBLANK('By Round'!L21),"",'By Round'!L21) | M41: =AVERAGE(Y41:Z41) | N41: =AVERAGE(AA41:AB41) | O41: =IF(COUNT(U41:V41)>0,Q41/COUNT(U41:V41),0.5) | P41: =IF(COUNT(W41:X41)>0,R41/COUNT(W41:X41),0.5) | Q41: =SUM(U41:V41) | R41: =SUM(W41:X41) | S41: =IF(ISNUMBER(K41),K41,IF(ISNUMBER(L41),-L41,"")) | T41: =IF(ISNUMBER(L41),L41,IF(ISNUMBER(K41),-K41,"")) | U41: =IF(ISNUMBER(S41),IF(ISNUMBER(S40),IF(S41>S40,1.0,IF(S41=S40,0.5,0.0)),0.5),0.5) | V41: =IF(ISNUMBER(S41),IF(ISNUMBER(S42),IF(S41>S42,1.0,IF(S41=S42,0.5,0.0)),0.5),0.5) | W41: =IF(ISNUMBER(T41),IF(ISNUMBER(T40),IF(T41>T40,1.0,IF(T41=T40,0.5,0.0)),0.5),0.5) | X41: =IF(ISNUMBER(T41),IF(ISNUMBER(T42),IF(T41>T42,1.0,IF(T41=T42,0.5,0.0)),0.5),0.5) | Y41: =IF(AND(ISNUMBER(S41),ISNUMBER(S40)),VLOOKUP(ABS(S41-S40),'IMP Table'!$A$2:$C$26,3)*SIGN(S41-S40),0) | Z41: =IF(AND(ISNUMBER(S41),ISNUMBER(S42)),VLOOKUP(ABS(S41-S42),'IMP Table'!$A$2:$C$26,3)*SIGN(S41-S42),0) | AA41: =IF(AND(ISNUMBER(T41),ISNUMBER(T40)),VLOOKUP(ABS(T41-T40),'IMP Table'!$A$2:$C$26,3)*SIGN(T41-T40),0) | AB41: =IF(AND(ISNUMBER(T41),ISNUMBER(T42)),VLOOKUP(ABS(T41-T42),'IMP Table'!$A$2:$C$26,3)*SIGN(T41-T42),0)
B42: ='By Round'!A75 | C42: ='By Round'!B84 | D42: ='By Round'!C84 | E42: ='By Round'!D84 | F42: =IF(ISBLANK('By Round'!F84),"",'By Round'!F84) | G42: =IF(ISBLANK('By Round'!G84),"",'By Round'!G84) | H42: =IF(ISBLANK('By Round'!H84),"",'By Round'!H84) | I42: =IF(ISBLANK('By Round'!I84),"",'By Round'!I84) | J42: =IF(ISBLANK('By Round'!J84),"",'By Round'!J84) | K42: =IF(ISBLANK('By Round'!K84),"",'By Round'!K84) | L42: =IF(ISBLANK('By Round'!L84),"",'By Round'!L84) | M42: =AVERAGE(Y42:Z42) | N42: =AVERAGE(AA42:AB42) | O42: =IF(COUNT(U42:V42)>0,Q42/COUNT(U42:V42),0.5) | P42: =IF(COUNT(W42:X42)>0,R42/COUNT(W42:X42),0.5) | Q42: =SUM(U42:V42) | R42: =SUM(W42:X42) | S42: =IF(ISNUMBER(K42),K42,IF(ISNUMBER(L42),-L42,"")) | T42: =IF(ISNUMBER(L42),L42,IF(ISNUMBER(K42),-K42,"")) | U42: =IF(ISNUMBER(S42),IF(ISNUMBER(S40),IF(S42>S40,1.0,IF(S42=S40,0.5,0.0)),0.5),0.5) | V42: =IF(ISNUMBER(S42),IF(ISNUMBER(S41),IF(S42>S41,1.0,IF(S42=S41,0.5,0.0)),0.5),0.5) | W42: =IF(ISNUMBER(T42),IF(ISNUMBER(T40),IF(T42>T40,1.0,IF(T42=T40,0.5,0.0)),0.5),0.5) | X42: =IF(ISNUMBER(T42),IF(ISNUMBER(T41),IF(T42>T41,1.0,IF(T42=T41,0.5,0.0)),0.5),0.5) | Y42: =IF(AND(ISNUMBER(S42),ISNUMBER(S40)),VLOOKUP(ABS(S42-S40),'IMP Table'!$A$2:$C$26,3)*SIGN(S42-S40),0) | Z42: =IF(AND(ISNUMBER(S42),ISNUMBER(S41)),VLOOKUP(ABS(S42-S41),'IMP Table'!$A$2:$C$26,3)*SIGN(S42-S41),0) | AA42: =IF(AND(ISNUMBER(T42),ISNUMBER(T40)),VLOOKUP(ABS(T42-T40),'IMP Table'!$A$2:$C$26,3)*SIGN(T42-T40),0) | AB42: =IF(AND(ISNUMBER(T42),ISNUMBER(T41)),VLOOKUP(ABS(T42-T41),'IMP Table'!$A$2:$C$26,3)*SIGN(T42-T41),0)
A43: 11 | B43: ='By Round'!A39 | C43: ='By Round'!B39 | D43: ='By Round'!C39 | E43: ='By Round'!D39 | F43: =IF(ISBLANK('By Round'!F40),"",'By Round'!F40) | G43: =IF(ISBLANK('By Round'!G40),"",'By Round'!G40) | H43: =IF(ISBLANK('By Round'!H40),"",'By Round'!H40) | I43: =IF(ISBLANK('By Round'!I40),"",'By Round'!I40) | J43: =IF(ISBLANK('By Round'!J40),"",'By Round'!J40) | K43: =IF(ISBLANK('By Round'!K40),"",'By Round'!K40) | L43: =IF(ISBLANK('By Round'!L40),"",'By Round'!L40) | M43: =IF(ISBLANK('By Round'!M40),"",'By Round'!M40) | ... X43: =IF(ISBLANK('By Round'!X40),"",'By Round'!X40)
B44: ='By Round'!A27 | C44: ='By Round'!B30 | D44: ='By Round'!C30 | E44: ='By Round'!D30 | F44: =IF(ISBLANK('By Round'!F31),"",'By Round'!F31) | G44: =IF(ISBLANK('By Round'!G31),"",'By Round'!G31) | H44: =IF(ISBLANK('By Round'!H31),"",'By Round'!H31) | I44: =IF(ISBLANK('By Round'!I31),"",'By Round'!I31) | J44: =IF(ISBLANK('By Round'!J31),"",'By Round'!J31) | K44: =IF(ISBLANK('By Round'!K31),"",'By Round'!K31) | L44: =IF(ISBLANK('By Round'!L31),"",'By Round'!L31) | M44: =AVERAGE(Y44:Z44) | N44: =AVERAGE(AA44:AB44) | O44: =IF(COUNT(U44:V44)>0,Q44/COUNT(U44:V44),0.5) | P44: =IF(COUNT(W44:X44)>0,R44/COUNT(W44:X44),0.5) | Q44: =SUM(U44:V44) | R44: =SUM(W44:X44) | S44: =IF(ISNUMBER(K44),K44,IF(ISNUMBER(L44),-L44,"")) | T44: =IF(ISNUMBER(L44),L44,IF(ISNUMBER(K44),-K44,"")) | U44: =IF(ISNUMBER(S44),IF(ISNUMBER(S45),IF(S44>S45,1.0,IF(S44=S45,0.5,0.0)),0.5),0.5) | V44: =IF(ISNUMBER(S44),IF(ISNUMBER(S46),IF(S44>S46,1.0,IF(S44=S46,0.5,0.0)),0.5),0.5) | W44: =IF(ISNUMBER(T44),IF(ISNUMBER(T45),IF(T44>T45,1.0,IF(T44=T45,0.5,0.0)),0.5),0.5) | X44: =IF(ISNUMBER(T44),IF(ISNUMBER(T46),IF(T44>T46,1.0,IF(T44=T46,0.5,0.0)),0.5),0.5) | Y44: =IF(AND(ISNUMBER(S44),ISNUMBER(S45)),VLOOKUP(ABS(S44-S45),'IMP Table'!$A$2:$C$26,3)*SIGN(S44-S45),0) | Z44: =IF(AND(ISNUMBER(S44),ISNUMBER(S46)),VLOOKUP(ABS(S44-S46),'IMP Table'!$A$2:$C$26,3)*SIGN(S44-S46),0) | AA44: =IF(AND(ISNUMBER(T44),ISNUMBER(T45)),VLOOKUP(ABS(T44-T45),'IMP Table'!$A$2:$C$26,3)*SIGN(T44-T45),0) | AB44: =IF(AND(ISNUMBER(T44),ISNUMBER(T46)),VLOOKUP(ABS(T44-T46),'IMP Table'!$A$2:$C$26,3)*SIGN(T44-T46),0)
B45: ='By Round'!A15 | C45: ='By Round'!B21 | D45: ='By Round'!C21 | E45: ='By Round'!D21 | F45: =IF(ISBLANK('By Round'!F22),"",'By Round'!F22) | G45: =IF(ISBLANK('By Round'!G22),"",'By Round'!G22) | H45: =IF(ISBLANK('By Round'!H22),"",'By Round'!H22) | I45: =IF(ISBLANK('By Round'!I22),"",'By Round'!I22) | J45: =IF(ISBLANK('By Round'!J22),"",'By Round'!J22) | K45: =IF(ISBLANK('By Round'!K22),"",'By Round'!K22) | L45: =IF(ISBLANK('By Round'!L22),"",'By Round'!L22) | M45: =AVERAGE(Y45:Z45) | N45: =AVERAGE(AA45:AB45) | O45: =IF(COUNT(U45:V45)>0,Q45/COUNT(U45:V45),0.5) | P45: =IF(COUNT(W45:X45)>0,R45/COUNT(W45:X45),0.5) | Q45: =SUM(U45:V45) | R45: =SUM(W45:X45) | S45: =IF(ISNUMBER(K45),K45,IF(ISNUMBER(L45),-L45,"")) | T45: =IF(ISNUMBER(L45),L45,IF(ISNUMBER(K45),-K45,"")) | U45: =IF(ISNUMBER(S45),IF(ISNUMBER(S44),IF(S45>S44,1.0,IF(S45=S44,0.5,0.0)),0.5),0.5) | V45: =IF(ISNUMBER(S45),IF(ISNUMBER(S46),IF(S45>S46,1.0,IF(S45=S46,0.5,0.0)),0.5),0.5) | W45: =IF(ISNUMBER(T45),IF(ISNUMBER(T44),IF(T45>T44,1.0,IF(T45=T44,0.5,0.0)),0.5),0.5) | X45: =IF(ISNUMBER(T45),IF(ISNUMBER(T46),IF(T45>T46,1.0,IF(T45=T46,0.5,0.0)),0.5),0.5) | Y45: =IF(AND(ISNUMBER(S45),ISNUMBER(S44)),VLOOKUP(ABS(S45-S44),'IMP Table'!$A$2:$C$26,3)*SIGN(S45-S44),0) | Z45: =IF(AND(ISNUMBER(S45),ISNUMBER(S46)),VLOOKUP(ABS(S45-S46),'IMP Table'!$A$2:$C$26,3)*SIGN(S45-S46),0) | AA45: =IF(AND(ISNUMBER(T45),ISNUMBER(T44)),VLOOKUP(ABS(T45-T44),'IMP Table'!$A$2:$C$26,3)*SIGN(T45-T44),0) | AB45: =IF(AND(ISNUMBER(T45),ISNUMBER(T46)),VLOOKUP(ABS(T45-T46),'IMP Table'!$A$2:$C$26,3)*SIGN(T45-T46),0)
B46: ='By Round'!A75 | C46: ='By Round'!B84 | D46: ='By Round'!C84 | E46: ='By Round'!D84 | F46: =IF(ISBLANK('By Round'!F85),"",'By Round'!F85) | G46: =IF(ISBLANK('By Round'!G85),"",'By Round'!G85) | H46: =IF(ISBLANK('By Round'!H85),"",'By Round'!H85) | I46: =IF(ISBLANK('By Round'!I85),"",'By Round'!I85) | J46: =IF(ISBLANK('By Round'!J85),"",'By Round'!J85) | K46: =IF(ISBLANK('By Round'!K85),"",'By Round'!K85) | L46: =IF(ISBLANK('By Round'!L85),"",'By Round'!L85) | M46: =AVERAGE(Y46:Z46) | N46: =AVERAGE(AA46:AB46) | O46: =IF(COUNT(U46:V46)>0,Q46/COUNT(U46:V46),0.5) | P46: =IF(COUNT(W46:X46)>0,R46/COUNT(W46:X46),0.5) | Q46: =SUM(U46:V46) | R46: =SUM(W46:X46) | S46: =IF(ISNUMBER(K46),K46,IF(ISNUMBER(L46),-L46,"")) | T46: =IF(ISNUMBER(L46),L46,IF(ISNUMBER(K46),-K46,"")) | U46: =IF(ISNUMBER(S46),IF(ISNUMBER(S44),IF(S46>S44,1.0,IF(S46=S44,0.5,0.0)),0.5),0.5) | V46: =IF(ISNUMBER(S46),IF(ISNUMBER(S45),IF(S46>S45,1.0,IF(S46=S45,0.5,0.0)),0.5),0.5) | W46: =IF(ISNUMBER(T46),IF(ISNUMBER(T44),IF(T46>T44,1.0,IF(T46=T44,0.5,0.0)),0.5),0.5) | X46: =IF(ISNUMBER(T46),IF(ISNUMBER(T45),IF(T46>T45,1.0,IF(T46=T45,0.5,0.0)),0.5),0.5) | Y46: =IF(AND(ISNUMBER(S46),ISNUMBER(S44)),VLOOKUP(ABS(S46-S44),'IMP Table'!$A$2:$C$26,3)*SIGN(S46-S44),0) | Z46: =IF(AND(ISNUMBER(S46),ISNUMBER(S45)),VLOOKUP(ABS(S46-S45),'IMP Table'!$A$2:$C$26,3)*SIGN(S46-S45),0) | AA46: =IF(AND(ISNUMBER(T46),ISNUMBER(T44)),VLOOKUP(ABS(T46-T44),'IMP Table'!$A$2:$C$26,3)*SIGN(T46-T44),0) | AB46: =IF(AND(ISNUMBER(T46),ISNUMBER(T45)),VLOOKUP(ABS(T46-T45),'IMP Table'!$A$2:$C$26,3)*SIGN(T46-T45),0)
A47: 12 | B47: ='By Round'!A39 | C47: ='By Round'!B39 | D47: ='By Round'!C39 | E47: ='By Round'!D39 | F47: =IF(ISBLANK('By Round'!F41),"",'By Round'!F41) | G47: =IF(ISBLANK('By Round'!G41),"",'By Round'!G41) | H47: =IF(ISBLANK('By Round'!H41),"",'By Round'!H41) | I47: =IF(ISBLANK('By Round'!I41),"",'By Round'!I41) | J47: =IF(ISBLANK('By Round'!J41),"",'By Round'!J41) | K47: =IF(ISBLANK('By Round'!K41),"",'By Round'!K41) | L47: =IF(ISBLANK('By Round'!L41),"",'By Round'!L41) | M47: =IF(ISBLANK('By Round'!M41),"",'By Round'!M41) | ... X47: =IF(ISBLANK('By Round'!X41),"",'By Round'!X41)
B48: ='By Round'!A27 | C48: ='By Round'!B30 | D48: ='By Round'!C30 | E48: ='By Round'!D30 | F48: =IF(ISBLANK('By Round'!F32),"",'By Round'!F32) | G48: =IF(ISBLANK('By Round'!G32),"",'By Round'!G32) | H48: =IF(ISBLANK('By Round'!H32),"",'By Round'!H32) | I48: =IF(ISBLANK('By Round'!I32),"",'By Round'!I32) | J48: =IF(ISBLANK('By Round'!J32),"",'By Round'!J32) | K48: =IF(ISBLANK('By Round'!K32),"",'By Round'!K32) | L48: =IF(ISBLANK('By Round'!L32),"",'By Round'!L32) | M48: =AVERAGE(Y48:Z48) | N48: =AVERAGE(AA48:AB48) | O48: =IF(COUNT(U48:V48)>0,Q48/COUNT(U48:V48),0.5) | P48: =IF(COUNT(W48:X48)>0,R48/COUNT(W48:X48),0.5) | Q48: =SUM(U48:V48) | R48: =SUM(W48:X48) | S48: =IF(ISNUMBER(K48),K48,IF(ISNUMBER(L48),-L48,"")) | T48: =IF(ISNUMBER(L48),L48,IF(ISNUMBER(K48),-K48,"")) | U48: =IF(ISNUMBER(S48),IF(ISNUMBER(S49),IF(S48>S49,1.0,IF(S48=S49,0.5,0.0)),0.5),0.5) | V48: =IF(ISNUMBER(S48),IF(ISNUMBER(S50),IF(S48>S50,1.0,IF(S48=S50,0.5,0.0)),0.5),0.5) | W48: =IF(ISNUMBER(T48),IF(ISNUMBER(T49),IF(T48>T49,1.0,IF(T48=T49,0.5,0.0)),0.5),0.5) | X48: =IF(ISNUMBER(T48),IF(ISNUMBER(T50),IF(T48>T50,1.0,IF(T48=T50,0.5,0.0)),0.5),0.5) | Y48: =IF(AND(ISNUMBER(S48),ISNUMBER(S49)),VLOOKUP(ABS(S48-S49),'IMP Table'!$A$2:$C$26,3)*SIGN(S48-S49),0) | Z48: =IF(AND(ISNUMBER(S48),ISNUMBER(S50)),VLOOKUP(ABS(S48-S50),'IMP Table'!$A$2:$C$26,3)*SIGN(S48-S50),0) | AA48: =IF(AND(ISNUMBER(T48),ISNUMBER(T49)),VLOOKUP(ABS(T48-T49),'IMP Table'!$A$2:$C$26,3)*SIGN(T48-T49),0) | AB48: =IF(AND(ISNUMBER(T48),ISNUMBER(T50)),VLOOKUP(ABS(T48-T50),'IMP Table'!$A$2:$C$26,3)*SIGN(T48-T50),0)
B49: ='By Round'!A15 | C49: ='By Round'!B21 | D49: ='By Round'!C21 | E49: ='By Round'!D21 | F49: =IF(ISBLANK('By Round'!F23),"",'By Round'!F23) | G49: =IF(ISBLANK('By Round'!G23),"",'By Round'!G23) | H49: =IF(ISBLANK('By Round'!H23),"",'By Round'!H23) | I49: =IF(ISBLANK('By Round'!I23),"",'By Round'!I23) | J49: =IF(ISBLANK('By Round'!J23),"",'By Round'!J23) | K49: =IF(ISBLANK('By Round'!K23),"",'By Round'!K23) | L49: =IF(ISBLANK('By Round'!L23),"",'By Round'!L23) | M49: =AVERAGE(Y49:Z49) | N49: =AVERAGE(AA49:AB49) | O49: =IF(COUNT(U49:V49)>0,Q49/COUNT(U49:V49),0.5) | P49: =IF(COUNT(W49:X49)>0,R49/COUNT(W49:X49),0.5) | Q49: =SUM(U49:V49) | R49: =SUM(W49:X49) | S49: =IF(ISNUMBER(K49),K49,IF(ISNUMBER(L49),-L49,"")) | T49: =IF(ISNUMBER(L49),L49,IF(ISNUMBER(K49),-K49,"")) | U49: =IF(ISNUMBER(S49),IF(ISNUMBER(S48),IF(S49>S48,1.0,IF(S49=S48,0.5,0.0)),0.5),0.5) | V49: =IF(ISNUMBER(S49),IF(ISNUMBER(S50),IF(S49>S50,1.0,IF(S49=S50,0.5,0.0)),0.5),0.5) | W49: =IF(ISNUMBER(T49),IF(ISNUMBER(T48),IF(T49>T48,1.0,IF(T49=T48,0.5,0.0)),0.5),0.5) | X49: =IF(ISNUMBER(T49),IF(ISNUMBER(T50),IF(T49>T50,1.0,IF(T49=T50,0.5,0.0)),0.5),0.5) | Y49: =IF(AND(ISNUMBER(S49),ISNUMBER(S48)),VLOOKUP(ABS(S49-S48),'IMP Table'!$A$2:$C$26,3)*SIGN(S49-S48),0) | Z49: =IF(AND(ISNUMBER(S49),ISNUMBER(S50)),VLOOKUP(ABS(S49-S50),'IMP Table'!$A$2:$C$26,3)*SIGN(S49-S50),0) | AA49: =IF(AND(ISNUMBER(T49),ISNUMBER(T48)),VLOOKUP(ABS(T49-T48),'IMP Table'!$A$2:$C$26,3)*SIGN(T49-T48),0) | AB49: =IF(AND(ISNUMBER(T49),ISNUMBER(T50)),VLOOKUP(ABS(T49-T50),'IMP Table'!$A$2:$C$26,3)*SIGN(T49-T50),0)
B50: ='By Round'!A75 | C50: ='By Round'!B84 | D50: ='By Round'!C84 | E50: ='By Round'!D84 | F50: =IF(ISBLANK('By Round'!F86),"",'By Round'!F86) | G50: =IF(ISBLANK('By Round'!G86),"",'By Round'!G86) | H50: =IF(ISBLANK('By Round'!H86),"",'By Round'!H86) | I50: =IF(ISBLANK('By Round'!I86),"",'By Round'!I86) | J50: =IF(ISBLANK('By Round'!J86),"",'By Round'!J86) | K50: =IF(ISBLANK('By Round'!K86),"",'By Round'!K86) | L50: =IF(ISBLANK('By Round'!L86),"",'By Round'!L86) | M50: =AVERAGE(Y50:Z50) | N50: =AVERAGE(AA50:AB50) | O50: =IF(COUNT(U50:V50)>0,Q50/COUNT(U50:V50),0.5) | P50: =IF(COUNT(W50:X50)>0,R50/COUNT(W50:X50),0.5) | Q50: =SUM(U50:V50) | R50: =SUM(W50:X50) | S50: =IF(ISNUMBER(K50),K50,IF(ISNUMBER(L50),-L50,"")) | T50: =IF(ISNUMBER(L50),L50,IF(ISNUMBER(K50),-K50,"")) | U50: =IF(ISNUMBER(S50),IF(ISNUMBER(S48),IF(S50>S48,1.0,IF(S50=S48,0.5,0.0)),0.5),0.5) | V50: =IF(ISNUMBER(S50),IF(ISNUMBER(S49),IF(S50>S49,1.0,IF(S50=S49,0.5,0.0)),0.5),0.5) | W50: =IF(ISNUMBER(T50),IF(ISNUMBER(T48),IF(T50>T48,1.0,IF(T50=T48,0.5,0.0)),0.5),0.5) | X50: =IF(ISNUMBER(T50),IF(ISNUMBER(T49),IF(T50>T49,1.0,IF(T50=T49,0.5,0.0)),0.5),0.5) | Y50: =IF(AND(ISNUMBER(S50),ISNUMBER(S48)),VLOOKUP(ABS(S50-S48),'IMP Table'!$A$2:$C$26,3)*SIGN(S50-S48),0) | Z50: =IF(AND(ISNUMBER(S50),ISNUMBER(S49)),VLOOKUP(ABS(S50-S49),'IMP Table'!$A$2:$C$26,3)*SIGN(S50-S49),0) | AA50: =IF(AND(ISNUMBER(T50),ISNUMBER(T48)),VLOOKUP(ABS(T50-T48),'IMP Table'!$A$2:$C$26,3)*SIGN(T50-T48),0) | AB50: =IF(AND(ISNUMBER(T50),ISNUMBER(T49)),VLOOKUP(ABS(T50-T49),'IMP Table'!$A$2:$C$26,3)*SIGN(T50-T49),0)
A51: 13 | B51: ='By Round'!A51 | C51: ='By Round'!B51 | D51: ='By Round'!C51 | E51: ='By Round'!D51 | F51: =IF(ISBLANK('By Round'!F51),"",'By Round'!F51) | G51: =IF(ISBLANK('By Round'!G51),"",'By Round'!G51) | H51: =IF(ISBLANK('By Round'!H51),"",'By Round'!H51) | I51: =IF(ISBLANK('By Round'!I51),"",'By Round'!I51) | J51: =IF(ISBLANK('By Round'!J51),"",'By Round'!J51) | K51: =IF(ISBLANK('By Round'!K51),"",'By Round'!K51) | L51: =IF(ISBLANK('By Round'!L51),"",'By Round'!L51) | M51: =IF(ISBLANK('By Round'!M51),"",'By Round'!M51) | ... X51: =IF(ISBLANK('By Round'!X51),"",'By Round'!X51)
B52: ='By Round'!A39 | C52: ='By Round'!B42 | D52: ='By Round'!C42 | E52: ='By Round'!D42 | F52: =IF(ISBLANK('By Round'!F42),"",'By Round'!F42) | G52: =IF(ISBLANK('By Round'!G42),"",'By Round'!G42) | H52: =IF(ISBLANK('By Round'!H42),"",'By Round'!H42) | I52: =IF(ISBLANK('By Round'!I42),"",'By Round'!I42) | J52: =IF(ISBLANK('By Round'!J42),"",'By Round'!J42) | K52: =IF(ISBLANK('By Round'!K42),"",'By Round'!K42) | L52: =IF(ISBLANK('By Round'!L42),"",'By Round'!L42) | M52: =AVERAGE(Y52:Z52) | N52: =AVERAGE(AA52:AB52) | O52: =IF(COUNT(U52:V52)>0,Q52/COUNT(U52:V52),0.5) | P52: =IF(COUNT(W52:X52)>0,R52/COUNT(W52:X52),0.5) | Q52: =SUM(U52:V52) | R52: =SUM(W52:X52) | S52: =IF(ISNUMBER(K52),K52,IF(ISNUMBER(L52),-L52,"")) | T52: =IF(ISNUMBER(L52),L52,IF(ISNUMBER(K52),-K52,"")) | U52: =IF(ISNUMBER(S52),IF(ISNUMBER(S53),IF(S52>S53,1.0,IF(S52=S53,0.5,0.0)),0.5),0.5) | V52: =IF(ISNUMBER(S52),IF(ISNUMBER(S54),IF(S52>S54,1.0,IF(S52=S54,0.5,0.0)),0.5),0.5) | W52: =IF(ISNUMBER(T52),IF(ISNUMBER(T53),IF(T52>T53,1.0,IF(T52=T53,0.5,0.0)),0.5),0.5) | X52: =IF(ISNUMBER(T52),IF(ISNUMBER(T54),IF(T52>T54,1.0,IF(T52=T54,0.5,0.0)),0.5),0.5) | Y52: =IF(AND(ISNUMBER(S52),ISNUMBER(S53)),VLOOKUP(ABS(S52-S53),'IMP Table'!$A$2:$C$26,3)*SIGN(S52-S53),0) | Z52: =IF(AND(ISNUMBER(S52),ISNUMBER(S54)),VLOOKUP(ABS(S52-S54),'IMP Table'!$A$2:$C$26,3)*SIGN(S52-S54),0) | AA52: =IF(AND(ISNUMBER(T52),ISNUMBER(T53)),VLOOKUP(ABS(T52-T53),'IMP Table'!$A$2:$C$26,3)*SIGN(T52-T53),0) | AB52: =IF(AND(ISNUMBER(T52),ISNUMBER(T54)),VLOOKUP(ABS(T52-T54),'IMP Table'!$A$2:$C$26,3)*SIGN(T52-T54),0)
B53: ='By Round'!A27 | C53: ='By Round'!B33 | D53: ='By Round'!C33 | E53: ='By Round'!D33 | F53: =IF(ISBLANK('By Round'!F33),"",'By Round'!F33) | G53: =IF(ISBLANK('By Round'!G33),"",'By Round'!G33) | H53: =IF(ISBLANK('By Round'!H33),"",'By Round'!H33) | I53: =IF(ISBLANK('By Round'!I33),"",'By Round'!I33) | J53: =IF(ISBLANK('By Round'!J33),"",'By Round'!J33) | K53: =IF(ISBLANK('By Round'!K33),"",'By Round'!K33) | L53: =IF(ISBLANK('By Round'!L33),"",'By Round'!L33) | M53: =AVERAGE(Y53:Z53) | N53: =AVERAGE(AA53:AB53) | O53: =IF(COUNT(U53:V53)>0,Q53/COUNT(U53:V53),0.5) | P53: =IF(COUNT(W53:X53)>0,R53/COUNT(W53:X53),0.5) | Q53: =SUM(U53:V53) | R53: =SUM(W53:X53) | S53: =IF(ISNUMBER(K53),K53,IF(ISNUMBER(L53),-L53,"")) | T53: =IF(ISNUMBER(L53),L53,IF(ISNUMBER(K53),-K53,"")) | U53: =IF(ISNUMBER(S53),IF(ISNUMBER(S52),IF(S53>S52,1.0,IF(S53=S52,0.5,0.0)),0.5),0.5) | V53: =IF(ISNUMBER(S53),IF(ISNUMBER(S54),IF(S53>S54,1.0,IF(S53=S54,0.5,0.0)),0.5),0.5) | W53: =IF(ISNUMBER(T53),IF(ISNUMBER(T52),IF(T53>T52,1.0,IF(T53=T52,0.5,0.0)),0.5),0.5) | X53: =IF(ISNUMBER(T53),IF(ISNUMBER(T54),IF(T53>T54,1.0,IF(T53=T54,0.5,0.0)),0.5),0.5) | Y53: =IF(AND(ISNUMBER(S53),ISNUMBER(S52)),VLOOKUP(ABS(S53-S52),'IMP Table'!$A$2:$C$26,3)*SIGN(S53-S52),0) | Z53: =IF(AND(ISNUMBER(S53),ISNUMBER(S54)),VLOOKUP(ABS(S53-S54),'IMP Table'!$A$2:$C$26,3)*SIGN(S53-S54),0) | AA53: =IF(AND(ISNUMBER(T53),ISNUMBER(T52)),VLOOKUP(ABS(T53-T52),'IMP Table'!$A$2:$C$26,3)*SIGN(T53-T52),0) | AB53: =IF(AND(ISNUMBER(T53),ISNUMBER(T54)),VLOOKUP(ABS(T53-T54),'IMP Table'!$A$2:$C$26,3)*SIGN(T53-T54),0)
B54: ='By Round'!A3 | C54: ='By Round'!B12 | D54: ='By Round'!C12 | E54: ='By Round'!D12 | F54: =IF(ISBLANK('By Round'!F12),"",'By Round'!F12) | G54: =IF(ISBLANK('By Round'!G12),"",'By Round'!G12) | H54: =IF(ISBLANK('By Round'!H12),"",'By Round'!H12) | I54: =IF(ISBLANK('By Round'!I12),"",'By Round'!I12) | J54: =IF(ISBLANK('By Round'!J12),"",'By Round'!J12) | K54: =IF(ISBLANK('By Round'!K12),"",'By Round'!K12) | L54: =IF(ISBLANK('By Round'!L12),"",'By Round'!L12) | M54: =AVERAGE(Y54:Z54) | N54: =AVERAGE(AA54:AB54) | O54: =IF(COUNT(U54:V54)>0,Q54/COUNT(U54:V54),0.5) | P54: =IF(COUNT(W54:X54)>0,R54/COUNT(W54:X54),0.5) | Q54: =SUM(U54:V54) | R54: =SUM(W54:X54) | S54: =IF(ISNUMBER(K54),K54,IF(ISNUMBER(L54),-L54,"")) | T54: =IF(ISNUMBER(L54),L54,IF(ISNUMBER(K54),-K54,"")) | U54: =IF(ISNUMBER(S54),IF(ISNUMBER(S52),IF(S54>S52,1.0,IF(S54=S52,0.5,0.0)),0.5),0.5) | V54: =IF(ISNUMBER(S54),IF(ISNUMBER(S53),IF(S54>S53,1.0,IF(S54=S53,0.5,0.0)),0.5),0.5) | W54: =IF(ISNUMBER(T54),IF(ISNUMBER(T52),IF(T54>T52,1.0,IF(T54=T52,0.5,0.0)),0.5),0.5) | X54: =IF(ISNUMBER(T54),IF(ISNUMBER(T53),IF(T54>T53,1.0,IF(T54=T53,0.5,0.0)),0.5),0.5) | Y54: =IF(AND(ISNUMBER(S54),ISNUMBER(S52)),VLOOKUP(ABS(S54-S52),'IMP Table'!$A$2:$C$26,3)*SIGN(S54-S52),0) | Z54: =IF(AND(ISNUMBER(S54),ISNUMBER(S53)),VLOOKUP(ABS(S54-S53),'IMP Table'!$A$2:$C$26,3)*SIGN(S54-S53),0) | AA54: =IF(AND(ISNUMBER(T54),ISNUMBER(T52)),VLOOKUP(ABS(T54-T52),'IMP Table'!$A$2:$C$26,3)*SIGN(T54-T52),0) | AB54: =IF(AND(ISNUMBER(T54),ISNUMBER(T53)),VLOOKUP(ABS(T54-T53),'IMP Table'!$A$2:$C$26,3)*SIGN(T54-T53),0)
A55: 14 | B55: ='By Round'!A51 | C55: ='By Round'!B51 | D55: ='By Round'!C51 | E55: ='By Round'!D51 | F55: =IF(ISBLANK('By Round'!F52),"",'By Round'!F52) | G55: =IF(ISBLANK('By Round'!G52),"",'By Round'!G52) | H55: =IF(ISBLANK('By Round'!H52),"",'By Round'!H52) | I55: =IF(ISBLANK('By Round'!I52),"",'By Round'!I52) | J55: =IF(ISBLANK('By Round'!J52),"",'By Round'!J52) | K55: =IF(ISBLANK('By Round'!K52),"",'By Round'!K52) | L55: =IF(ISBLANK('By Round'!L52),"",'By Round'!L52) | M55: =IF(ISBLANK('By Round'!M52),"",'By Round'!M52) | ... X55: =IF(ISBLANK('By Round'!X52),"",'By Round'!X52)
B56: ='By Round'!A39 | C56: ='By Round'!B42 | D56: ='By Round'!C42 | E56: ='By Round'!D42 | F56: =IF(ISBLANK('By Round'!F43),"",'By Round'!F43) | G56: =IF(ISBLANK('By Round'!G43),"",'By Round'!G43) | H56: =IF(ISBLANK('By Round'!H43),"",'By Round'!H43) | I56: =IF(ISBLANK('By Round'!I43),"",'By Round'!I43) | J56: =IF(ISBLANK('By Round'!J43),"",'By Round'!J43) | K56: =IF(ISBLANK('By Round'!K43),"",'By Round'!K43) | L56: =IF(ISBLANK('By Round'!L43),"",'By Round'!L43) | M56: =AVERAGE(Y56:Z56) | N56: =AVERAGE(AA56:AB56) | O56: =IF(COUNT(U56:V56)>0,Q56/COUNT(U56:V56),0.5) | P56: =IF(COUNT(W56:X56)>0,R56/COUNT(W56:X56),0.5) | Q56: =SUM(U56:V56) | R56: =SUM(W56:X56) | S56: =IF(ISNUMBER(K56),K56,IF(ISNUMBER(L56),-L56,"")) | T56: =IF(ISNUMBER(L56),L56,IF(ISNUMBER(K56),-K56,"")) | U56: =IF(ISNUMBER(S56),IF(ISNUMBER(S57),IF(S56>S57,1.0,IF(S56=S57,0.5,0.0)),0.5),0.5) | V56: =IF(ISNUMBER(S56),IF(ISNUMBER(S58),IF(S56>S58,1.0,IF(S56=S58,0.5,0.0)),0.5),0.5) | W56: =IF(ISNUMBER(T56),IF(ISNUMBER(T57),IF(T56>T57,1.0,IF(T56=T57,0.5,0.0)),0.5),0.5) | X56: =IF(ISNUMBER(T56),IF(ISNUMBER(T58),IF(T56>T58,1.0,IF(T56=T58,0.5,0.0)),0.5),0.5) | Y56: =IF(AND(ISNUMBER(S56),ISNUMBER(S57)),VLOOKUP(ABS(S56-S57),'IMP Table'!$A$2:$C$26,3)*SIGN(S56-S57),0) | Z56: =IF(AND(ISNUMBER(S56),ISNUMBER(S58)),VLOOKUP(ABS(S56-S58),'IMP Table'!$A$2:$C$26,3)*SIGN(S56-S58),0) | AA56: =IF(AND(ISNUMBER(T56),ISNUMBER(T57)),VLOOKUP(ABS(T56-T57),'IMP Table'!$A$2:$C$26,3)*SIGN(T56-T57),0) | AB56: =IF(AND(ISNUMBER(T56),ISNUMBER(T58)),VLOOKUP(ABS(T56-T58),'IMP Table'!$A$2:$C$26,3)*SIGN(T56-T58),0)
B57: ='By Round'!A27 | C57: ='By Round'!B33 | D57: ='By Round'!C33 | E57: ='By Round'!D33 | F57: =IF(ISBLANK('By Round'!F34),"",'By Round'!F34) | G57: =IF(ISBLANK('By Round'!G34),"",'By Round'!G34) | H57: =IF(ISBLANK('By Round'!H34),"",'By Round'!H34) | I57: =IF(ISBLANK('By Round'!I34),"",'By Round'!I34) | J57: =IF(ISBLANK('By Round'!J34),"",'By Round'!J34) | K57: =IF(ISBLANK('By Round'!K34),"",'By Round'!K34) | L57: =IF(ISBLANK('By Round'!L34),"",'By Round'!L34) | M57: =AVERAGE(Y57:Z57) | N57: =AVERAGE(AA57:AB57) | O57: =IF(COUNT(U57:V57)>0,Q57/COUNT(U57:V57),0.5) | P57: =IF(COUNT(W57:X57)>0,R57/COUNT(W57:X57),0.5) | Q57: =SUM(U57:V57) | R57: =SUM(W57:X57) | S57: =IF(ISNUMBER(K57),K57,IF(ISNUMBER(L57),-L57,"")) | T57: =IF(ISNUMBER(L57),L57,IF(ISNUMBER(K57),-K57,"")) | U57: =IF(ISNUMBER(S57),IF(ISNUMBER(S56),IF(S57>S56,1.0,IF(S57=S56,0.5,0.0)),0.5),0.5) | V57: =IF(ISNUMBER(S57),IF(ISNUMBER(S58),IF(S57>S58,1.0,IF(S57=S58,0.5,0.0)),0.5),0.5) | W57: =IF(ISNUMBER(T57),IF(ISNUMBER(T56),IF(T57>T56,1.0,IF(T57=T56,0.5,0.0)),0.5),0.5) | X57: =IF(ISNUMBER(T57),IF(ISNUMBER(T58),IF(T57>T58,1.0,IF(T57=T58,0.5,0.0)),0.5),0.5) | Y57: =IF(AND(ISNUMBER(S57),ISNUMBER(S56)),VLOOKUP(ABS(S57-S56),'IMP Table'!$A$2:$C$26,3)*SIGN(S57-S56),0) | Z57: =IF(AND(ISNUMBER(S57),ISNUMBER(S58)),VLOOKUP(ABS(S57-S58),'IMP Table'!$A$2:$C$26,3)*SIGN(S57-S58),0) | AA57: =IF(AND(ISNUMBER(T57),ISNUMBER(T56)),VLOOKUP(ABS(T57-T56),'IMP Table'!$A$2:$C$26,3)*SIGN(T57-T56),0) | AB57: =IF(AND(ISNUMBER(T57),ISNUMBER(T58)),VLOOKUP(ABS(T57-T58),'IMP Table'!$A$2:$C$26,3)*SIGN(T57-T58),0)
B58: ='By Round'!A3 | C58: ='By Round'!B12 | D58: ='By Round'!C12 | E58: ='By Round'!D12 | F58: =IF(ISBLANK('By Round'!F13),"",'By Round'!F13) | G58: =IF(ISBLANK('By Round'!G13),"",'By Round'!G13) | H58: =IF(ISBLANK('By Round'!H13),"",'By Round'!H13) | I58: =IF(ISBLANK('By Round'!I13),"",'By Round'!I13) | J58: =IF(ISBLANK('By Round'!J13),"",'By Round'!J13) | K58: =IF(ISBLANK('By Round'!K13),"",'By Round'!K13) | L58: =IF(ISBLANK('By Round'!L13),"",'By Round'!L13) | M58: =AVERAGE(Y58:Z58) | N58: =AVERAGE(AA58:AB58) | O58: =IF(COUNT(U58:V58)>0,Q58/COUNT(U58:V58),0.5) | P58: =IF(COUNT(W58:X58)>0,R58/COUNT(W58:X58),0.5) | Q58: =SUM(U58:V58) | R58: =SUM(W58:X58) | S58: =IF(ISNUMBER(K58),K58,IF(ISNUMBER(L58),-L58,"")) | T58: =IF(ISNUMBER(L58),L58,IF(ISNUMBER(K58),-K58,"")) | U58: =IF(ISNUMBER(S58),IF(ISNUMBER(S56),IF(S58>S56,1.0,IF(S58=S56,0.5,0.0)),0.5),0.5) | V58: =IF(ISNUMBER(S58),IF(ISNUMBER(S57),IF(S58>S57,1.0,IF(S58=S57,0.5,0.0)),0.5),0.5) | W58: =IF(ISNUMBER(T58),IF(ISNUMBER(T56),IF(T58>T56,1.0,IF(T58=T56,0.5,0.0)),0.5),0.5) | X58: =IF(ISNUMBER(T58),IF(ISNUMBER(T57),IF(T58>T57,1.0,IF(T58=T57,0.5,0.0)),0.5),0.5) | Y58: =IF(AND(ISNUMBER(S58),ISNUMBER(S56)),VLOOKUP(ABS(S58-S56),'IMP Table'!$A$2:$C$26,3)*SIGN(S58-S56),0) | Z58: =IF(AND(ISNUMBER(S58),ISNUMBER(S57)),VLOOKUP(ABS(S58-S57),'IMP Table'!$A$2:$C$26,3)*SIGN(S58-S57),0) | AA58: =IF(AND(ISNUMBER(T58),ISNUMBER(T56)),VLOOKUP(ABS(T58-T56),'IMP Table'!$A$2:$C$26,3)*SIGN(T58-T56),0) | AB58: =IF(AND(ISNUMBER(T58),ISNUMBER(T57)),VLOOKUP(ABS(T58-T57),'IMP Table'!$A$2:$C$26,3)*SIGN(T58-T57),0)
A59: 15 | B59: ='By Round'!A51 | C59: ='By Round'!B51 | D59: ='By Round'!C51 | E59: ='By Round'!D51 | F59: =IF(ISBLANK('By Round'!F53),"",'By Round'!F53) | G59: =IF(ISBLANK('By Round'!G53),"",'By Round'!G53) | H59: =IF(ISBLANK('By Round'!H53),"",'By Round'!H53) | I59: =IF(ISBLANK('By Round'!I53),"",'By Round'!I53) | J59: =IF(ISBLANK('By Round'!J53),"",'By Round'!J53) | K59: =IF(ISBLANK('By Round'!K53),"",'By Round'!K53) | L59: =IF(ISBLANK('By Round'!L53),"",'By Round'!L53) | M59: =IF(ISBLANK('By Round'!M53),"",'By Round'!M53) | ... X59: =IF(ISBLANK('By Round'!X53),"",'By Round'!X53)
B60: ='By Round'!A39 | C60: ='By Round'!B42 | D60: ='By Round'!C42 | E60: ='By Round'!D42 | F60: =IF(ISBLANK('By Round'!F44),"",'By Round'!F44) | G60: =IF(ISBLANK('By Round'!G44),"",'By Round'!G44) | H60: =IF(ISBLANK('By Round'!H44),"",'By Round'!H44) | I60: =IF(ISBLANK('By Round'!I44),"",'By Round'!I44) | J60: =IF(ISBLANK('By Round'!J44),"",'By Round'!J44) | K60: =IF(ISBLANK('By Round'!K44),"",'By Round'!K44) | L60: =IF(ISBLANK('By Round'!L44),"",'By Round'!L44) | M60: =AVERAGE(Y60:Z60) | N60: =AVERAGE(AA60:AB60) | O60: =IF(COUNT(U60:V60)>0,Q60/COUNT(U60:V60),0.5) | P60: =IF(COUNT(W60:X60)>0,R60/COUNT(W60:X60),0.5) | Q60: =SUM(U60:V60) | R60: =SUM(W60:X60) | S60: =IF(ISNUMBER(K60),K60,IF(ISNUMBER(L60),-L60,"")) | T60: =IF(ISNUMBER(L60),L60,IF(ISNUMBER(K60),-K60,"")) | U60: =IF(ISNUMBER(S60),IF(ISNUMBER(S61),IF(S60>S61,1.0,IF(S60=S61,0.5,0.0)),0.5),0.5) | V60: =IF(ISNUMBER(S60),IF(ISNUMBER(S62),IF(S60>S62,1.0,IF(S60=S62,0.5,0.0)),0.5),0.5) | W60: =IF(ISNUMBER(T60),IF(ISNUMBER(T61),IF(T60>T61,1.0,IF(T60=T61,0.5,0.0)),0.5),0.5) | X60: =IF(ISNUMBER(T60),IF(ISNUMBER(T62),IF(T60>T62,1.0,IF(T60=T62,0.5,0.0)),0.5),0.5) | Y60: =IF(AND(ISNUMBER(S60),ISNUMBER(S61)),VLOOKUP(ABS(S60-S61),'IMP Table'!$A$2:$C$26,3)*SIGN(S60-S61),0) | Z60: =IF(AND(ISNUMBER(S60),ISNUMBER(S62)),VLOOKUP(ABS(S60-S62),'IMP Table'!$A$2:$C$26,3)*SIGN(S60-S62),0) | AA60: =IF(AND(ISNUMBER(T60),ISNUMBER(T61)),VLOOKUP(ABS(T60-T61),'IMP Table'!$A$2:$C$26,3)*SIGN(T60-T61),0) | AB60: =IF(AND(ISNUMBER(T60),ISNUMBER(T62)),VLOOKUP(ABS(T60-T62),'IMP Table'!$A$2:$C$26,3)*SIGN(T60-T62),0)
B61: ='By Round'!A27 | C61: ='By Round'!B33 | D61: ='By Round'!C33 | E61: ='By Round'!D33 | F61: =IF(ISBLANK('By Round'!F35),"",'By Round'!F35) | G61: =IF(ISBLANK('By Round'!G35),"",'By Round'!G35) | H61: =IF(ISBLANK('By Round'!H35),"",'By Round'!H35) | I61: =IF(ISBLANK('By Round'!I35),"",'By Round'!I35) | J61: =IF(ISBLANK('By Round'!J35),"",'By Round'!J35) | K61: =IF(ISBLANK('By Round'!K35),"",'By Round'!K35) | L61: =IF(ISBLANK('By Round'!L35),"",'By Round'!L35) | M61: =AVERAGE(Y61:Z61) | N61: =AVERAGE(AA61:AB61) | O61: =IF(COUNT(U61:V61)>0,Q61/COUNT(U61:V61),0.5) | P61: =IF(COUNT(W61:X61)>0,R61/COUNT(W61:X61),0.5) | Q61: =SUM(U61:V61) | R61: =SUM(W61:X61) | S61: =IF(ISNUMBER(K61),K61,IF(ISNUMBER(L61),-L61,"")) | T61: =IF(ISNUMBER(L61),L61,IF(ISNUMBER(K61),-K61,"")) | U61: =IF(ISNUMBER(S61),IF(ISNUMBER(S60),IF(S61>S60,1.0,IF(S61=S60,0.5,0.0)),0.5),0.5) | V61: =IF(ISNUMBER(S61),IF(ISNUMBER(S62),IF(S61>S62,1.0,IF(S61=S62,0.5,0.0)),0.5),0.5) | W61: =IF(ISNUMBER(T61),IF(ISNUMBER(T60),IF(T61>T60,1.0,IF(T61=T60,0.5,0.0)),0.5),0.5) | X61: =IF(ISNUMBER(T61),IF(ISNUMBER(T62),IF(T61>T62,1.0,IF(T61=T62,0.5,0.0)),0.5),0.5) | Y61: =IF(AND(ISNUMBER(S61),ISNUMBER(S60)),VLOOKUP(ABS(S61-S60),'IMP Table'!$A$2:$C$26,3)*SIGN(S61-S60),0) | Z61: =IF(AND(ISNUMBER(S61),ISNUMBER(S62)),VLOOKUP(ABS(S61-S62),'IMP Table'!$A$2:$C$26,3)*SIGN(S61-S62),0) | AA61: =IF(AND(ISNUMBER(T61),ISNUMBER(T60)),VLOOKUP(ABS(T61-T60),'IMP Table'!$A$2:$C$26,3)*SIGN(T61-T60),0) | AB61: =IF(AND(ISNUMBER(T61),ISNUMBER(T62)),VLOOKUP(ABS(T61-T62),'IMP Table'!$A$2:$C$26,3)*SIGN(T61-T62),0)
B62: ='By Round'!A3 | C62: ='By Round'!B12 | D62: ='By Round'!C12 | E62: ='By Round'!D12 | F62: =IF(ISBLANK('By Round'!F14),"",'By Round'!F14) | G62: =IF(ISBLANK('By Round'!G14),"",'By Round'!G14) | H62: =IF(ISBLANK('By Round'!H14),"",'By Round'!H14) | I62: =IF(ISBLANK('By Round'!I14),"",'By Round'!I14) | J62: =IF(ISBLANK('By Round'!J14),"",'By Round'!J14) | K62: =IF(ISBLANK('By Round'!K14),"",'By Round'!K14) | L62: =IF(ISBLANK('By Round'!L14),"",'By Round'!L14) | M62: =AVERAGE(Y62:Z62) | N62: =AVERAGE(AA62:AB62) | O62: =IF(COUNT(U62:V62)>0,Q62/COUNT(U62:V62),0.5) | P62: =IF(COUNT(W62:X62)>0,R62/COUNT(W62:X62),0.5) | Q62: =SUM(U62:V62) | R62: =SUM(W62:X62) | S62: =IF(ISNUMBER(K62),K62,IF(ISNUMBER(L62),-L62,"")) | T62: =IF(ISNUMBER(L62),L62,IF(ISNUMBER(K62),-K62,"")) | U62: =IF(ISNUMBER(S62),IF(ISNUMBER(S60),IF(S62>S60,1.0,IF(S62=S60,0.5,0.0)),0.5),0.5) | V62: =IF(ISNUMBER(S62),IF(ISNUMBER(S61),IF(S62>S61,1.0,IF(S62=S61,0.5,0.0)),0.5),0.5) | W62: =IF(ISNUMBER(T62),IF(ISNUMBER(T60),IF(T62>T60,1.0,IF(T62=T60,0.5,0.0)),0.5),0.5) | X62: =IF(ISNUMBER(T62),IF(ISNUMBER(T61),IF(T62>T61,1.0,IF(T62=T61,0.5,0.0)),0.5),0.5) | Y62: =IF(AND(ISNUMBER(S62),ISNUMBER(S60)),VLOOKUP(ABS(S62-S60),'IMP Table'!$A$2:$C$26,3)*SIGN(S62-S60),0) | Z62: =IF(AND(ISNUMBER(S62),ISNUMBER(S61)),VLOOKUP(ABS(S62-S61),'IMP Table'!$A$2:$C$26,3)*SIGN(S62-S61),0) | AA62: =IF(AND(ISNUMBER(T62),ISNUMBER(T60)),VLOOKUP(ABS(T62-T60),'IMP Table'!$A$2:$C$26,3)*SIGN(T62-T60),0) | AB62: =IF(AND(ISNUMBER(T62),ISNUMBER(T61)),VLOOKUP(ABS(T62-T61),'IMP Table'!$A$2:$C$26,3)*SIGN(T62-T61),0)
A63: 16 | B63: ='By Round'!A63 | C63: ='By Round'!B63 | D63: ='By Round'!C63 | E63: ='By Round'!D63 | F63: =IF(ISBLANK('By Round'!F63),"",'By Round'!F63) | G63: =IF(ISBLANK('By Round'!G63),"",'By Round'!G63) | H63: =IF(ISBLANK('By Round'!H63),"",'By Round'!H63) | I63: =IF(ISBLANK('By Round'!I63),"",'By Round'!I63) | J63: =IF(ISBLANK('By Round'!J63),"",'By Round'!J63) | K63: =IF(ISBLANK('By Round'!K63),"",'By Round'!K63) | L63: =IF(ISBLANK('By Round'!L63),"",'By Round'!L63) | M63: =IF(ISBLANK('By Round'!M63),"",'By Round'!M63) | ... X63: =IF(ISBLANK('By Round'!X63),"",'By Round'!X63)
B64: ='By Round'!A15 | C64: ='By Round'!B24 | D64: ='By Round'!C24 | E64: ='By Round'!D24 | F64: =IF(ISBLANK('By Round'!F24),"",'By Round'!F24) | G64: =IF(ISBLANK('By Round'!G24),"",'By Round'!G24) | H64: =IF(ISBLANK('By Round'!H24),"",'By Round'!H24) | I64: =IF(ISBLANK('By Round'!I24),"",'By Round'!I24) | J64: =IF(ISBLANK('By Round'!J24),"",'By Round'!J24) | K64: =IF(ISBLANK('By Round'!K24),"",'By Round'!K24) | L64: =IF(ISBLANK('By Round'!L24),"",'By Round'!L24) | M64: =AVERAGE(Y64:Z64) | N64: =AVERAGE(AA64:AB64) | O64: =IF(COUNT(U64:V64)>0,Q64/COUNT(U64:V64),0.5) | P64: =IF(COUNT(W64:X64)>0,R64/COUNT(W64:X64),0.5) | Q64: =SUM(U64:V64) | R64: =SUM(W64:X64) | S64: =IF(ISNUMBER(K64),K64,IF(ISNUMBER(L64),-L64,"")) | T64: =IF(ISNUMBER(L64),L64,IF(ISNUMBER(K64),-K64,"")) | U64: =IF(ISNUMBER(S64),IF(ISNUMBER(S65),IF(S64>S65,1.0,IF(S64=S65,0.5,0.0)),0.5),0.5) | V64: =IF(ISNUMBER(S64),IF(ISNUMBER(S66),IF(S64>S66,1.0,IF(S64=S66,0.5,0.0)),0.5),0.5) | W64: =IF(ISNUMBER(T64),IF(ISNUMBER(T65),IF(T64>T65,1.0,IF(T64=T65,0.5,0.0)),0.5),0.5) | X64: =IF(ISNUMBER(T64),IF(ISNUMBER(T66),IF(T64>T66,1.0,IF(T64=T66,0.5,0.0)),0.5),0.5) | Y64: =IF(AND(ISNUMBER(S64),ISNUMBER(S65)),VLOOKUP(ABS(S64-S65),'IMP Table'!$A$2:$C$26,3)*SIGN(S64-S65),0) | Z64: =IF(AND(ISNUMBER(S64),ISNUMBER(S66)),VLOOKUP(ABS(S64-S66),'IMP Table'!$A$2:$C$26,3)*SIGN(S64-S66),0) | AA64: =IF(AND(ISNUMBER(T64),ISNUMBER(T65)),VLOOKUP(ABS(T64-T65),'IMP Table'!$A$2:$C$26,3)*SIGN(T64-T65),0) | AB64: =IF(AND(ISNUMBER(T64),ISNUMBER(T66)),VLOOKUP(ABS(T64-T66),'IMP Table'!$A$2:$C$26,3)*SIGN(T64-T66),0)
B65: ='By Round'!A51 | C65: ='By Round'!B54 | D65: ='By Round'!C54 | E65: ='By Round'!D54 | F65: =IF(ISBLANK('By Round'!F54),"",'By Round'!F54) | G65: =IF(ISBLANK('By Round'!G54),"",'By Round'!G54) | H65: =IF(ISBLANK('By Round'!H54),"",'By Round'!H54) | I65: =IF(ISBLANK('By Round'!I54),"",'By Round'!I54) | J65: =IF(ISBLANK('By Round'!J54),"",'By Round'!J54) | K65: =IF(ISBLANK('By Round'!K54),"",'By Round'!K54) | L65: =IF(ISBLANK('By Round'!L54),"",'By Round'!L54) | M65: =AVERAGE(Y65:Z65) | N65: =AVERAGE(AA65:AB65) | O65: =IF(COUNT(U65:V65)>0,Q65/COUNT(U65:V65),0.5) | P65: =IF(COUNT(W65:X65)>0,R65/COUNT(W65:X65),0.5) | Q65: =SUM(U65:V65) | R65: =SUM(W65:X65) | S65: =IF(ISNUMBER(K65),K65,IF(ISNUMBER(L65),-L65,"")) | T65: =IF(ISNUMBER(L65),L65,IF(ISNUMBER(K65),-K65,"")) | U65: =IF(ISNUMBER(S65),IF(ISNUMBER(S64),IF(S65>S64,1.0,IF(S65=S64,0.5,0.0)),0.5),0.5) | V65: =IF(ISNUMBER(S65),IF(ISNUMBER(S66),IF(S65>S66,1.0,IF(S65=S66,0.5,0.0)),0.5),0.5) | W65: =IF(ISNUMBER(T65),IF(ISNUMBER(T64),IF(T65>T64,1.0,IF(T65=T64,0.5,0.0)),0.5),0.5) | X65: =IF(ISNUMBER(T65),IF(ISNUMBER(T66),IF(T65>T66,1.0,IF(T65=T66,0.5,0.0)),0.5),0.5) | Y65: =IF(AND(ISNUMBER(S65),ISNUMBER(S64)),VLOOKUP(ABS(S65-S64),'IMP Table'!$A$2:$C$26,3)*SIGN(S65-S64),0) | Z65: =IF(AND(ISNUMBER(S65),ISNUMBER(S66)),VLOOKUP(ABS(S65-S66),'IMP Table'!$A$2:$C$26,3)*SIGN(S65-S66),0) | AA65: =IF(AND(ISNUMBER(T65),ISNUMBER(T64)),VLOOKUP(ABS(T65-T64),'IMP Table'!$A$2:$C$26,3)*SIGN(T65-T64),0) | AB65: =IF(AND(ISNUMBER(T65),ISNUMBER(T66)),VLOOKUP(ABS(T65-T66),'IMP Table'!$A$2:$C$26,3)*SIGN(T65-T66),0)
B66: ='By Round'!A39 | C66: ='By Round'!B45 | D66: ='By Round'!C45 | E66: ='By Round'!D45 | F66: =IF(ISBLANK('By Round'!F45),"",'By Round'!F45) | G66: =IF(ISBLANK('By Round'!G45),"",'By Round'!G45) | H66: =IF(ISBLANK('By Round'!H45),"",'By Round'!H45) | I66: =IF(ISBLANK('By Round'!I45),"",'By Round'!I45) | J66: =IF(ISBLANK('By Round'!J45),"",'By Round'!J45) | K66: =IF(ISBLANK('By Round'!K45),"",'By Round'!K45) | L66: =IF(ISBLANK('By Round'!L45),"",'By Round'!L45) | M66: =AVERAGE(Y66:Z66) | N66: =AVERAGE(AA66:AB66) | O66: =IF(COUNT(U66:V66)>0,Q66/COUNT(U66:V66),0.5) | P66: =IF(COUNT(W66:X66)>0,R66/COUNT(W66:X66),0.5) | Q66: =SUM(U66:V66) | R66: =SUM(W66:X66) | S66: =IF(ISNUMBER(K66),K66,IF(ISNUMBER(L66),-L66,"")) | T66: =IF(ISNUMBER(L66),L66,IF(ISNUMBER(K66),-K66,"")) | U66: =IF(ISNUMBER(S66),IF(ISNUMBER(S64),IF(S66>S64,1.0,IF(S66=S64,0.5,0.0)),0.5),0.5) | V66: =IF(ISNUMBER(S66),IF(ISNUMBER(S65),IF(S66>S65,1.0,IF(S66=S65,0.5,0.0)),0.5),0.5) | W66: =IF(ISNUMBER(T66),IF(ISNUMBER(T64),IF(T66>T64,1.0,IF(T66=T64,0.5,0.0)),0.5),0.5) | X66: =IF(ISNUMBER(T66),IF(ISNUMBER(T65),IF(T66>T65,1.0,IF(T66=T65,0.5,0.0)),0.5),0.5) | Y66: =IF(AND(ISNUMBER(S66),ISNUMBER(S64)),VLOOKUP(ABS(S66-S64),'IMP Table'!$A$2:$C$26,3)*SIGN(S66-S64),0) | Z66: =IF(AND(ISNUMBER(S66),ISNUMBER(S65)),VLOOKUP(ABS(S66-S65),'IMP Table'!$A$2:$C$26,3)*SIGN(S66-S65),0) | AA66: =IF(AND(ISNUMBER(T66),ISNUMBER(T64)),VLOOKUP(ABS(T66-T64),'IMP Table'!$A$2:$C$26,3)*SIGN(T66-T64),0) | AB66: =IF(AND(ISNUMBER(T66),ISNUMBER(T65)),VLOOKUP(ABS(T66-T65),'IMP Table'!$A$2:$C$26,3)*SIGN(T66-T65),0)
A67: 17 | B67: ='By Round'!A63 | C67: ='By Round'!B63 | D67: ='By Round'!C63 | E67: ='By Round'!D63 | F67: =IF(ISBLANK('By Round'!F64),"",'By Round'!F64) | G67: =IF(ISBLANK('By Round'!G64),"",'By Round'!G64) | H67: =IF(ISBLANK('By Round'!H64),"",'By Round'!H64) | I67: =IF(ISBLANK('By Round'!I64),"",'By Round'!I64) | J67: =IF(ISBLANK('By Round'!J64),"",'By Round'!J64) | K67: =IF(ISBLANK('By Round'!K64),"",'By Round'!K64) | L67: =IF(ISBLANK('By Round'!L64),"",'By Round'!L64) | M67: =IF(ISBLANK('By Round'!M64),"",'By Round'!M64) | ... X67: =IF(ISBLANK('By Round'!X64),"",'By Round'!X64)
B68: ='By Round'!A15 | C68: ='By Round'!B24 | D68: ='By Round'!C24 | E68: ='By Round'!D24 | F68: =IF(ISBLANK('By Round'!F25),"",'By Round'!F25) | G68: =IF(ISBLANK('By Round'!G25),"",'By Round'!G25) | H68: =IF(ISBLANK('By Round'!H25),"",'By Round'!H25) | I68: =IF(ISBLANK('By Round'!I25),"",'By Round'!I25) | J68: =IF(ISBLANK('By Round'!J25),"",'By Round'!J25) | K68: =IF(ISBLANK('By Round'!K25),"",'By Round'!K25) | L68: =IF(ISBLANK('By Round'!L25),"",'By Round'!L25) | M68: =AVERAGE(Y68:Z68) | N68: =AVERAGE(AA68:AB68) | O68: =IF(COUNT(U68:V68)>0,Q68/COUNT(U68:V68),0.5) | P68: =IF(COUNT(W68:X68)>0,R68/COUNT(W68:X68),0.5) | Q68: =SUM(U68:V68) | R68: =SUM(W68:X68) | S68: =IF(ISNUMBER(K68),K68,IF(ISNUMBER(L68),-L68,"")) | T68: =IF(ISNUMBER(L68),L68,IF(ISNUMBER(K68),-K68,"")) | U68: =IF(ISNUMBER(S68),IF(ISNUMBER(S69),IF(S68>S69,1.0,IF(S68=S69,0.5,0.0)),0.5),0.5) | V68: =IF(ISNUMBER(S68),IF(ISNUMBER(S70),IF(S68>S70,1.0,IF(S68=S70,0.5,0.0)),0.5),0.5) | W68: =IF(ISNUMBER(T68),IF(ISNUMBER(T69),IF(T68>T69,1.0,IF(T68=T69,0.5,0.0)),0.5),0.5) | X68: =IF(ISNUMBER(T68),IF(ISNUMBER(T70),IF(T68>T70,1.0,IF(T68=T70,0.5,0.0)),0.5),0.5) | Y68: =IF(AND(ISNUMBER(S68),ISNUMBER(S69)),VLOOKUP(ABS(S68-S69),'IMP Table'!$A$2:$C$26,3)*SIGN(S68-S69),0) | Z68: =IF(AND(ISNUMBER(S68),ISNUMBER(S70)),VLOOKUP(ABS(S68-S70),'IMP Table'!$A$2:$C$26,3)*SIGN(S68-S70),0) | AA68: =IF(AND(ISNUMBER(T68),ISNUMBER(T69)),VLOOKUP(ABS(T68-T69),'IMP Table'!$A$2:$C$26,3)*SIGN(T68-T69),0) | AB68: =IF(AND(ISNUMBER(T68),ISNUMBER(T70)),VLOOKUP(ABS(T68-T70),'IMP Table'!$A$2:$C$26,3)*SIGN(T68-T70),0)
B69: ='By Round'!A51 | C69: ='By Round'!B54 | D69: ='By Round'!C54 | E69: ='By Round'!D54 | F69: =IF(ISBLANK('By Round'!F55),"",'By Round'!F55) | G69: =IF(ISBLANK('By Round'!G55),"",'By Round'!G55) | H69: =IF(ISBLANK('By Round'!H55),"",'By Round'!H55) | I69: =IF(ISBLANK('By Round'!I55),"",'By Round'!I55) | J69: =IF(ISBLANK('By Round'!J55),"",'By Round'!J55) | K69: =IF(ISBLANK('By Round'!K55),"",'By Round'!K55) | L69: =IF(ISBLANK('By Round'!L55),"",'By Round'!L55) | M69: =AVERAGE(Y69:Z69) | N69: =AVERAGE(AA69:AB69) | O69: =IF(COUNT(U69:V69)>0,Q69/COUNT(U69:V69),0.5) | P69: =IF(COUNT(W69:X69)>0,R69/COUNT(W69:X69),0.5) | Q69: =SUM(U69:V69) | R69: =SUM(W69:X69) | S69: =IF(ISNUMBER(K69),K69,IF(ISNUMBER(L69),-L69,"")) | T69: =IF(ISNUMBER(L69),L69,IF(ISNUMBER(K69),-K69,"")) | U69: =IF(ISNUMBER(S69),IF(ISNUMBER(S68),IF(S69>S68,1.0,IF(S69=S68,0.5,0.0)),0.5),0.5) | V69: =IF(ISNUMBER(S69),IF(ISNUMBER(S70),IF(S69>S70,1.0,IF(S69=S70,0.5,0.0)),0.5),0.5) | W69: =IF(ISNUMBER(T69),IF(ISNUMBER(T68),IF(T69>T68,1.0,IF(T69=T68,0.5,0.0)),0.5),0.5) | X69: =IF(ISNUMBER(T69),IF(ISNUMBER(T70),IF(T69>T70,1.0,IF(T69=T70,0.5,0.0)),0.5),0.5) | Y69: =IF(AND(ISNUMBER(S69),ISNUMBER(S68)),VLOOKUP(ABS(S69-S68),'IMP Table'!$A$2:$C$26,3)*SIGN(S69-S68),0) | Z69: =IF(AND(ISNUMBER(S69),ISNUMBER(S70)),VLOOKUP(ABS(S69-S70),'IMP Table'!$A$2:$C$26,3)*SIGN(S69-S70),0) | AA69: =IF(AND(ISNUMBER(T69),ISNUMBER(T68)),VLOOKUP(ABS(T69-T68),'IMP Table'!$A$2:$C$26,3)*SIGN(T69-T68),0) | AB69: =IF(AND(ISNUMBER(T69),ISNUMBER(T70)),VLOOKUP(ABS(T69-T70),'IMP Table'!$A$2:$C$26,3)*SIGN(T69-T70),0)
B70: ='By Round'!A39 | C70: ='By Round'!B45 | D70: ='By Round'!C45 | E70: ='By Round'!D45 | F70: =IF(ISBLANK('By Round'!F46),"",'By Round'!F46) | G70: =IF(ISBLANK('By Round'!G46),"",'By Round'!G46) | H70: =IF(ISBLANK('By Round'!H46),"",'By Round'!H46) | I70: =IF(ISBLANK('By Round'!I46),"",'By Round'!I46) | J70: =IF(ISBLANK('By Round'!J46),"",'By Round'!J46) | K70: =IF(ISBLANK('By Round'!K46),"",'By Round'!K46) | L70: =IF(ISBLANK('By Round'!L46),"",'By Round'!L46) | M70: =AVERAGE(Y70:Z70) | N70: =AVERAGE(AA70:AB70) | O70: =IF(COUNT(U70:V70)>0,Q70/COUNT(U70:V70),0.5) | P70: =IF(COUNT(W70:X70)>0,R70/COUNT(W70:X70),0.5) | Q70: =SUM(U70:V70) | R70: =SUM(W70:X70) | S70: =IF(ISNUMBER(K70),K70,IF(ISNUMBER(L70),-L70,"")) | T70: =IF(ISNUMBER(L70),L70,IF(ISNUMBER(K70),-K70,"")) | U70: =IF(ISNUMBER(S70),IF(ISNUMBER(S68),IF(S70>S68,1.0,IF(S70=S68,0.5,0.0)),0.5),0.5) | V70: =IF(ISNUMBER(S70),IF(ISNUMBER(S69),IF(S70>S69,1.0,IF(S70=S69,0.5,0.0)),0.5),0.5) | W70: =IF(ISNUMBER(T70),IF(ISNUMBER(T68),IF(T70>T68,1.0,IF(T70=T68,0.5,0.0)),0.5),0.5) | X70: =IF(ISNUMBER(T70),IF(ISNUMBER(T69),IF(T70>T69,1.0,IF(T70=T69,0.5,0.0)),0.5),0.5) | Y70: =IF(AND(ISNUMBER(S70),ISNUMBER(S68)),VLOOKUP(ABS(S70-S68),'IMP Table'!$A$2:$C$26,3)*SIGN(S70-S68),0) | Z70: =IF(AND(ISNUMBER(S70),ISNUMBER(S69)),VLOOKUP(ABS(S70-S69),'IMP Table'!$A$2:$C$26,3)*SIGN(S70-S69),0) | AA70: =IF(AND(ISNUMBER(T70),ISNUMBER(T68)),VLOOKUP(ABS(T70-T68),'IMP Table'!$A$2:$C$26,3)*SIGN(T70-T68),0) | AB70: =IF(AND(ISNUMBER(T70),ISNUMBER(T69)),VLOOKUP(ABS(T70-T69),'IMP Table'!$A$2:$C$26,3)*SIGN(T70-T69),0)
A71: 18 | B71: ='By Round'!A63 | C71: ='By Round'!B63 | D71: ='By Round'!C63 | E71: ='By Round'!D63 | F71: =IF(ISBLANK('By Round'!F65),"",'By Round'!F65) | G71: =IF(ISBLANK('By Round'!G65),"",'By Round'!G65) | H71: =IF(ISBLANK('By Round'!H65),"",'By Round'!H65) | I71: =IF(ISBLANK('By Round'!I65),"",'By Round'!I65) | J71: =IF(ISBLANK('By Round'!J65),"",'By Round'!J65) | K71: =IF(ISBLANK('By Round'!K65),"",'By Round'!K65) | L71: =IF(ISBLANK('By Round'!L65),"",'By Round'!L65) | M71: =IF(ISBLANK('By Round'!M65),"",'By Round'!M65) | ... X71: =IF(ISBLANK('By Round'!X65),"",'By Round'!X65)
B72: ='By Round'!A15 | C72: ='By Round'!B24 | D72: ='By Round'!C24 | E72: ='By Round'!D24 | F72: =IF(ISBLANK('By Round'!F26),"",'By Round'!F26) | G72: =IF(ISBLANK('By Round'!G26),"",'By Round'!G26) | H72: =IF(ISBLANK('By Round'!H26),"",'By Round'!H26) | I72: =IF(ISBLANK('By Round'!I26),"",'By Round'!I26) | J72: =IF(ISBLANK('By Round'!J26),"",'By Round'!J26) | K72: =IF(ISBLANK('By Round'!K26),"",'By Round'!K26) | L72: =IF(ISBLANK('By Round'!L26),"",'By Round'!L26) | M72: =AVERAGE(Y72:Z72) | N72: =AVERAGE(AA72:AB72) | O72: =IF(COUNT(U72:V72)>0,Q72/COUNT(U72:V72),0.5) | P72: =IF(COUNT(W72:X72)>0,R72/COUNT(W72:X72),0.5) | Q72: =SUM(U72:V72) | R72: =SUM(W72:X72) | S72: =IF(ISNUMBER(K72),K72,IF(ISNUMBER(L72),-L72,"")) | T72: =IF(ISNUMBER(L72),L72,IF(ISNUMBER(K72),-K72,"")) | U72: =IF(ISNUMBER(S72),IF(ISNUMBER(S73),IF(S72>S73,1.0,IF(S72=S73,0.5,0.0)),0.5),0.5) | V72: =IF(ISNUMBER(S72),IF(ISNUMBER(S74),IF(S72>S74,1.0,IF(S72=S74,0.5,0.0)),0.5),0.5) | W72: =IF(ISNUMBER(T72),IF(ISNUMBER(T73),IF(T72>T73,1.0,IF(T72=T73,0.5,0.0)),0.5),0.5) | X72: =IF(ISNUMBER(T72),IF(ISNUMBER(T74),IF(T72>T74,1.0,IF(T72=T74,0.5,0.0)),0.5),0.5) | Y72: =IF(AND(ISNUMBER(S72),ISNUMBER(S73)),VLOOKUP(ABS(S72-S73),'IMP Table'!$A$2:$C$26,3)*SIGN(S72-S73),0) | Z72: =IF(AND(ISNUMBER(S72),ISNUMBER(S74)),VLOOKUP(ABS(S72-S74),'IMP Table'!$A$2:$C$26,3)*SIGN(S72-S74),0) | AA72: =IF(AND(ISNUMBER(T72),ISNUMBER(T73)),VLOOKUP(ABS(T72-T73),'IMP Table'!$A$2:$C$26,3)*SIGN(T72-T73),0) | AB72: =IF(AND(ISNUMBER(T72),ISNUMBER(T74)),VLOOKUP(ABS(T72-T74),'IMP Table'!$A$2:$C$26,3)*SIGN(T72-T74),0)
B73: ='By Round'!A51 | C73: ='By Round'!B54 | D73: ='By Round'!C54 | E73: ='By Round'!D54 | F73: =IF(ISBLANK('By Round'!F56),"",'By Round'!F56) | G73: =IF(ISBLANK('By Round'!G56),"",'By Round'!G56) | H73: =IF(ISBLANK('By Round'!H56),"",'By Round'!H56) | I73: =IF(ISBLANK('By Round'!I56),"",'By Round'!I56) | J73: =IF(ISBLANK('By Round'!J56),"",'By Round'!J56) | K73: =IF(ISBLANK('By Round'!K56),"",'By Round'!K56) | L73: =IF(ISBLANK('By Round'!L56),"",'By Round'!L56) | M73: =AVERAGE(Y73:Z73) | N73: =AVERAGE(AA73:AB73) | O73: =IF(COUNT(U73:V73)>0,Q73/COUNT(U73:V73),0.5) | P73: =IF(COUNT(W73:X73)>0,R73/COUNT(W73:X73),0.5) | Q73: =SUM(U73:V73) | R73: =SUM(W73:X73) | S73: =IF(ISNUMBER(K73),K73,IF(ISNUMBER(L73),-L73,"")) | T73: =IF(ISNUMBER(L73),L73,IF(ISNUMBER(K73),-K73,"")) | U73: =IF(ISNUMBER(S73),IF(ISNUMBER(S72),IF(S73>S72,1.0,IF(S73=S72,0.5,0.0)),0.5),0.5) | V73: =IF(ISNUMBER(S73),IF(ISNUMBER(S74),IF(S73>S74,1.0,IF(S73=S74,0.5,0.0)),0.5),0.5) | W73: =IF(ISNUMBER(T73),IF(ISNUMBER(T72),IF(T73>T72,1.0,IF(T73=T72,0.5,0.0)),0.5),0.5) | X73: =IF(ISNUMBER(T73),IF(ISNUMBER(T74),IF(T73>T74,1.0,IF(T73=T74,0.5,0.0)),0.5),0.5) | Y73: =IF(AND(ISNUMBER(S73),ISNUMBER(S72)),VLOOKUP(ABS(S73-S72),'IMP Table'!$A$2:$C$26,3)*SIGN(S73-S72),0) | Z73: =IF(AND(ISNUMBER(S73),ISNUMBER(S74)),VLOOKUP(ABS(S73-S74),'IMP Table'!$A$2:$C$26,3)*SIGN(S73-S74),0) | AA73: =IF(AND(ISNUMBER(T73),ISNUMBER(T72)),VLOOKUP(ABS(T73-T72),'IMP Table'!$A$2:$C$26,3)*SIGN(T73-T72),0) | AB73: =IF(AND(ISNUMBER(T73),ISNUMBER(T74)),VLOOKUP(ABS(T73-T74),'IMP Table'!$A$2:$C$26,3)*SIGN(T73-T74),0)
B74: ='By Round'!A39 | C74: ='By Round'!B45 | D74: ='By Round'!C45 | E74: ='By Round'!D45 | F74: =IF(ISBLANK('By Round'!F47),"",'By Round'!F47) | G74: =IF(ISBLANK('By Round'!G47),"",'By Round'!G47) | H74: =IF(ISBLANK('By Round'!H47),"",'By Round'!H47) | I74: =IF(ISBLANK('By Round'!I47),"",'By Round'!I47) | J74: =IF(ISBLANK('By Round'!J47),"",'By Round'!J47) | K74: =IF(ISBLANK('By Round'!K47),"",'By Round'!K47) | L74: =IF(ISBLANK('By Round'!L47),"",'By Round'!L47) | M74: =AVERAGE(Y74:Z74) | N74: =AVERAGE(AA74:AB74) | O74: =IF(COUNT(U74:V74)>0,Q74/COUNT(U74:V74),0.5) | P74: =IF(COUNT(W74:X74)>0,R74/COUNT(W74:X74),0.5) | Q74: =SUM(U74:V74) | R74: =SUM(W74:X74) | S74: =IF(ISNUMBER(K74),K74,IF(ISNUMBER(L74),-L74,"")) | T74: =IF(ISNUMBER(L74),L74,IF(ISNUMBER(K74),-K74,"")) | U74: =IF(ISNUMBER(S74),IF(ISNUMBER(S72),IF(S74>S72,1.0,IF(S74=S72,0.5,0.0)),0.5),0.5) | V74: =IF(ISNUMBER(S74),IF(ISNUMBER(S73),IF(S74>S73,1.0,IF(S74=S73,0.5,0.0)),0.5),0.5) | W74: =IF(ISNUMBER(T74),IF(ISNUMBER(T72),IF(T74>T72,1.0,IF(T74=T72,0.5,0.0)),0.5),0.5) | X74: =IF(ISNUMBER(T74),IF(ISNUMBER(T73),IF(T74>T73,1.0,IF(T74=T73,0.5,0.0)),0.5),0.5) | Y74: =IF(AND(ISNUMBER(S74),ISNUMBER(S72)),VLOOKUP(ABS(S74-S72),'IMP Table'!$A$2:$C$26,3)*SIGN(S74-S72),0) | Z74: =IF(AND(ISNUMBER(S74),ISNUMBER(S73)),VLOOKUP(ABS(S74-S73),'IMP Table'!$A$2:$C$26,3)*SIGN(S74-S73),0) | AA74: =IF(AND(ISNUMBER(T74),ISNUMBER(T72)),VLOOKUP(ABS(T74-T72),'IMP Table'!$A$2:$C$26,3)*SIGN(T74-T72),0) | AB74: =IF(AND(ISNUMBER(T74),ISNUMBER(T73)),VLOOKUP(ABS(T74-T73),'IMP Table'!$A$2:$C$26,3)*SIGN(T74-T73),0)
A75: 19 | B75: ='By Round'!A75 | C75: ='By Round'!B75 | D75: ='By Round'!C75 | E75: ='By Round'!D75 | F75: =IF(ISBLANK('By Round'!F75),"",'By Round'!F75) | G75: =IF(ISBLANK('By Round'!G75),"",'By Round'!G75) | H75: =IF(ISBLANK('By Round'!H75),"",'By Round'!H75) | I75: =IF(ISBLANK('By Round'!I75),"",'By Round'!I75) | J75: =IF(ISBLANK('By Round'!J75),"",'By Round'!J75) | K75: =IF(ISBLANK('By Round'!K75),"",'By Round'!K75) | L75: =IF(ISBLANK('By Round'!L75),"",'By Round'!L75) | M75: =IF(ISBLANK('By Round'!M75),"",'By Round'!M75) | ... X75: =IF(ISBLANK('By Round'!X75),"",'By Round'!X75)
B76: ='By Round'!A51 | C76: ='By Round'!B57 | D76: ='By Round'!C57 | E76: ='By Round'!D57 | F76: =IF(ISBLANK('By Round'!F57),"",'By Round'!F57) | G76: =IF(ISBLANK('By Round'!G57),"",'By Round'!G57) | H76: =IF(ISBLANK('By Round'!H57),"",'By Round'!H57) | I76: =IF(ISBLANK('By Round'!I57),"",'By Round'!I57) | J76: =IF(ISBLANK('By Round'!J57),"",'By Round'!J57) | K76: =IF(ISBLANK('By Round'!K57),"",'By Round'!K57) | L76: =IF(ISBLANK('By Round'!L57),"",'By Round'!L57) | M76: =AVERAGE(Y76:Z76) | N76: =AVERAGE(AA76:AB76) | O76: =IF(COUNT(U76:V76)>0,Q76/COUNT(U76:V76),0.5) | P76: =IF(COUNT(W76:X76)>0,R76/COUNT(W76:X76),0.5) | Q76: =SUM(U76:V76) | R76: =SUM(W76:X76) | S76: =IF(ISNUMBER(K76),K76,IF(ISNUMBER(L76),-L76,"")) | T76: =IF(ISNUMBER(L76),L76,IF(ISNUMBER(K76),-K76,"")) | U76: =IF(ISNUMBER(S76),IF(ISNUMBER(S77),IF(S76>S77,1.0,IF(S76=S77,0.5,0.0)),0.5),0.5) | V76: =IF(ISNUMBER(S76),IF(ISNUMBER(S78),IF(S76>S78,1.0,IF(S76=S78,0.5,0.0)),0.5),0.5) | W76: =IF(ISNUMBER(T76),IF(ISNUMBER(T77),IF(T76>T77,1.0,IF(T76=T77,0.5,0.0)),0.5),0.5) | X76: =IF(ISNUMBER(T76),IF(ISNUMBER(T78),IF(T76>T78,1.0,IF(T76=T78,0.5,0.0)),0.5),0.5) | Y76: =IF(AND(ISNUMBER(S76),ISNUMBER(S77)),VLOOKUP(ABS(S76-S77),'IMP Table'!$A$2:$C$26,3)*SIGN(S76-S77),0) | Z76: =IF(AND(ISNUMBER(S76),ISNUMBER(S78)),VLOOKUP(ABS(S76-S78),'IMP Table'!$A$2:$C$26,3)*SIGN(S76-S78),0) | AA76: =IF(AND(ISNUMBER(T76),ISNUMBER(T77)),VLOOKUP(ABS(T76-T77),'IMP Table'!$A$2:$C$26,3)*SIGN(T76-T77),0) | AB76: =IF(AND(ISNUMBER(T76),ISNUMBER(T78)),VLOOKUP(ABS(T76-T78),'IMP Table'!$A$2:$C$26,3)*SIGN(T76-T78),0)
B77: ='By Round'!A27 | C77: ='By Round'!B36 | D77: ='By Round'!C36 | E77: ='By Round'!D36 | F77: =IF(ISBLANK('By Round'!F36),"",'By Round'!F36) | G77: =IF(ISBLANK('By Round'!G36),"",'By Round'!G36) | H77: =IF(ISBLANK('By Round'!H36),"",'By Round'!H36) | I77: =IF(ISBLANK('By Round'!I36),"",'By Round'!I36) | J77: =IF(ISBLANK('By Round'!J36),"",'By Round'!J36) | K77: =IF(ISBLANK('By Round'!K36),"",'By Round'!K36) | L77: =IF(ISBLANK('By Round'!L36),"",'By Round'!L36) | M77: =AVERAGE(Y77:Z77) | N77: =AVERAGE(AA77:AB77) | O77: =IF(COUNT(U77:V77)>0,Q77/COUNT(U77:V77),0.5) | P77: =IF(COUNT(W77:X77)>0,R77/COUNT(W77:X77),0.5) | Q77: =SUM(U77:V77) | R77: =SUM(W77:X77) | S77: =IF(ISNUMBER(K77),K77,IF(ISNUMBER(L77),-L77,"")) | T77: =IF(ISNUMBER(L77),L77,IF(ISNUMBER(K77),-K77,"")) | U77: =IF(ISNUMBER(S77),IF(ISNUMBER(S76),IF(S77>S76,1.0,IF(S77=S76,0.5,0.0)),0.5),0.5) | V77: =IF(ISNUMBER(S77),IF(ISNUMBER(S78),IF(S77>S78,1.0,IF(S77=S78,0.5,0.0)),0.5),0.5) | W77: =IF(ISNUMBER(T77),IF(ISNUMBER(T76),IF(T77>T76,1.0,IF(T77=T76,0.5,0.0)),0.5),0.5) | X77: =IF(ISNUMBER(T77),IF(ISNUMBER(T78),IF(T77>T78,1.0,IF(T77=T78,0.5,0.0)),0.5),0.5) | Y77: =IF(AND(ISNUMBER(S77),ISNUMBER(S76)),VLOOKUP(ABS(S77-S76),'IMP Table'!$A$2:$C$26,3)*SIGN(S77-S76),0) | Z77: =IF(AND(ISNUMBER(S77),ISNUMBER(S78)),VLOOKUP(ABS(S77-S78),'IMP Table'!$A$2:$C$26,3)*SIGN(S77-S78),0) | AA77: =IF(AND(ISNUMBER(T77),ISNUMBER(T76)),VLOOKUP(ABS(T77-T76),'IMP Table'!$A$2:$C$26,3)*SIGN(T77-T76),0) | AB77: =IF(AND(ISNUMBER(T77),ISNUMBER(T78)),VLOOKUP(ABS(T77-T78),'IMP Table'!$A$2:$C$26,3)*SIGN(T77-T78),0)
B78: ='By Round'!A63 | C78: ='By Round'!B66 | D78: ='By Round'!C66 | E78: ='By Round'!D66 | F78: =IF(ISBLANK('By Round'!F66),"",'By Round'!F66) | G78: =IF(ISBLANK('By Round'!G66),"",'By Round'!G66) | H78: =IF(ISBLANK('By Round'!H66),"",'By Round'!H66) | I78: =IF(ISBLANK('By Round'!I66),"",'By Round'!I66) | J78: =IF(ISBLANK('By Round'!J66),"",'By Round'!J66) | K78: =IF(ISBLANK('By Round'!K66),"",'By Round'!K66) | L78: =IF(ISBLANK('By Round'!L66),"",'By Round'!L66) | M78: =AVERAGE(Y78:Z78) | N78: =AVERAGE(AA78:AB78) | O78: =IF(COUNT(U78:V78)>0,Q78/COUNT(U78:V78),0.5) | P78: =IF(COUNT(W78:X78)>0,R78/COUNT(W78:X78),0.5) | Q78: =SUM(U78:V78) | R78: =SUM(W78:X78) | S78: =IF(ISNUMBER(K78),K78,IF(ISNUMBER(L78),-L78,"")) | T78: =IF(ISNUMBER(L78),L78,IF(ISNUMBER(K78),-K78,"")) | U78: =IF(ISNUMBER(S78),IF(ISNUMBER(S76),IF(S78>S76,1.0,IF(S78=S76,0.5,0.0)),0.5),0.5) | V78: =IF(ISNUMBER(S78),IF(ISNUMBER(S77),IF(S78>S77,1.0,IF(S78=S77,0.5,0.0)),0.5),0.5) | W78: =IF(ISNUMBER(T78),IF(ISNUMBER(T76),IF(T78>T76,1.0,IF(T78=T76,0.5,0.0)),0.5),0.5) | X78: =IF(ISNUMBER(T78),IF(ISNUMBER(T77),IF(T78>T77,1.0,IF(T78=T77,0.5,0.0)),0.5),0.5) | Y78: =IF(AND(ISNUMBER(S78),ISNUMBER(S76)),VLOOKUP(ABS(S78-S76),'IMP Table'!$A$2:$C$26,3)*SIGN(S78-S76),0) | Z78: =IF(AND(ISNUMBER(S78),ISNUMBER(S77)),VLOOKUP(ABS(S78-S77),'IMP Table'!$A$2:$C$26,3)*SIGN(S78-S77),0) | AA78: =IF(AND(ISNUMBER(T78),ISNUMBER(T76)),VLOOKUP(ABS(T78-T76),'IMP Table'!$A$2:$C$26,3)*SIGN(T78-T76),0) | AB78: =IF(AND(ISNUMBER(T78),ISNUMBER(T77)),VLOOKUP(ABS(T78-T77),'IMP Table'!$A$2:$C$26,3)*SIGN(T78-T77),0)
A79: 20 | B79: ='By Round'!A75 | C79: ='By Round'!B75 | D79: ='By Round'!C75 | E79: ='By Round'!D75 | F79: =IF(ISBLANK('By Round'!F76),"",'By Round'!F76) | G79: =IF(ISBLANK('By Round'!G76),"",'By Round'!G76) | H79: =IF(ISBLANK('By Round'!H76),"",'By Round'!H76) | I79: =IF(ISBLANK('By Round'!I76),"",'By Round'!I76) | J79: =IF(ISBLANK('By Round'!J76),"",'By Round'!J76) | K79: =IF(ISBLANK('By Round'!K76),"",'By Round'!K76) | L79: =IF(ISBLANK('By Round'!L76),"",'By Round'!L76) | M79: =IF(ISBLANK('By Round'!M76),"",'By Round'!M76) | ... X79: =IF(ISBLANK('By Round'!X76),"",'By Round'!X76)
B80: ='By Round'!A51 | C80: ='By Round'!B57 | D80: ='By Round'!C57 | E80: ='By Round'!D57 | F80: =IF(ISBLANK('By Round'!F58),"",'By Round'!F58) | G80: =IF(ISBLANK('By Round'!G58),"",'By Round'!G58) | H80: =IF(ISBLANK('By Round'!H58),"",'By Round'!H58) | I80: =IF(ISBLANK('By Round'!I58),"",'By Round'!I58) | J80: =IF(ISBLANK('By Round'!J58),"",'By Round'!J58) | K80: =IF(ISBLANK('By Round'!K58),"",'By Round'!K58) | L80: =IF(ISBLANK('By Round'!L58),"",'By Round'!L58) | M80: =AVERAGE(Y80:Z80) | N80: =AVERAGE(AA80:AB80) | O80: =IF(COUNT(U80:V80)>0,Q80/COUNT(U80:V80),0.5) | P80: =IF(COUNT(W80:X80)>0,R80/COUNT(W80:X80),0.5) | Q80: =SUM(U80:V80) | R80: =SUM(W80:X80) | S80: =IF(ISNUMBER(K80),K80,IF(ISNUMBER(L80),-L80,"")) | T80: =IF(ISNUMBER(L80),L80,IF(ISNUMBER(K80),-K80,"")) | U80: =IF(ISNUMBER(S80),IF(ISNUMBER(S81),IF(S80>S81,1.0,IF(S80=S81,0.5,0.0)),0.5),0.5) | V80: =IF(ISNUMBER(S80),IF(ISNUMBER(S82),IF(S80>S82,1.0,IF(S80=S82,0.5,0.0)),0.5),0.5) | W80: =IF(ISNUMBER(T80),IF(ISNUMBER(T81),IF(T80>T81,1.0,IF(T80=T81,0.5,0.0)),0.5),0.5) | X80: =IF(ISNUMBER(T80),IF(ISNUMBER(T82),IF(T80>T82,1.0,IF(T80=T82,0.5,0.0)),0.5),0.5) | Y80: =IF(AND(ISNUMBER(S80),ISNUMBER(S81)),VLOOKUP(ABS(S80-S81),'IMP Table'!$A$2:$C$26,3)*SIGN(S80-S81),0) | Z80: =IF(AND(ISNUMBER(S80),ISNUMBER(S82)),VLOOKUP(ABS(S80-S82),'IMP Table'!$A$2:$C$26,3)*SIGN(S80-S82),0) | AA80: =IF(AND(ISNUMBER(T80),ISNUMBER(T81)),VLOOKUP(ABS(T80-T81),'IMP Table'!$A$2:$C$26,3)*SIGN(T80-T81),0) | AB80: =IF(AND(ISNUMBER(T80),ISNUMBER(T82)),VLOOKUP(ABS(T80-T82),'IMP Table'!$A$2:$C$26,3)*SIGN(T80-T82),0)
B81: ='By Round'!A27 | C81: ='By Round'!B36 | D81: ='By Round'!C36 | E81: ='By Round'!D36 | F81: =IF(ISBLANK('By Round'!F37),"",'By Round'!F37) | G81: =IF(ISBLANK('By Round'!G37),"",'By Round'!G37) | H81: =IF(ISBLANK('By Round'!H37),"",'By Round'!H37) | I81: =IF(ISBLANK('By Round'!I37),"",'By Round'!I37) | J81: =IF(ISBLANK('By Round'!J37),"",'By Round'!J37) | K81: =IF(ISBLANK('By Round'!K37),"",'By Round'!K37) | L81: =IF(ISBLANK('By Round'!L37),"",'By Round'!L37) | M81: =AVERAGE(Y81:Z81) | N81: =AVERAGE(AA81:AB81) | O81: =IF(COUNT(U81:V81)>0,Q81/COUNT(U81:V81),0.5) | P81: =IF(COUNT(W81:X81)>0,R81/COUNT(W81:X81),0.5) | Q81: =SUM(U81:V81) | R81: =SUM(W81:X81) | S81: =IF(ISNUMBER(K81),K81,IF(ISNUMBER(L81),-L81,"")) | T81: =IF(ISNUMBER(L81),L81,IF(ISNUMBER(K81),-K81,"")) | U81: =IF(ISNUMBER(S81),IF(ISNUMBER(S80),IF(S81>S80,1.0,IF(S81=S80,0.5,0.0)),0.5),0.5) | V81: =IF(ISNUMBER(S81),IF(ISNUMBER(S82),IF(S81>S82,1.0,IF(S81=S82,0.5,0.0)),0.5),0.5) | W81: =IF(ISNUMBER(T81),IF(ISNUMBER(T80),IF(T81>T80,1.0,IF(T81=T80,0.5,0.0)),0.5),0.5) | X81: =IF(ISNUMBER(T81),IF(ISNUMBER(T82),IF(T81>T82,1.0,IF(T81=T82,0.5,0.0)),0.5),0.5) | Y81: =IF(AND(ISNUMBER(S81),ISNUMBER(S80)),VLOOKUP(ABS(S81-S80),'IMP Table'!$A$2:$C$26,3)*SIGN(S81-S80),0) | Z81: =IF(AND(ISNUMBER(S81),ISNUMBER(S82)),VLOOKUP(ABS(S81-S82),'IMP Table'!$A$2:$C$26,3)*SIGN(S81-S82),0) | AA81: =IF(AND(ISNUMBER(T81),ISNUMBER(T80)),VLOOKUP(ABS(T81-T80),'IMP Table'!$A$2:$C$26,3)*SIGN(T81-T80),0) | AB81: =IF(AND(ISNUMBER(T81),ISNUMBER(T82)),VLOOKUP(ABS(T81-T82),'IMP Table'!$A$2:$C$26,3)*SIGN(T81-T82),0)
B82: ='By Round'!A63 | C82: ='By Round'!B66 | D82: ='By Round'!C66 | E82: ='By Round'!D66 | F82: =IF(ISBLANK('By Round'!F67),"",'By Round'!F67) | G82: =IF(ISBLANK('By Round'!G67),"",'By Round'!G67) | H82: =IF(ISBLANK('By Round'!H67),"",'By Round'!H67) | I82: =IF(ISBLANK('By Round'!I67),"",'By Round'!I67) | J82: =IF(ISBLANK('By Round'!J67),"",'By Round'!J67) | K82: =IF(ISBLANK('By Round'!K67),"",'By Round'!K67) | L82: =IF(ISBLANK('By Round'!L67),"",'By Round'!L67) | M82: =AVERAGE(Y82:Z82) | N82: =AVERAGE(AA82:AB82) | O82: =IF(COUNT(U82:V82)>0,Q82/COUNT(U82:V82),0.5) | P82: =IF(COUNT(W82:X82)>0,R82/COUNT(W82:X82),0.5) | Q82: =SUM(U82:V82) | R82: =SUM(W82:X82) | S82: =IF(ISNUMBER(K82),K82,IF(ISNUMBER(L82),-L82,"")) | T82: =IF(ISNUMBER(L82),L82,IF(ISNUMBER(K82),-K82,"")) | U82: =IF(ISNUMBER(S82),IF(ISNUMBER(S80),IF(S82>S80,1.0,IF(S82=S80,0.5,0.0)),0.5),0.5) | V82: =IF(ISNUMBER(S82),IF(ISNUMBER(S81),IF(S82>S81,1.0,IF(S82=S81,0.5,0.0)),0.5),0.5) | W82: =IF(ISNUMBER(T82),IF(ISNUMBER(T80),IF(T82>T80,1.0,IF(T82=T80,0.5,0.0)),0.5),0.5) | X82: =IF(ISNUMBER(T82),IF(ISNUMBER(T81),IF(T82>T81,1.0,IF(T82=T81,0.5,0.0)),0.5),0.5) | Y82: =IF(AND(ISNUMBER(S82),ISNUMBER(S80)),VLOOKUP(ABS(S82-S80),'IMP Table'!$A$2:$C$26,3)*SIGN(S82-S80),0) | Z82: =IF(AND(ISNUMBER(S82),ISNUMBER(S81)),VLOOKUP(ABS(S82-S81),'IMP Table'!$A$2:$C$26,3)*SIGN(S82-S81),0) | AA82: =IF(AND(ISNUMBER(T82),ISNUMBER(T80)),VLOOKUP(ABS(T82-T80),'IMP Table'!$A$2:$C$26,3)*SIGN(T82-T80),0) | AB82: =IF(AND(ISNUMBER(T82),ISNUMBER(T81)),VLOOKUP(ABS(T82-T81),'IMP Table'!$A$2:$C$26,3)*SIGN(T82-T81),0)
A83: 21 | B83: ='By Round'!A75 | C83: ='By Round'!B75 | D83: ='By Round'!C75 | E83: ='By Round'!D75 | F83: =IF(ISBLANK('By Round'!F77),"",'By Round'!F77) | G83: =IF(ISBLANK('By Round'!G77),"",'By Round'!G77) | H83: =IF(ISBLANK('By Round'!H77),"",'By Round'!H77) | I83: =IF(ISBLANK('By Round'!I77),"",'By Round'!I77) | J83: =IF(ISBLANK('By Round'!J77),"",'By Round'!J77) | K83: =IF(ISBLANK('By Round'!K77),"",'By Round'!K77) | L83: =IF(ISBLANK('By Round'!L77),"",'By Round'!L77) | M83: =IF(ISBLANK('By Round'!M77),"",'By Round'!M77) | ... X83: =IF(ISBLANK('By Round'!X77),"",'By Round'!X77)
B84: ='By Round'!A51 | C84: ='By Round'!B57 | D84: ='By Round'!C57 | E84: ='By Round'!D57 | F84: =IF(ISBLANK('By Round'!F59),"",'By Round'!F59) | G84: =IF(ISBLANK('By Round'!G59),"",'By Round'!G59) | H84: =IF(ISBLANK('By Round'!H59),"",'By Round'!H59) | I84: =IF(ISBLANK('By Round'!I59),"",'By Round'!I59) | J84: =IF(ISBLANK('By Round'!J59),"",'By Round'!J59) | K84: =IF(ISBLANK('By Round'!K59),"",'By Round'!K59) | L84: =IF(ISBLANK('By Round'!L59),"",'By Round'!L59) | M84: =AVERAGE(Y84:Z84) | N84: =AVERAGE(AA84:AB84) | O84: =IF(COUNT(U84:V84)>0,Q84/COUNT(U84:V84),0.5) | P84: =IF(COUNT(W84:X84)>0,R84/COUNT(W84:X84),0.5) | Q84: =SUM(U84:V84) | R84: =SUM(W84:X84) | S84: =IF(ISNUMBER(K84),K84,IF(ISNUMBER(L84),-L84,"")) | T84: =IF(ISNUMBER(L84),L84,IF(ISNUMBER(K84),-K84,"")) | U84: =IF(ISNUMBER(S84),IF(ISNUMBER(S85),IF(S84>S85,1.0,IF(S84=S85,0.5,0.0)),0.5),0.5) | V84: =IF(ISNUMBER(S84),IF(ISNUMBER(S86),IF(S84>S86,1.0,IF(S84=S86,0.5,0.0)),0.5),0.5) | W84: =IF(ISNUMBER(T84),IF(ISNUMBER(T85),IF(T84>T85,1.0,IF(T84=T85,0.5,0.0)),0.5),0.5) | X84: =IF(ISNUMBER(T84),IF(ISNUMBER(T86),IF(T84>T86,1.0,IF(T84=T86,0.5,0.0)),0.5),0.5) | Y84: =IF(AND(ISNUMBER(S84),ISNUMBER(S85)),VLOOKUP(ABS(S84-S85),'IMP Table'!$A$2:$C$26,3)*SIGN(S84-S85),0) | Z84: =IF(AND(ISNUMBER(S84),ISNUMBER(S86)),VLOOKUP(ABS(S84-S86),'IMP Table'!$A$2:$C$26,3)*SIGN(S84-S86),0) | AA84: =IF(AND(ISNUMBER(T84),ISNUMBER(T85)),VLOOKUP(ABS(T84-T85),'IMP Table'!$A$2:$C$26,3)*SIGN(T84-T85),0) | AB84: =IF(AND(ISNUMBER(T84),ISNUMBER(T86)),VLOOKUP(ABS(T84-T86),'IMP Table'!$A$2:$C$26,3)*SIGN(T84-T86),0)
B85: ='By Round'!A27 | C85: ='By Round'!B36 | D85: ='By Round'!C36 | E85: ='By Round'!D36 | F85: =IF(ISBLANK('By Round'!F38),"",'By Round'!F38) | G85: =IF(ISBLANK('By Round'!G38),"",'By Round'!G38) | H85: =IF(ISBLANK('By Round'!H38),"",'By Round'!H38) | I85: =IF(ISBLANK('By Round'!I38),"",'By Round'!I38) | J85: =IF(ISBLANK('By Round'!J38),"",'By Round'!J38) | K85: =IF(ISBLANK('By Round'!K38),"",'By Round'!K38) | L85: =IF(ISBLANK('By Round'!L38),"",'By Round'!L38) | M85: =AVERAGE(Y85:Z85) | N85: =AVERAGE(AA85:AB85) | O85: =IF(COUNT(U85:V85)>0,Q85/COUNT(U85:V85),0.5) | P85: =IF(COUNT(W85:X85)>0,R85/COUNT(W85:X85),0.5) | Q85: =SUM(U85:V85) | R85: =SUM(W85:X85) | S85: =IF(ISNUMBER(K85),K85,IF(ISNUMBER(L85),-L85,"")) | T85: =IF(ISNUMBER(L85),L85,IF(ISNUMBER(K85),-K85,"")) | U85: =IF(ISNUMBER(S85),IF(ISNUMBER(S84),IF(S85>S84,1.0,IF(S85=S84,0.5,0.0)),0.5),0.5) | V85: =IF(ISNUMBER(S85),IF(ISNUMBER(S86),IF(S85>S86,1.0,IF(S85=S86,0.5,0.0)),0.5),0.5) | W85: =IF(ISNUMBER(T85),IF(ISNUMBER(T84),IF(T85>T84,1.0,IF(T85=T84,0.5,0.0)),0.5),0.5) | X85: =IF(ISNUMBER(T85),IF(ISNUMBER(T86),IF(T85>T86,1.0,IF(T85=T86,0.5,0.0)),0.5),0.5) | Y85: =IF(AND(ISNUMBER(S85),ISNUMBER(S84)),VLOOKUP(ABS(S85-S84),'IMP Table'!$A$2:$C$26,3)*SIGN(S85-S84),0) | Z85: =IF(AND(ISNUMBER(S85),ISNUMBER(S86)),VLOOKUP(ABS(S85-S86),'IMP Table'!$A$2:$C$26,3)*SIGN(S85-S86),0) | AA85: =IF(AND(ISNUMBER(T85),ISNUMBER(T84)),VLOOKUP(ABS(T85-T84),'IMP Table'!$A$2:$C$26,3)*SIGN(T85-T84),0) | AB85: =IF(AND(ISNUMBER(T85),ISNUMBER(T86)),VLOOKUP(ABS(T85-T86),'IMP Table'!$A$2:$C$26,3)*SIGN(T85-T86),0)
B86: ='By Round'!A63 | C86: ='By Round'!B66 | D86: ='By Round'!C66 | E86: ='By Round'!D66 | F86: =IF(ISBLANK('By Round'!F68),"",'By Round'!F68) | G86: =IF(ISBLANK('By Round'!G68),"",'By Round'!G68) | H86: =IF(ISBLANK('By Round'!H68),"",'By Round'!H68) | I86: =IF(ISBLANK('By Round'!I68),"",'By Round'!I68) | J86: =IF(ISBLANK('By Round'!J68),"",'By Round'!J68) | K86: =IF(ISBLANK('By Round'!K68),"",'By Round'!K68) | L86: =IF(ISBLANK('By Round'!L68),"",'By Round'!L68) | M86: =AVERAGE(Y86:Z86) | N86: =AVERAGE(AA86:AB86) | O86: =IF(COUNT(U86:V86)>0,Q86/COUNT(U86:V86),0.5) | P86: =IF(COUNT(W86:X86)>0,R86/COUNT(W86:X86),0.5) | Q86: =SUM(U86:V86) | R86: =SUM(W86:X86) | S86: =IF(ISNUMBER(K86),K86,IF(ISNUMBER(L86),-L86,"")) | T86: =IF(ISNUMBER(L86),L86,IF(ISNUMBER(K86),-K86,"")) | U86: =IF(ISNUMBER(S86),IF(ISNUMBER(S84),IF(S86>S84,1.0,IF(S86=S84,0.5,0.0)),0.5),0.5) | V86: =IF(ISNUMBER(S86),IF(ISNUMBER(S85),IF(S86>S85,1.0,IF(S86=S85,0.5,0.0)),0.5),0.5) | W86: =IF(ISNUMBER(T86),IF(ISNUMBER(T84),IF(T86>T84,1.0,IF(T86=T84,0.5,0.0)),0.5),0.5) | X86: =IF(ISNUMBER(T86),IF(ISNUMBER(T85),IF(T86>T85,1.0,IF(T86=T85,0.5,0.0)),0.5),0.5) | Y86: =IF(AND(ISNUMBER(S86),ISNUMBER(S84)),VLOOKUP(ABS(S86-S84),'IMP Table'!$A$2:$C$26,3)*SIGN(S86-S84),0) | Z86: =IF(AND(ISNUMBER(S86),ISNUMBER(S85)),VLOOKUP(ABS(S86-S85),'IMP Table'!$A$2:$C$26,3)*SIGN(S86-S85),0) | AA86: =IF(AND(ISNUMBER(T86),ISNUMBER(T84)),VLOOKUP(ABS(T86-T84),'IMP Table'!$A$2:$C$26,3)*SIGN(T86-T84),0) | AB86: =IF(AND(ISNUMBER(T86),ISNUMBER(T85)),VLOOKUP(ABS(T86-T85),'IMP Table'!$A$2:$C$26,3)*SIGN(T86-T85),0)

Sheet By Round
I1: Result | K1: Score
A2: Round | B2: Table | C2: NS | D2: EW | E2: Board | F2: Vul | G2: Contract | H2: By | I2: Made | J2: Down | K2: NS | L2: EW
A3: 1 | B3: 1 | C3: Sit-Out | D3: 1 | E3: 1 | F3: None
E4: 2 | F4: NS
E5: 3 | F5: EW
B6: 2 | C6: 6 | D6: 5 | E6: 4 | F6: Both
E7: 5 | F7: NS
E8: 6 | F8: EW
B9: 3 | C9: 4 | D9: 2 | E9: 7 | F9: Both
E10: 8 | F10: None
E11: 9 | F11: EW
B12: 4 | C12: 7 | D12: 3 | E12: 13 | F12: Both
E13: 14 | F13: None
E14: 15 | F14: NS
A15: 2 | B15: 1 | C15: Sit-Out | D15: 2 | E15: 4 | F15: Both
E16: 5 | F16: NS
E17: 6 | F17: EW
B18: 2 | C18: 7 | D18: 6 | E18: 7 | F18: Both
E19: 8 | F19: None
E20: 9 | F20: EW
B21: 3 | C21: 5 | D21: 3 | E21: 10 | F21: Both
E22: 11 | F22: None
E23: 12 | F23: NS
B24: 4 | C24: 1 | D24: 4 | E24: 16 | F24: EW
E25: 17 | F25: None
E26: 18 | F26: NS
A27: 3 | B27: 1 | C27: Sit-Out | D27: 3 | E27: 7 | F27: Both
E28: 8 | F28: None
E29: 9 | F29: EW
B30: 2 | C30: 1 | D30: 7 | E30: 10 | F30: Both
E31: 11 | F31: None
E32: 12 | F32: NS
B33: 3 | C33: 6 | D33: 4 | E33: 13 | F33: Both
E34: 14 | F34: None
E35: 15 | F35: NS
B36: 4 | C36: 2 | D36: 5 | E36: 19 | F36: EW
E37: 20 | F37: Both
E38: 21 | F38: NS
A39: 4 | B39: 1 | C39: Sit-Out | D39: 4 | E39: 10 | F39: Both
E40: 11 | F40: None
E41: 12 | F41: NS
B42: 2 | C42: 2 | D42: 1 | E42: 13 | F42: Both
E43: 14 | F43: None
E44: 15 | F44: NS
B45: 3 | C45: 7 | D45: 5 | E45: 16 | F45: EW
E46: 17 | F46: None
E47: 18 | F47: NS
B48: 4 | C48: 3 | D48: 6 | E48: 1 | F48: None
E49: 2 | F49: NS
E50: 3 | F50: EW
A51: 5 | B51: 1 | C51: Sit-Out | D51: 5 | E51: 13 | F51: Both
E52: 14 | F52: None
E53: 15 | F53: NS
B54: 2 | C54: 3 | D54: 2 | E54: 16 | F54: EW
E55: 17 | F55: None
E56: 18 | F56: NS
B57: 3 | C57: 1 | D57: 6 | E57: 19 | F57: EW
E58: 20 | F58: Both
E59: 21 | F59: NS
B60: 4 | C60: 4 | D60: 7 | E60: 4 | F60: Both
E61: 5 | F61: NS
E62: 6 | F62: EW
A63: 6 | B63: 1 | C63: Sit-Out | D63: 6 | E63: 16 | F63: EW
E64: 17 | F64: None
E65: 18 | F65: NS
B66: 2 | C66: 4 | D66: 3 | E66: 19 | F66: EW
E67: 20 | F67: Both
E68: 21 | F68: NS
B69: 3 | C69: 2 | D69: 7 | E69: 1 | F69: None
E70: 2 | F70: NS
E71: 3 | F71: EW
B72: 4 | C72: 5 | D72: 1 | E72: 7 | F72: Both
E73: 8 | F73: None
E74: 9 | F74: EW
A75: 7 | B75: 1 | C75: Sit-Out | D75: 7 | E75: 19 | F75: EW
E76: 20 | F76: Both
E77: 21 | F77: NS
B78: 2 | C78: 5 | D78: 4 | E78: 1 | F78: None
E79: 2 | F79: NS
E80: 3 | F80: EW
B81: 3 | C81: 3 | D81: 1 | E81: 4 | F81: Both
E82: 5 | F82: NS
E83: 6 | F83: EW
B84: 4 | C84: 6 | D84: 2 | E84: 10 | F84: Both
E85: 11 | F85: None
E86: 12 | F86: NS

Sheet IMP Table
A1: From | B1: To | C1: IMP
A2: 0 | B2: 10 | C2: 0
A3: 20 | B3: 40 | C3: 1
A4: 50 | B4: 80 | C4: 2
A5: 90 | B5: 120 | C5: 3
A6: 130 | B6: 160 | C6: 4
A7: 170 | B7: 210 | C7: 5
A8: 220 | B8: 260 | C8: 6
A9: 270 | B9: 310 | C9: 7
A10: 320 | B10: 360 | C10: 8
A11: 370 | B11: 420 | C11: 9
A12: 430 | B12: 490 | C12: 10
A13: 500 | B13: 590 | C13: 11
... A26: 4000 | B26: 10000 | C26: 24

Sheet Scoring Table
C1: Not Vulnerable | F1: Vulnerable | K1: Not Vulnerable | N1: Vulnerable
A2: Contract | B2: Made | D2: X | E2: XX | G2: X | H2: XX | J2: Down by | L2: X | M2: XX | O2: X | P2: XX
A3: 1 D/C | B3: 1 | C3: 70 | D3: 140 | E3: 230 | F3: 70 | G3: 140 | H3: 230 | J3: -1 | K3: -50 | L3: -100 | M3: =L3*2 | N3: -100 | O3: -200 | P3: =O3*2
B4: 2 | C4: 90 | D4: 240 | E4: 430 | F4: 90 | G4: 340 | H4: 630 | J4: -2 | K4: =K3-50 | L4: =L3-200 | M4: =L4*2 | N4: =N3-100 | O4: =O3-300 | P4: =O4*2
B5: 3 | C5: 110 | D5: 340 | E5: 630 | F5: 110 | G5: 540 | H5: 1030 | J5: -3 | K5: =K4-50 | L5: =L4-200 | M5: =L5*2 | N5: =N4-100 | O5: =O4-300 | P5: =O5*2
B6: 4 | C6: 130 | D6: 440 | E6: 830 | F6: 130 | G6: 740 | H6: 1430 | J6: -4 | K6: =K5-50 | L6: =L5-300 | M6: =L6*2 | N6: =N5-100 | O6: =O5-300 | P6: =O6*2
B7: 5 | C7: 150 | D7: 540 | E7: 1030 | F7: 150 | G7: 940 | H7: 1830 | J7: -5 | K7: =K6-50 | L7: =L6-300 | M7: =L7*2 | N7: =N6-100 | O7: =O6-300 | P7: =O7*2
B8: 6 | C8: 170 | D8: 640 | E8: 1230 | F8: 170 | G8: 1140 | H8: 2230 | J8: -6 | K8: =K7-50 | L8: =L7-300 | M8: =L8*2 | N8: =N7-100 | O8: =O7-300 | P8: =O8*2
B9: 7 | C9: 190 | D9: 740 | E9: 1430 | F9: 190 | G9: 1340 | H9: 2630 | J9: -7 | K9: =K8-50 | L9: =L8-300 | M9: =L9*2 | N9: =N8-100 | O9: =O8-300 | P9: =O9*2
A10: 1 H/S | B10: 1 | C10: 80 | D10: 160 | E10: 520 | F10: 80 | G10: 160 | H10: 720 | J10: -8 | K10: =K9-50 | L10: =L9-300 | M10: =L10*2 | N10: =N9-100 | O10: =O9-300 | P10: =O10*2
B11: 2 | C11: 110 | D11: 260 | E11: 720 | F11: 110 | G11: 360 | H11: 1120 | J11: -9 | K11: =K10-50 | L11: =L10-300 | M11: =L11*2 | N11: =N10-100 | O11: =O10-300 | P11: =O11*2
B12: 3 | C12: 140 | D12: 360 | E12: 920 | F12: 140 | G12: 560 | H12: 1520 | J12: -10 | K12: =K11-50 | L12: =L11-300 | M12: =L12*2 | N12: =N11-100 | O12: =O11-300 | P12: =O12*2
B13: 4 | C13: 170 | D13: 460 | E13: 1120 | F13: 170 | G13: 760 | H13: 1920 | J13: -11 | K13: =K12-50 | L13: =L12-300 | M13: =L13*2 | N13: =N12-100 | O13: =O12-300 | P13: =O13*2
B14: 5 | C14: 200 | D14: 560 | E14: 1320 | F14: 200 | G14: 960 | H14: 2320 | J14: -12 | K14: =K13-50 | L14: =L13-300 | M14: =L14*2 | N14: =N13-100 | O14: =O13-300 | P14: =O14*2
B15: 6 | C15: 230 | D15: 660 | E15: 1520 | F15: 230 | G15: 1160 | H15: 2720 | J15: -13 | K15: =K14-50 | L15: =L14-300 | M15: =L15*2 | N15: =N14-100 | O15: =O14-300 | P15: =O15*2
B16: 7 | C16: 260 | D16: 760 | E16: 1720 | F16: 260 | G16: 1360 | H16: 3120
A17: 1 NT | B17: 1 | C17: 90 | D17: 180 | E17: 560 | F17: 90 | G17: 180 | H17: 760
B18: 2 | C18: 120 | D18: 280 | E18: 760 | F18: 120 | G18: 380 | H18: 1160
B19: 3 | C19: 150 | D19: 380 | E19: 960 | F19: 150 | G19: 580 | H19: 1560
B20: 4 | C20: 180 | D20: 480 | E20: 1160 | F20: 180 | G20: 780 | H20: 1960
B21: 5 | C21: 210 | D21: 580 | E21: 1360 | F21: 210 | G21: 980 | H21: 2360
B22: 6 | C22: 240 | D22: 680 | E22: 1560 | F22: 240 | G22: 1180 | H22: 2760
B23: 7 | C23: 270 | D23: 780 | E23: 1760 | F23: 270 | G23: 1380 | H23: 3160
A24: 2 D/C | B24: 2 | C24: 90 | D24: 180 | E24: 560 | F24: 90 | G24: 180 | H24: 760
B25: 3 | C25: 110 | D25: 280 | E25: 760 | F25: 110 | G25: 380 | H25: 1160
B26: 4 | C26: 130 | D26: 380 | E26: 960 | F26: 130 | G26: 580 | H26: 1560
B27: 5 | C27: 150 | D27: 480 | E27: 1160 | F27: 150 | G27: 780 | H27: 1960
B28: 6 | C28: 170 | D28: 580 | E28: 1360 | F28: 170 | G28: 980 | H28: 2360
B29: 7 | C29: 190 | D29: 680 | E29: 1560 | F29: 190 | G29: 1180 | H29: 2760
A30: 2 H/S | B30: 2 | C30: 110 | D30: 470 | E30: 640 | F30: 110 | G30: 670 | H30: 840
B31: 3 | C31: 140 | D31: 570 | E31: 840 | F31: 140 | G31: 870 | H31: 1240
B32: 4 | C32: 170 | D32: 670 | E32: 1040 | F32: 170 | G32: 1070 | H32: 1640
B33: 5 | C33: 200 | D33: 770 | E33: 1240 | F33: 200 | G33: 1270 | H33: 2040
B34: 6 | C34: 230 | D34: 870 | E34: 1440 | F34: 230 | G34: 1470 | H34: 2440
B35: 7 | C35: 260 | D35: 970 | E35: 1640 | F35: 260 | G35: 1670 | H35: 2840
A36: 2 NT | B36: 2 | C36: 120 | D36: 490 | E36: 680 | F36: 120 | G36: 690 | H36: 880
B37: 3 | C37: 150 | D37: 590 | E37: 880 | F37: 150 | G37: 890 | H37: 1280
B38: 4 | C38: 180 | D38: 690 | E38: 1080 | F38: 180 | G38: 1090 | H38: 1680
B39: 5 | C39: 210 | D39: 790 | E39: 1280 | F39: 210 | G39: 1290 | H39: 2080
B40: 6 | C40: 240 | D40: 890 | E40: 1480 | F40: 240 | G40: 1490 | H40: 2480
B41: 7 | C41: 270 | D41: 990 | E41: 1680 | F41: 270 | G41: 1690 | H41: 2880
A42: 3 D/C | B42: 3 | C42: 110 | D42: 470 | E42: 640 | F42: 110 | G42: 670 | H42: 840
B43: 4 | C43: 130 | D43: 570 | E43: 840 | F43: 130 | G43: 870 | H43: 1240
B44: 5 | C44: 150 | D44: 670 | E44: 1040 | F44: 150 | G44: 1070 | H44: 1640
B45: 6 | C45: 170 | D45: 770 | E45: 1240 | F45: 170 | G45: 1270 | H45: 2040
B46: 7 | C46: 190 | D46: 870 | E46: 1440 | F46: 190 | G46: 1470 | H46: 2440
A47: 3 H/S | B47: 3 | C47: 140 | D47: 530 | E47: 760 | F47: 140 | G47: 730 | H47: 960
B48: 4 | C48: 170 | D48: 630 | E48: 960 | F48: 170 | G48: 930 | H48: 1360
B49: 5 | C49: 200 | D49: 730 | E49: 1160 | F49: 200 | G49: 1130 | H49: 1760
B50: 6 | C50: 230 | D50: 830 | E50: 1360 | F50: 230 | G50: 1330 | H50: 2160
B51: 7 | C51: 260 | D51: 930 | E51: 1560 | F51: 260 | G51: 1530 | H51: 2560
A52: 3 NT | B52: 3 | C52: 400 | D52: 550 | E52: 800 | F52: 600 | G52: 750 | H52: 1000
B53: 4 | C53: 430 | D53: 650 | E53: 1000 | F53: 630 | G53: 950 | H53: 1400
B54: 5 | C54: 460 | D54: 750 | E54: 1200 | F54: 660 | G54: 1150 | H54: 1800
B55: 6 | C55: 490 | D55: 850 | E55: 1400 | F55: 690 | G55: 1350 | H55: 2200
B56: 7 | C56: 520 | D56: 950 | E56: 1600 | F56: 720 | G56: 1550 | H56: 2600
A57: 4 D/C | B57: 4 | C57: 130 | D57: 510 | E57: 720 | F57: 130 | G57: 710 | H57: 920
B58: 5 | C58: 150 | D58: 610 | E58: 920 | F58: 150 | G58: 910 | H58: 1320
B59: 6 | C59: 170 | D59: 710 | E59: 1120 | F59: 170 | G59: 1110 | H59: 1720
B60: 7 | C60: 190 | D60: 810 | E60: 1320 | F60: 190 | G60: 1310 | H60: 2120
A61: 4 H/S | B61: 4 | C61: 420 | D61: 590 | E61: 880 | F61: 620 | G61: 790 | H61: 1080
B62: 5 | C62: 450 | D62: 690 | E62: 1080 | F62: 650 | G62: 990 | H62: 1480
B63: 6 | C63: 480 | D63: 790 | E63: 1280 | F63: 680 | G63: 1190 | H63: 1880
B64: 7 | C64: 510 | D64: 890 | E64: 1480 | F64: 710 | G64: 1390 | H64: 2280
A65: 4 NT | B65: 4 | C65: 430 | D65: 610 | E65: 920 | F65: 630 | G65: 810 | H65: 1120
B66: 5 | C66: 460 | D66: 710 | E66: 1120 | F66: 660 | G66: 1010 | H66: 1520
B67: 6 | C67: 490 | D67: 810 | E67: 1320 | F67: 690 | G67: 1210 | H67: 1920
B68: 7 | C68: 520 | D68: 910 | E68: 1520 | F68: 720 | G68: 1410 | H68: 2320
A69: 5 D/C | B69: 5 | C69: 400 | D69: 550 | E69: 800 | F69: 600 | G69: 750 | H69: 1000
B70: 6 | C70: 420 | D70: 650 | E70: 1000 | F70: 620 | G70: 950 | H70: 1400
B71: 7 | C71: 440 | D71: 750 | E71: 1200 | F71: 640 | G71: 1150 | H71: 1800
A72: 5 H/S | B72: 5 | C72: 450 | D72: 650 | E72: 1000 | F72: 650 | G72: 850 | H72: 1200
B73: 6 | C73: 480 | D73: 750 | E73: 1200 | F73: 680 | G73: 1050 | H73: 1600
B74: 7 | C74: 510 | D74: 850 | E74: 1400 | F74: 710 | G74: 1250 | H74: 2000
A75: 5 NT | B75: 5 | C75: 460 | D75: 670 | E75: 1040 | F75: 660 | G75: 870 | H75: 1240
B76: 6 | C76: 490 | D76: 770 | E76: 1240 | F76: 690 | G76: 1070 | H76: 1640
B77: 7 | C77: 520 | D77: 870 | E77: 1440 | F77: 720 | G77: 1270 | H77: 2040
A78: 6 D/C | B78: 6 | C78: 920 | D78: 1090 | E78: 1380 | F78: 1370 | G78: 1540 | H78: 1830
B79: 7 | C79: 940 | D79: 1190 | E79: 1580 | F79: 1390 | G79: 1740 | H79: 2230
A80: 6 H/S | B80: 6 | C80: 980 | D80: 1210 | E80: 1620 | F80: 1430 | G80: 1660 | H80: 2070
B81: 7 | C81: 1010 | D81: 1310 | E81: 1820 | F81: 1460 | G81: 1860 | H81: 2470
A82: 6 NT | B82: 6 | C82: 990 | D82: 1230 | E82: 1660 | F82: 1440 | G82: 1680 | H82: 2110
B83: 7 | C83: 1020 | D83: 1330 | E83: 1860 | F83: 1470 | G83: 1880 | H83: 2510
A84: 7 D/C | B84: 7 | C84: 1440 | D84: 1630 | E84: 1960 | F84: 2140 | G84: 2330 | H84: 2660
A85: 7 H/S | B85: 7 | C85: 1510 | D85: 1770 | E85: 2240 | F85: 2210 | G85: 2470 | H85: 2940
A86: 7 NT | B86: 7 | C86: 1520 | D86: 1790 | E86: 2280 | F86: 2220 | G86: 2490 | H86: 2980
